/*
SQLyog Ultimate v12.12 (64 bit)
MySQL - 5.6.17 : Database - ecom_zafril
*********************************************************************
*/

/*!40101 SET NAMES utf8 */;

/*!40101 SET SQL_MODE=''*/;

/*!40014 SET @OLD_UNIQUE_CHECKS=@@UNIQUE_CHECKS, UNIQUE_CHECKS=0 */;
/*!40014 SET @OLD_FOREIGN_KEY_CHECKS=@@FOREIGN_KEY_CHECKS, FOREIGN_KEY_CHECKS=0 */;
/*!40101 SET @OLD_SQL_MODE=@@SQL_MODE, SQL_MODE='NO_AUTO_VALUE_ON_ZERO' */;
/*!40111 SET @OLD_SQL_NOTES=@@SQL_NOTES, SQL_NOTES=0 */;
CREATE DATABASE /*!32312 IF NOT EXISTS*/`ecom_zafril` /*!40100 DEFAULT CHARACTER SET latin1 */;

USE `ecom_zafril`;

/*Table structure for table `_bank` */

DROP TABLE IF EXISTS `_bank`;

CREATE TABLE `_bank` (
  `id` int(10) unsigned NOT NULL AUTO_INCREMENT,
  `b_name` varchar(128) NOT NULL,
  `b_swift` varchar(8) DEFAULT NULL,
  `b_priority` tinyint(3) unsigned NOT NULL DEFAULT '50',
  `b_remarks` text,
  PRIMARY KEY (`id`),
  UNIQUE KEY `b_name` (`b_name`)
) ENGINE=InnoDB DEFAULT CHARSET=latin1;

/*Data for the table `_bank` */

LOCK TABLES `_bank` WRITE;

UNLOCK TABLES;

/*Table structure for table `_country` */

DROP TABLE IF EXISTS `_country`;

CREATE TABLE `_country` (
  `id` int(10) unsigned NOT NULL AUTO_INCREMENT,
  `name` varchar(64) NOT NULL,
  `short_name` varchar(3) DEFAULT NULL,
  `currency` varbinary(64) DEFAULT NULL,
  `currency_sign` varchar(4) DEFAULT NULL,
  `c_trash` tinyint(1) unsigned NOT NULL DEFAULT '0',
  PRIMARY KEY (`id`)
) ENGINE=InnoDB AUTO_INCREMENT=254 DEFAULT CHARSET=latin1;

/*Data for the table `_country` */

LOCK TABLES `_country` WRITE;

insert  into `_country`(`id`,`name`,`short_name`,`currency`,`currency_sign`,`c_trash`) values (1,'Afghanistan',NULL,NULL,NULL,0),(2,'Albania',NULL,NULL,NULL,0),(3,'Algeria',NULL,NULL,NULL,0),(4,'American Samoa',NULL,NULL,NULL,0),(5,'Angola',NULL,NULL,NULL,0),(6,'Anguilla',NULL,NULL,NULL,0),(7,'Antartica',NULL,NULL,NULL,0),(8,'Antigua and Barbuda',NULL,NULL,NULL,0),(9,'Argentina',NULL,NULL,NULL,0),(10,'Armenia',NULL,NULL,NULL,0),(11,'Aruba',NULL,NULL,NULL,0),(12,'Ashmore and Cartier Island',NULL,NULL,NULL,0),(13,'Australia',NULL,NULL,NULL,0),(14,'Austria',NULL,NULL,NULL,0),(15,'Azerbaijan',NULL,NULL,NULL,0),(16,'Bahamas',NULL,NULL,NULL,0),(17,'Bahrain',NULL,NULL,NULL,0),(18,'Bangladesh',NULL,NULL,NULL,0),(19,'Barbados',NULL,NULL,NULL,0),(20,'Belarus',NULL,NULL,NULL,0),(21,'Belgium',NULL,NULL,NULL,0),(22,'Belize',NULL,NULL,NULL,0),(23,'Benin',NULL,NULL,NULL,0),(24,'Bermuda',NULL,NULL,NULL,0),(25,'Bhutan',NULL,NULL,NULL,0),(26,'Bolivia',NULL,NULL,NULL,0),(27,'Bosnia and Herzegovina',NULL,NULL,NULL,0),(28,'Botswana',NULL,NULL,NULL,0),(29,'Brazil',NULL,NULL,NULL,0),(30,'British Virgin Islands',NULL,NULL,NULL,0),(31,'Brunei',NULL,NULL,NULL,0),(32,'Bulgaria',NULL,NULL,NULL,0),(33,'Burkina Faso',NULL,NULL,NULL,0),(34,'Burma',NULL,NULL,NULL,0),(35,'Burundi',NULL,NULL,NULL,0),(36,'Cambodia',NULL,NULL,NULL,0),(37,'Cameroon',NULL,NULL,NULL,0),(38,'Canada',NULL,NULL,NULL,0),(39,'Cape Verde',NULL,NULL,NULL,0),(40,'Cayman Islands',NULL,NULL,NULL,0),(41,'Central African Republic',NULL,NULL,NULL,0),(42,'Chad',NULL,NULL,NULL,0),(43,'Chile',NULL,NULL,NULL,0),(44,'China',NULL,NULL,NULL,0),(45,'Christmas Island',NULL,NULL,NULL,0),(46,'Clipperton Island',NULL,NULL,NULL,0),(47,'Cocos (Keeling) Islands',NULL,NULL,NULL,0),(48,'Colombia',NULL,NULL,NULL,0),(49,'Comoros',NULL,NULL,NULL,0),(50,'Congo, Democratic Republic of the',NULL,NULL,NULL,0),(51,'Congo, Republic of the',NULL,NULL,NULL,0),(52,'Cook Islands',NULL,NULL,NULL,0),(53,'Costa Rica',NULL,NULL,NULL,0),(54,'Cote d\'voire',NULL,NULL,NULL,0),(55,'Croatia',NULL,NULL,NULL,0),(56,'Cuba',NULL,NULL,NULL,0),(57,'Cyprus',NULL,NULL,NULL,0),(58,'Czeck Republic',NULL,NULL,NULL,0),(59,'Denmark',NULL,NULL,NULL,0),(60,'Djibouti',NULL,NULL,NULL,0),(61,'Dominica',NULL,NULL,NULL,0),(62,'Dominican Republic',NULL,NULL,NULL,0),(63,'Ecuador',NULL,NULL,NULL,0),(64,'Egypt',NULL,NULL,NULL,0),(65,'El Salvador',NULL,NULL,NULL,0),(66,'Equatorial Guinea',NULL,NULL,NULL,0),(67,'Eritrea',NULL,NULL,NULL,0),(68,'Estonia',NULL,NULL,NULL,0),(69,'Ethiopia',NULL,NULL,NULL,0),(70,'Europa Island',NULL,NULL,NULL,0),(71,'Falkland Islands (Islas Malvinas)',NULL,NULL,NULL,0),(72,'Faroe Islands',NULL,NULL,NULL,0),(73,'Fiji',NULL,NULL,NULL,0),(74,'Finland',NULL,NULL,NULL,0),(75,'France',NULL,NULL,NULL,0),(76,'French Guiana',NULL,NULL,NULL,0),(77,'French Polynesia',NULL,NULL,NULL,0),(78,'French Southern and Antarctic Lands',NULL,NULL,NULL,0),(79,'Gabon',NULL,NULL,NULL,0),(80,'Gambia, The',NULL,NULL,NULL,0),(81,'Gaza Strip',NULL,NULL,NULL,0),(82,'Georgia',NULL,NULL,NULL,0),(83,'Germany',NULL,NULL,NULL,0),(84,'Ghana',NULL,NULL,NULL,0),(85,'Gibraltar',NULL,NULL,NULL,0),(86,'Glorioso Islands',NULL,NULL,NULL,0),(87,'Greece',NULL,NULL,NULL,0),(88,'Greenland',NULL,NULL,NULL,0),(89,'Grenada',NULL,NULL,NULL,0),(90,'Guadeloupe',NULL,NULL,NULL,0),(91,'Guam',NULL,NULL,NULL,0),(92,'Guatemala',NULL,NULL,NULL,0),(93,'Guernsey',NULL,NULL,NULL,0),(94,'Guinea',NULL,NULL,NULL,0),(95,'Guinea-Bissau',NULL,NULL,NULL,0),(96,'Guyana',NULL,NULL,NULL,0),(97,'Haiti',NULL,NULL,NULL,0),(98,'Heard Island and McDonald Islands',NULL,NULL,NULL,0),(99,'Holy See (Vatican City)',NULL,NULL,NULL,0),(100,'Honduras',NULL,NULL,NULL,0),(101,'Hong Kong',NULL,NULL,NULL,0),(102,'Howland Island',NULL,NULL,NULL,0),(103,'Hungary',NULL,NULL,NULL,0),(104,'Iceland',NULL,NULL,NULL,0),(105,'India',NULL,NULL,NULL,0),(106,'Indonesia',NULL,NULL,NULL,0),(107,'Iran',NULL,NULL,NULL,0),(108,'Iraq',NULL,NULL,NULL,0),(109,'Ireland',NULL,NULL,NULL,0),(110,'Ireland, Northern',NULL,NULL,NULL,0),(111,'Israel',NULL,NULL,NULL,0),(112,'Italy',NULL,NULL,NULL,0),(113,'Jamaica',NULL,NULL,NULL,0),(114,'Jan Mayen',NULL,NULL,NULL,0),(115,'Japan',NULL,NULL,NULL,0),(116,'Jarvis Island',NULL,NULL,NULL,0),(117,'Jersey',NULL,NULL,NULL,0),(118,'Johnston Atoll',NULL,NULL,NULL,0),(119,'Jordan',NULL,NULL,NULL,0),(120,'Juan de Nova Island',NULL,NULL,NULL,0),(121,'Kazakhstan',NULL,NULL,NULL,0),(122,'Kenya',NULL,NULL,NULL,0),(123,'Kiribati',NULL,NULL,NULL,0),(124,'Korea, North',NULL,NULL,NULL,0),(125,'Korea, South',NULL,NULL,NULL,0),(126,'Kuwait',NULL,NULL,NULL,0),(127,'Kyrgyzstan',NULL,NULL,NULL,0),(128,'Laos',NULL,NULL,NULL,0),(129,'Latvia',NULL,NULL,NULL,0),(130,'Lebanon',NULL,NULL,NULL,0),(131,'Lesotho',NULL,NULL,NULL,0),(132,'Liberia',NULL,NULL,NULL,0),(133,'Libya',NULL,NULL,NULL,0),(134,'Liechtenstein',NULL,NULL,NULL,0),(135,'Lithuania',NULL,NULL,NULL,0),(136,'Luxembourg',NULL,NULL,NULL,0),(137,'Macau',NULL,NULL,NULL,0),(138,'Macedonia, Former Yugoslav Republic of',NULL,NULL,NULL,0),(139,'Madagascar',NULL,NULL,NULL,0),(140,'Malawi',NULL,NULL,NULL,0),(141,'Malaysia','MY','Ringgit','RM',0),(142,'Maldives',NULL,NULL,NULL,0),(143,'Mali',NULL,NULL,NULL,0),(144,'Malta',NULL,NULL,NULL,0),(145,'Man, Isle of',NULL,NULL,NULL,0),(146,'Marshall Islands',NULL,NULL,NULL,0),(147,'Martinique',NULL,NULL,NULL,0),(148,'Mauritania',NULL,NULL,NULL,0),(149,'Mauritius',NULL,NULL,NULL,0),(150,'Mayotte',NULL,NULL,NULL,0),(151,'Mexico',NULL,NULL,NULL,0),(152,'Micronesia, Federated States of',NULL,NULL,NULL,0),(153,'Midway Islands',NULL,NULL,NULL,0),(154,'Moldova',NULL,NULL,NULL,0),(155,'Monaco',NULL,NULL,NULL,0),(156,'Mongolia',NULL,NULL,NULL,0),(157,'Montserrat',NULL,NULL,NULL,0),(158,'Morocco',NULL,NULL,NULL,0),(159,'Mozambique',NULL,NULL,NULL,0),(160,'Namibia',NULL,NULL,NULL,0),(161,'Nauru',NULL,NULL,NULL,0),(162,'Nepal',NULL,NULL,NULL,0),(163,'Netherlands',NULL,NULL,NULL,0),(164,'Netherlands Antilles',NULL,NULL,NULL,0),(165,'New Caledonia',NULL,NULL,NULL,0),(166,'New Zealand',NULL,NULL,NULL,0),(167,'Nicaragua',NULL,NULL,NULL,0),(168,'Niger',NULL,NULL,NULL,0),(169,'Nigeria',NULL,NULL,NULL,0),(170,'Niue',NULL,NULL,NULL,0),(171,'Norfolk Island',NULL,NULL,NULL,0),(172,'Northern Mariana Islands',NULL,NULL,NULL,0),(173,'Norway',NULL,NULL,NULL,0),(174,'Oman',NULL,NULL,NULL,0),(175,'Pakistan',NULL,NULL,NULL,0),(176,'Palau',NULL,NULL,NULL,0),(177,'Panama',NULL,NULL,NULL,0),(178,'Papua New Guinea',NULL,NULL,NULL,0),(179,'Paraguay',NULL,NULL,NULL,0),(180,'Peru',NULL,NULL,NULL,0),(181,'Philippines',NULL,NULL,NULL,0),(182,'Pitcaim Islands',NULL,NULL,NULL,0),(183,'Poland',NULL,NULL,NULL,0),(184,'Portugal',NULL,NULL,NULL,0),(185,'Puerto Rico',NULL,NULL,NULL,0),(186,'Qatar',NULL,NULL,NULL,0),(187,'Reunion',NULL,NULL,NULL,0),(188,'Romainia',NULL,NULL,NULL,0),(189,'Russia',NULL,NULL,NULL,0),(190,'Rwanda',NULL,NULL,NULL,0),(191,'Saint Helena',NULL,NULL,NULL,0),(192,'Saint Kitts and Nevis',NULL,NULL,NULL,0),(193,'Saint Lucia',NULL,NULL,NULL,0),(194,'Saint Pierre and Miquelon',NULL,NULL,NULL,0),(195,'Saint Vincent and the Grenadines',NULL,NULL,NULL,0),(196,'Samoa',NULL,NULL,NULL,0),(197,'San Marino',NULL,NULL,NULL,0),(198,'Sao Tome and Principe',NULL,NULL,NULL,0),(199,'Saudi Arabia',NULL,NULL,NULL,0),(200,'Scotland',NULL,NULL,NULL,0),(201,'Senegal',NULL,NULL,NULL,0),(202,'Seychelles',NULL,NULL,NULL,0),(203,'Sierra Leone',NULL,NULL,NULL,0),(204,'Singapore',NULL,NULL,NULL,0),(205,'Slovakia',NULL,NULL,NULL,0),(206,'Slovenia',NULL,NULL,NULL,0),(207,'Solomon Islands',NULL,NULL,NULL,0),(208,'Somalia',NULL,NULL,NULL,0),(209,'South Africa',NULL,NULL,NULL,0),(210,'South Georgia and South Sandwich Islands',NULL,NULL,NULL,0),(211,'Spain',NULL,NULL,NULL,0),(212,'Spratly Islands',NULL,NULL,NULL,0),(213,'Sri Lanka',NULL,NULL,NULL,0),(214,'Sudan',NULL,NULL,NULL,0),(215,'Suriname',NULL,NULL,NULL,0),(216,'Svalbard',NULL,NULL,NULL,0),(217,'Swaziland',NULL,NULL,NULL,0),(218,'Sweden',NULL,NULL,NULL,0),(219,'Switzerland',NULL,NULL,NULL,0),(220,'Syria',NULL,NULL,NULL,0),(221,'Taiwan',NULL,NULL,NULL,0),(222,'Tajikistan',NULL,NULL,NULL,0),(223,'Tanzania',NULL,NULL,NULL,0),(224,'Thailand',NULL,NULL,NULL,0),(225,'Tobago',NULL,NULL,NULL,0),(226,'Toga',NULL,NULL,NULL,0),(227,'Tokelau',NULL,NULL,NULL,0),(228,'Tonga',NULL,NULL,NULL,0),(229,'Trinidad',NULL,NULL,NULL,0),(230,'Tunisia',NULL,NULL,NULL,0),(231,'Turkey',NULL,NULL,NULL,0),(232,'Turkmenistan',NULL,NULL,NULL,0),(233,'Tuvalu',NULL,NULL,NULL,0),(234,'Uganda',NULL,NULL,NULL,0),(235,'Ukraine',NULL,NULL,NULL,0),(236,'United Arab Emirates',NULL,NULL,NULL,0),(237,'United Kingdom',NULL,NULL,NULL,0),(238,'Uruguay',NULL,NULL,NULL,0),(239,'USA',NULL,NULL,NULL,0),(240,'Uzbekistan',NULL,NULL,NULL,0),(241,'Vanuatu',NULL,NULL,NULL,0),(242,'Venezuela',NULL,NULL,NULL,0),(243,'Vietnam',NULL,NULL,NULL,0),(244,'Virgin Islands',NULL,NULL,NULL,0),(245,'Wales',NULL,NULL,NULL,0),(246,'Wallis and Futuna',NULL,NULL,NULL,0),(247,'West Bank',NULL,NULL,NULL,0),(248,'Western Sahara',NULL,NULL,NULL,0),(249,'Yemen',NULL,NULL,NULL,0),(250,'Yugoslavia',NULL,NULL,NULL,0),(251,'Zambia',NULL,NULL,NULL,0),(252,'Zimbabwe',NULL,NULL,NULL,0),(253,'yemen 2','33','33','33',1);

UNLOCK TABLES;

/*Table structure for table `_icons` */

DROP TABLE IF EXISTS `_icons`;

CREATE TABLE `_icons` (
  `id` int(10) unsigned NOT NULL AUTO_INCREMENT,
  `theme` varchar(64) NOT NULL,
  `icon` varchar(64) NOT NULL,
  PRIMARY KEY (`id`)
) ENGINE=InnoDB AUTO_INCREMENT=767 DEFAULT CHARSET=latin1;

/*Data for the table `_icons` */

LOCK TABLES `_icons` WRITE;

insert  into `_icons`(`id`,`theme`,`icon`) values (1,'sbadmin2','fa fa-glass'),(2,'sbadmin2','fa fa-music'),(3,'sbadmin2','fa fa-search'),(4,'sbadmin2','fa fa-envelope-o'),(5,'sbadmin2','fa fa-heart'),(6,'sbadmin2','fa fa-star'),(7,'sbadmin2','fa fa-star-o'),(8,'sbadmin2','fa fa-user'),(9,'sbadmin2','fa fa-film'),(10,'sbadmin2','fa fa-th-large'),(11,'sbadmin2','fa fa-th'),(12,'sbadmin2','fa fa-th-list'),(13,'sbadmin2','fa fa-check'),(14,'sbadmin2','fa fa-times'),(15,'sbadmin2','fa fa-search-plus'),(16,'sbadmin2','fa fa-search-minus'),(17,'sbadmin2','fa fa-power-off'),(18,'sbadmin2','fa fa-signal'),(19,'sbadmin2','fa fa-gear'),(20,'sbadmin2','fa fa-cog'),(21,'sbadmin2','fa fa-trash-o'),(22,'sbadmin2','fa fa-home'),(23,'sbadmin2','fa fa-file-o'),(24,'sbadmin2','fa fa-clock-o'),(25,'sbadmin2','fa fa-road'),(26,'sbadmin2','fa fa-download'),(27,'sbadmin2','fa fa-arrow-circle-o-down'),(28,'sbadmin2','fa fa-arrow-circle-o-up'),(29,'sbadmin2','fa fa-inbox'),(30,'sbadmin2','fa fa-play-circle-o'),(31,'sbadmin2','fa fa-rotate-right'),(32,'sbadmin2','fa fa-repeat'),(33,'sbadmin2','fa fa-refresh'),(34,'sbadmin2','fa fa-list-alt'),(35,'sbadmin2','fa fa-lock'),(36,'sbadmin2','fa fa-flag'),(37,'sbadmin2','fa fa-headphones'),(38,'sbadmin2','fa fa-volume-off'),(39,'sbadmin2','fa fa-volume-down'),(40,'sbadmin2','fa fa-volume-up'),(41,'sbadmin2','fa fa-qrcode'),(42,'sbadmin2','fa fa-barcode'),(43,'sbadmin2','fa fa-tag'),(44,'sbadmin2','fa fa-tags'),(45,'sbadmin2','fa fa-book'),(46,'sbadmin2','fa fa-bookmark'),(47,'sbadmin2','fa fa-print'),(48,'sbadmin2','fa fa-camera'),(49,'sbadmin2','fa fa-font'),(50,'sbadmin2','fa fa-bold'),(51,'sbadmin2','fa fa-italic'),(52,'sbadmin2','fa fa-text-height'),(53,'sbadmin2','fa fa-text-width'),(54,'sbadmin2','fa fa-align-left'),(55,'sbadmin2','fa fa-align-center'),(56,'sbadmin2','fa fa-align-right'),(57,'sbadmin2','fa fa-align-justify'),(58,'sbadmin2','fa fa-list'),(59,'sbadmin2','fa fa-dedent'),(60,'sbadmin2','fa fa-outdent'),(61,'sbadmin2','fa fa-indent'),(62,'sbadmin2','fa fa-video-camera'),(63,'sbadmin2','fa fa-photo'),(64,'sbadmin2','fa fa-image'),(65,'sbadmin2','fa fa-picture-o'),(66,'sbadmin2','fa fa-pencil'),(67,'sbadmin2','fa fa-map-marker'),(68,'sbadmin2','fa fa-adjust'),(69,'sbadmin2','fa fa-tint'),(70,'sbadmin2','fa fa-edit'),(71,'sbadmin2','fa fa-pencil-square-o'),(72,'sbadmin2','fa fa-share-square-o'),(73,'sbadmin2','fa fa-check-square-o'),(74,'sbadmin2','fa fa-arrows'),(75,'sbadmin2','fa fa-step-backward'),(76,'sbadmin2','fa fa-fast-backward'),(77,'sbadmin2','fa fa-backward'),(78,'sbadmin2','fa fa-play'),(79,'sbadmin2','fa fa-pause'),(80,'sbadmin2','fa fa-stop'),(81,'sbadmin2','fa fa-forward'),(82,'sbadmin2','fa fa-fast-forward'),(83,'sbadmin2','fa fa-step-forward'),(84,'sbadmin2','fa fa-eject'),(85,'sbadmin2','fa fa-chevron-left'),(86,'sbadmin2','fa fa-chevron-right'),(87,'sbadmin2','fa fa-plus-circle'),(88,'sbadmin2','fa fa-minus-circle'),(89,'sbadmin2','fa fa-times-circle'),(90,'sbadmin2','fa fa-check-circle'),(91,'sbadmin2','fa fa-question-circle'),(92,'sbadmin2','fa fa-info-circle'),(93,'sbadmin2','fa fa-crosshairs'),(94,'sbadmin2','fa fa-times-circle-o'),(95,'sbadmin2','fa fa-check-circle-o'),(96,'sbadmin2','fa fa-ban'),(97,'sbadmin2','fa fa-arrow-left'),(98,'sbadmin2','fa fa-arrow-right'),(99,'sbadmin2','fa fa-arrow-up'),(100,'sbadmin2','fa fa-arrow-down'),(101,'sbadmin2','fa fa-mail-forward'),(102,'sbadmin2','fa fa-share'),(103,'sbadmin2','fa fa-expand'),(104,'sbadmin2','fa fa-compress'),(105,'sbadmin2','fa fa-plus'),(106,'sbadmin2','fa fa-minus'),(107,'sbadmin2','fa fa-asterisk'),(108,'sbadmin2','fa fa-exclamation-circle'),(109,'sbadmin2','fa fa-gift'),(110,'sbadmin2','fa fa-leaf'),(111,'sbadmin2','fa fa-fire'),(112,'sbadmin2','fa fa-eye'),(113,'sbadmin2','fa fa-eye-slash'),(114,'sbadmin2','fa fa-warning'),(115,'sbadmin2','fa fa-exclamation-triangle'),(116,'sbadmin2','fa fa-plane'),(117,'sbadmin2','fa fa-calendar'),(118,'sbadmin2','fa fa-random'),(119,'sbadmin2','fa fa-comment'),(120,'sbadmin2','fa fa-magnet'),(121,'sbadmin2','fa fa-chevron-up'),(122,'sbadmin2','fa fa-chevron-down'),(123,'sbadmin2','fa fa-retweet'),(124,'sbadmin2','fa fa-shopping-cart'),(125,'sbadmin2','fa fa-folder'),(126,'sbadmin2','fa fa-folder-open'),(127,'sbadmin2','fa fa-arrows-v'),(128,'sbadmin2','fa fa-arrows-h'),(129,'sbadmin2','fa fa-bar-chart-o'),(130,'sbadmin2','fa fa-twitter-square'),(131,'sbadmin2','fa fa-facebook-square'),(132,'sbadmin2','fa fa-camera-retro'),(133,'sbadmin2','fa fa-key'),(134,'sbadmin2','fa fa-gears'),(135,'sbadmin2','fa fa-cogs'),(136,'sbadmin2','fa fa-comments'),(137,'sbadmin2','fa fa-thumbs-o-up'),(138,'sbadmin2','fa fa-thumbs-o-down'),(139,'sbadmin2','fa fa-star-half'),(140,'sbadmin2','fa fa-heart-o'),(141,'sbadmin2','fa fa-sign-out'),(142,'sbadmin2','fa fa-linkedin-square'),(143,'sbadmin2','fa fa-thumb-tack'),(144,'sbadmin2','fa fa-external-link'),(145,'sbadmin2','fa fa-sign-in'),(146,'sbadmin2','fa fa-trophy'),(147,'sbadmin2','fa fa-github-square'),(148,'sbadmin2','fa fa-upload'),(149,'sbadmin2','fa fa-lemon-o'),(150,'sbadmin2','fa fa-phone'),(151,'sbadmin2','fa fa-square-o'),(152,'sbadmin2','fa fa-bookmark-o'),(153,'sbadmin2','fa fa-phone-square'),(154,'sbadmin2','fa fa-twitter'),(155,'sbadmin2','fa fa-facebook'),(156,'sbadmin2','fa fa-github'),(157,'sbadmin2','fa fa-unlock'),(158,'sbadmin2','fa fa-credit-card'),(159,'sbadmin2','fa fa-rss'),(160,'sbadmin2','fa fa-hdd-o'),(161,'sbadmin2','fa fa-bullhorn'),(162,'sbadmin2','fa fa-bell'),(163,'sbadmin2','fa fa-certificate'),(164,'sbadmin2','fa fa-hand-o-right'),(165,'sbadmin2','fa fa-hand-o-left'),(166,'sbadmin2','fa fa-hand-o-up'),(167,'sbadmin2','fa fa-hand-o-down'),(168,'sbadmin2','fa fa-arrow-circle-left'),(169,'sbadmin2','fa fa-arrow-circle-right'),(170,'sbadmin2','fa fa-arrow-circle-up'),(171,'sbadmin2','fa fa-arrow-circle-down'),(172,'sbadmin2','fa fa-globe'),(173,'sbadmin2','fa fa-wrench'),(174,'sbadmin2','fa fa-tasks'),(175,'sbadmin2','fa fa-filter'),(176,'sbadmin2','fa fa-briefcase'),(177,'sbadmin2','fa fa-arrows-alt'),(178,'sbadmin2','fa fa-group'),(179,'sbadmin2','fa fa-users'),(180,'sbadmin2','fa fa-chain'),(181,'sbadmin2','fa fa-link'),(182,'sbadmin2','fa fa-cloud'),(183,'sbadmin2','fa fa-flask'),(184,'sbadmin2','fa fa-cut'),(185,'sbadmin2','fa fa-scissors'),(186,'sbadmin2','fa fa-copy'),(187,'sbadmin2','fa fa-files-o'),(188,'sbadmin2','fa fa-paperclip'),(189,'sbadmin2','fa fa-save'),(190,'sbadmin2','fa fa-floppy-o'),(191,'sbadmin2','fa fa-square'),(192,'sbadmin2','fa fa-navicon'),(193,'sbadmin2','fa fa-reorder'),(194,'sbadmin2','fa fa-bars'),(195,'sbadmin2','fa fa-list-ul'),(196,'sbadmin2','fa fa-list-ol'),(197,'sbadmin2','fa fa-strikethrough'),(198,'sbadmin2','fa fa-underline'),(199,'sbadmin2','fa fa-table'),(200,'sbadmin2','fa fa-magic'),(201,'sbadmin2','fa fa-truck'),(202,'sbadmin2','fa fa-pinterest'),(203,'sbadmin2','fa fa-pinterest-square'),(204,'sbadmin2','fa fa-google-plus-square'),(205,'sbadmin2','fa fa-google-plus'),(206,'sbadmin2','fa fa-money'),(207,'sbadmin2','fa fa-caret-down'),(208,'sbadmin2','fa fa-caret-up'),(209,'sbadmin2','fa fa-caret-left'),(210,'sbadmin2','fa fa-caret-right'),(211,'sbadmin2','fa fa-columns'),(212,'sbadmin2','fa fa-unsorted'),(213,'sbadmin2','fa fa-sort'),(214,'sbadmin2','fa fa-sort-down'),(215,'sbadmin2','fa fa-sort-desc'),(216,'sbadmin2','fa fa-sort-up'),(217,'sbadmin2','fa fa-sort-asc'),(218,'sbadmin2','fa fa-envelope'),(219,'sbadmin2','fa fa-linkedin'),(220,'sbadmin2','fa fa-rotate-left'),(221,'sbadmin2','fa fa-undo'),(222,'sbadmin2','fa fa-legal'),(223,'sbadmin2','fa fa-gavel'),(224,'sbadmin2','fa fa-dashboard'),(225,'sbadmin2','fa fa-tachometer'),(226,'sbadmin2','fa fa-comment-o'),(227,'sbadmin2','fa fa-comments-o'),(228,'sbadmin2','fa fa-flash'),(229,'sbadmin2','fa fa-bolt'),(230,'sbadmin2','fa fa-sitemap'),(231,'sbadmin2','fa fa-umbrella'),(232,'sbadmin2','fa fa-paste'),(233,'sbadmin2','fa fa-clipboard'),(234,'sbadmin2','fa fa-lightbulb-o'),(235,'sbadmin2','fa fa-exchange'),(236,'sbadmin2','fa fa-cloud-download'),(237,'sbadmin2','fa fa-cloud-upload'),(238,'sbadmin2','fa fa-user-md'),(239,'sbadmin2','fa fa-stethoscope'),(240,'sbadmin2','fa fa-suitcase'),(241,'sbadmin2','fa fa-bell-o'),(242,'sbadmin2','fa fa-coffee'),(243,'sbadmin2','fa fa-cutlery'),(244,'sbadmin2','fa fa-file-text-o'),(245,'sbadmin2','fa fa-building-o'),(246,'sbadmin2','fa fa-hospital-o'),(247,'sbadmin2','fa fa-ambulance'),(248,'sbadmin2','fa fa-medkit'),(249,'sbadmin2','fa fa-fighter-jet'),(250,'sbadmin2','fa fa-beer'),(251,'sbadmin2','fa fa-h-square'),(252,'sbadmin2','fa fa-plus-square'),(253,'sbadmin2','fa fa-angle-double-left'),(254,'sbadmin2','fa fa-angle-double-right'),(255,'sbadmin2','fa fa-angle-double-up'),(256,'sbadmin2','fa fa-angle-double-down'),(257,'sbadmin2','fa fa-angle-left'),(258,'sbadmin2','fa fa-angle-right'),(259,'sbadmin2','fa fa-angle-up'),(260,'sbadmin2','fa fa-angle-down'),(261,'sbadmin2','fa fa-desktop'),(262,'sbadmin2','fa fa-laptop'),(263,'sbadmin2','fa fa-tablet'),(264,'sbadmin2','fa fa-mobile-phone'),(265,'sbadmin2','fa fa-mobile'),(266,'sbadmin2','fa fa-circle-o'),(267,'sbadmin2','fa fa-quote-left'),(268,'sbadmin2','fa fa-quote-right'),(269,'sbadmin2','fa fa-spinner'),(270,'sbadmin2','fa fa-circle'),(271,'sbadmin2','fa fa-mail-reply'),(272,'sbadmin2','fa fa-reply'),(273,'sbadmin2','fa fa-github-alt'),(274,'sbadmin2','fa fa-folder-o'),(275,'sbadmin2','fa fa-folder-open-o'),(276,'sbadmin2','fa fa-smile-o'),(277,'sbadmin2','fa fa-frown-o'),(278,'sbadmin2','fa fa-meh-o'),(279,'sbadmin2','fa fa-gamepad'),(280,'sbadmin2','fa fa-keyboard-o'),(281,'sbadmin2','fa fa-flag-o'),(282,'sbadmin2','fa fa-flag-checkered'),(283,'sbadmin2','fa fa-terminal'),(284,'sbadmin2','fa fa-code'),(285,'sbadmin2','fa fa-mail-reply-all'),(286,'sbadmin2','fa fa-reply-all'),(287,'sbadmin2','fa fa-star-half-empty'),(288,'sbadmin2','fa fa-star-half-full'),(289,'sbadmin2','fa fa-star-half-o'),(290,'sbadmin2','fa fa-location-arrow'),(291,'sbadmin2','fa fa-crop'),(292,'sbadmin2','fa fa-code-fork'),(293,'sbadmin2','fa fa-unlink'),(294,'sbadmin2','fa fa-chain-broken'),(295,'sbadmin2','fa fa-question'),(296,'sbadmin2','fa fa-info'),(297,'sbadmin2','fa fa-exclamation'),(298,'sbadmin2','fa fa-superscript'),(299,'sbadmin2','fa fa-subscript'),(300,'sbadmin2','fa fa-eraser'),(301,'sbadmin2','fa fa-puzzle-piece'),(302,'sbadmin2','fa fa-microphone'),(303,'sbadmin2','fa fa-microphone-slash'),(304,'sbadmin2','fa fa-shield'),(305,'sbadmin2','fa fa-calendar-o'),(306,'sbadmin2','fa fa-fire-extinguisher'),(307,'sbadmin2','fa fa-rocket'),(308,'sbadmin2','fa fa-maxcdn'),(309,'sbadmin2','fa fa-chevron-circle-left'),(310,'sbadmin2','fa fa-chevron-circle-right'),(311,'sbadmin2','fa fa-chevron-circle-up'),(312,'sbadmin2','fa fa-chevron-circle-down'),(313,'sbadmin2','fa fa-html5'),(314,'sbadmin2','fa fa-css3'),(315,'sbadmin2','fa fa-anchor'),(316,'sbadmin2','fa fa-unlock-alt'),(317,'sbadmin2','fa fa-bullseye'),(318,'sbadmin2','fa fa-ellipsis-h'),(319,'sbadmin2','fa fa-ellipsis-v'),(320,'sbadmin2','fa fa-rss-square'),(321,'sbadmin2','fa fa-play-circle'),(322,'sbadmin2','fa fa-ticket'),(323,'sbadmin2','fa fa-minus-square'),(324,'sbadmin2','fa fa-minus-square-o'),(325,'sbadmin2','fa fa-level-up'),(326,'sbadmin2','fa fa-level-down'),(327,'sbadmin2','fa fa-check-square'),(328,'sbadmin2','fa fa-pencil-square'),(329,'sbadmin2','fa fa-external-link-square'),(330,'sbadmin2','fa fa-share-square'),(331,'sbadmin2','fa fa-compass'),(332,'sbadmin2','fa fa-toggle-down'),(333,'sbadmin2','fa fa-caret-square-o-down'),(334,'sbadmin2','fa fa-toggle-up'),(335,'sbadmin2','fa fa-caret-square-o-up'),(336,'sbadmin2','fa fa-toggle-right'),(337,'sbadmin2','fa fa-caret-square-o-right'),(338,'sbadmin2','fa fa-euro'),(339,'sbadmin2','fa fa-eur'),(340,'sbadmin2','fa fa-gbp'),(341,'sbadmin2','fa fa-dollar'),(342,'sbadmin2','fa fa-usd'),(343,'sbadmin2','fa fa-rupee'),(344,'sbadmin2','fa fa-inr'),(345,'sbadmin2','fa fa-cny'),(346,'sbadmin2','fa fa-rmb'),(347,'sbadmin2','fa fa-yen'),(348,'sbadmin2','fa fa-jpy'),(349,'sbadmin2','fa fa-ruble'),(350,'sbadmin2','fa fa-rouble'),(351,'sbadmin2','fa fa-rub'),(352,'sbadmin2','fa fa-won'),(353,'sbadmin2','fa fa-krw'),(354,'sbadmin2','fa fa-bitcoin'),(355,'sbadmin2','fa fa-btc'),(356,'sbadmin2','fa fa-file'),(357,'sbadmin2','fa fa-file-text'),(358,'sbadmin2','fa fa-sort-alpha-asc'),(359,'sbadmin2','fa fa-sort-alpha-desc'),(360,'sbadmin2','fa fa-sort-amount-asc'),(361,'sbadmin2','fa fa-sort-amount-desc'),(362,'sbadmin2','fa fa-sort-numeric-asc'),(363,'sbadmin2','fa fa-sort-numeric-desc'),(364,'sbadmin2','fa fa-thumbs-up'),(365,'sbadmin2','fa fa-thumbs-down'),(366,'sbadmin2','fa fa-youtube-square'),(367,'sbadmin2','fa fa-youtube'),(368,'sbadmin2','fa fa-xing'),(369,'sbadmin2','fa fa-xing-square'),(370,'sbadmin2','fa fa-youtube-play'),(371,'sbadmin2','fa fa-dropbox'),(372,'sbadmin2','fa fa-stack-overflow'),(373,'sbadmin2','fa fa-instagram'),(374,'sbadmin2','fa fa-flickr'),(375,'sbadmin2','fa fa-adn'),(376,'sbadmin2','fa fa-bitbucket'),(377,'sbadmin2','fa fa-bitbucket-square'),(378,'sbadmin2','fa fa-tumblr'),(379,'sbadmin2','fa fa-tumblr-square'),(380,'sbadmin2','fa fa-long-arrow-down'),(381,'sbadmin2','fa fa-long-arrow-up'),(382,'sbadmin2','fa fa-long-arrow-left'),(383,'sbadmin2','fa fa-long-arrow-right'),(384,'sbadmin2','fa fa-apple'),(385,'sbadmin2','fa fa-windows'),(386,'sbadmin2','fa fa-android'),(387,'sbadmin2','fa fa-linux'),(388,'sbadmin2','fa fa-dribbble'),(389,'sbadmin2','fa fa-skype'),(390,'sbadmin2','fa fa-foursquare'),(391,'sbadmin2','fa fa-trello'),(392,'sbadmin2','fa fa-female'),(393,'sbadmin2','fa fa-male'),(394,'sbadmin2','fa fa-gittip'),(395,'sbadmin2','fa fa-sun-o'),(396,'sbadmin2','fa fa-moon-o'),(397,'sbadmin2','fa fa-archive'),(398,'sbadmin2','fa fa-bug'),(399,'sbadmin2','fa fa-vk'),(400,'sbadmin2','fa fa-weibo'),(401,'sbadmin2','fa fa-renren'),(402,'sbadmin2','fa fa-pagelines'),(403,'sbadmin2','fa fa-stack-exchange'),(404,'sbadmin2','fa fa-arrow-circle-o-right'),(405,'sbadmin2','fa fa-arrow-circle-o-left'),(406,'sbadmin2','fa fa-toggle-left'),(407,'sbadmin2','fa fa-caret-square-o-left'),(408,'sbadmin2','fa fa-dot-circle-o'),(409,'sbadmin2','fa fa-wheelchair'),(410,'sbadmin2','fa fa-vimeo-square'),(411,'sbadmin2','fa fa-turkish-lira'),(412,'sbadmin2','fa fa-try'),(413,'sbadmin2','fa fa-plus-square-o'),(414,'sbadmin2','fa fa-space-shuttle'),(415,'sbadmin2','fa fa-slack'),(416,'sbadmin2','fa fa-envelope-square'),(417,'sbadmin2','fa fa-wordpress'),(418,'sbadmin2','fa fa-openid'),(419,'sbadmin2','fa fa-institution'),(420,'sbadmin2','fa fa-bank'),(421,'sbadmin2','fa fa-university'),(422,'sbadmin2','fa fa-mortar-board'),(423,'sbadmin2','fa fa-graduation-cap'),(424,'sbadmin2','fa fa-yahoo'),(425,'sbadmin2','fa fa-google'),(426,'sbadmin2','fa fa-reddit'),(427,'sbadmin2','fa fa-reddit-square'),(428,'sbadmin2','fa fa-stumbleupon-circle'),(429,'sbadmin2','fa fa-stumbleupon'),(430,'sbadmin2','fa fa-delicious'),(431,'sbadmin2','fa fa-digg'),(432,'sbadmin2','fa fa-pied-piper-square'),(433,'sbadmin2','fa fa-pied-piper'),(434,'sbadmin2','fa fa-pied-piper-alt'),(435,'sbadmin2','fa fa-drupal'),(436,'sbadmin2','fa fa-joomla'),(437,'sbadmin2','fa fa-language'),(438,'sbadmin2','fa fa-fax'),(439,'sbadmin2','fa fa-building'),(440,'sbadmin2','fa fa-child'),(441,'sbadmin2','fa fa-paw'),(442,'sbadmin2','fa fa-spoon'),(443,'sbadmin2','fa fa-cube'),(444,'sbadmin2','fa fa-cubes'),(445,'sbadmin2','fa fa-behance'),(446,'sbadmin2','fa fa-behance-square'),(447,'sbadmin2','fa fa-steam'),(448,'sbadmin2','fa fa-steam-square'),(449,'sbadmin2','fa fa-recycle'),(450,'sbadmin2','fa fa-automobile'),(451,'sbadmin2','fa fa-car'),(452,'sbadmin2','fa fa-cab'),(453,'sbadmin2','fa fa-taxi'),(454,'sbadmin2','fa fa-tree'),(455,'sbadmin2','fa fa-spotify'),(456,'sbadmin2','fa fa-deviantart'),(457,'sbadmin2','fa fa-soundcloud'),(458,'sbadmin2','fa fa-database'),(459,'sbadmin2','fa fa-file-pdf-o'),(460,'sbadmin2','fa fa-file-word-o'),(461,'sbadmin2','fa fa-file-excel-o'),(462,'sbadmin2','fa fa-file-powerpoint-o'),(463,'sbadmin2','fa fa-file-photo-o'),(464,'sbadmin2','fa fa-file-picture-o'),(465,'sbadmin2','fa fa-file-image-o'),(466,'sbadmin2','fa fa-file-zip-o'),(467,'sbadmin2','fa fa-file-archive-o'),(468,'sbadmin2','fa fa-file-sound-o'),(469,'sbadmin2','fa fa-file-audio-o'),(470,'sbadmin2','fa fa-file-movie-o'),(471,'sbadmin2','fa fa-file-video-o'),(472,'sbadmin2','fa fa-file-code-o'),(473,'sbadmin2','fa fa-vine'),(474,'sbadmin2','fa fa-codepen'),(475,'sbadmin2','fa fa-jsfiddle'),(476,'sbadmin2','fa fa-life-bouy'),(477,'sbadmin2','fa fa-life-saver'),(478,'sbadmin2','fa fa-support'),(479,'sbadmin2','fa fa-life-ring'),(480,'sbadmin2','fa fa-circle-o-notch'),(481,'sbadmin2','fa fa-ra'),(482,'sbadmin2','fa fa-rebel'),(483,'sbadmin2','fa fa-ge'),(484,'sbadmin2','fa fa-empire'),(485,'sbadmin2','fa fa-git-square'),(486,'sbadmin2','fa fa-git'),(487,'sbadmin2','fa fa-hacker-news'),(488,'sbadmin2','fa fa-tencent-weibo'),(489,'sbadmin2','fa fa-qq'),(490,'sbadmin2','fa fa-wechat'),(491,'sbadmin2','fa fa-weixin'),(492,'sbadmin2','fa fa-send'),(493,'sbadmin2','fa fa-paper-plane'),(494,'sbadmin2','fa fa-send-o'),(495,'sbadmin2','fa fa-paper-plane-o'),(496,'sbadmin2','fa fa-history'),(497,'sbadmin2','fa fa-circle-thin'),(498,'sbadmin2','fa fa-header'),(499,'sbadmin2','fa fa-paragraph'),(500,'sbadmin2','fa fa-sliders'),(501,'sbadmin2','fa fa-share-alt'),(502,'sbadmin2','fa fa-share-alt-square'),(503,'sbadmin2','fa fa-bomb'),(504,'bootstrap','glyphicon glyphicon-asterisk'),(505,'bootstrap','glyphicon glyphicon-plus'),(506,'bootstrap','glyphicon glyphicon-euro'),(507,'bootstrap','glyphicon glyphicon-eur'),(508,'bootstrap','glyphicon glyphicon-minus'),(509,'bootstrap','glyphicon glyphicon-cloud'),(510,'bootstrap','glyphicon glyphicon-envelope'),(511,'bootstrap','glyphicon glyphicon-pencil'),(512,'bootstrap','glyphicon glyphicon-glass'),(513,'bootstrap','glyphicon glyphicon-music'),(514,'bootstrap','glyphicon glyphicon-search'),(515,'bootstrap','glyphicon glyphicon-heart'),(516,'bootstrap','glyphicon glyphicon-star'),(517,'bootstrap','glyphicon glyphicon-star-empty'),(518,'bootstrap','glyphicon glyphicon-user'),(519,'bootstrap','glyphicon glyphicon-film'),(520,'bootstrap','glyphicon glyphicon-th-large'),(521,'bootstrap','glyphicon glyphicon-th'),(522,'bootstrap','glyphicon glyphicon-th-list'),(523,'bootstrap','glyphicon glyphicon-ok'),(524,'bootstrap','glyphicon glyphicon-remove'),(525,'bootstrap','glyphicon glyphicon-zoom-in'),(526,'bootstrap','glyphicon glyphicon-zoom-out'),(527,'bootstrap','glyphicon glyphicon-off'),(528,'bootstrap','glyphicon glyphicon-signal'),(529,'bootstrap','glyphicon glyphicon-cog'),(530,'bootstrap','glyphicon glyphicon-trash'),(531,'bootstrap','glyphicon glyphicon-home'),(532,'bootstrap','glyphicon glyphicon-file'),(533,'bootstrap','glyphicon glyphicon-time'),(534,'bootstrap','glyphicon glyphicon-road'),(535,'bootstrap','glyphicon glyphicon-download-alt'),(536,'bootstrap','glyphicon glyphicon-download'),(537,'bootstrap','glyphicon glyphicon-upload'),(538,'bootstrap','glyphicon glyphicon-inbox'),(539,'bootstrap','glyphicon glyphicon-play-circle'),(540,'bootstrap','glyphicon glyphicon-repeat'),(541,'bootstrap','glyphicon glyphicon-refresh'),(542,'bootstrap','glyphicon glyphicon-list-alt'),(543,'bootstrap','glyphicon glyphicon-lock'),(544,'bootstrap','glyphicon glyphicon-flag'),(545,'bootstrap','glyphicon glyphicon-headphones'),(546,'bootstrap','glyphicon glyphicon-volume-off'),(547,'bootstrap','glyphicon glyphicon-volume-down'),(548,'bootstrap','glyphicon glyphicon-volume-up'),(549,'bootstrap','glyphicon glyphicon-qrcode'),(550,'bootstrap','glyphicon glyphicon-barcode'),(551,'bootstrap','glyphicon glyphicon-tag'),(552,'bootstrap','glyphicon glyphicon-tags'),(553,'bootstrap','glyphicon glyphicon-book'),(554,'bootstrap','glyphicon glyphicon-bookmark'),(555,'bootstrap','glyphicon glyphicon-print'),(556,'bootstrap','glyphicon glyphicon-camera'),(557,'bootstrap','glyphicon glyphicon-font'),(558,'bootstrap','glyphicon glyphicon-bold'),(559,'bootstrap','glyphicon glyphicon-italic'),(560,'bootstrap','glyphicon glyphicon-text-height'),(561,'bootstrap','glyphicon glyphicon-text-width'),(562,'bootstrap','glyphicon glyphicon-align-left'),(563,'bootstrap','glyphicon glyphicon-align-center'),(564,'bootstrap','glyphicon glyphicon-align-right'),(565,'bootstrap','glyphicon glyphicon-align-justify'),(566,'bootstrap','glyphicon glyphicon-list'),(567,'bootstrap','glyphicon glyphicon-indent-left'),(568,'bootstrap','glyphicon glyphicon-indent-right'),(569,'bootstrap','glyphicon glyphicon-facetime-video'),(570,'bootstrap','glyphicon glyphicon-picture'),(571,'bootstrap','glyphicon glyphicon-map-marker'),(572,'bootstrap','glyphicon glyphicon-adjust'),(573,'bootstrap','glyphicon glyphicon-tint'),(574,'bootstrap','glyphicon glyphicon-edit'),(575,'bootstrap','glyphicon glyphicon-share'),(576,'bootstrap','glyphicon glyphicon-check'),(577,'bootstrap','glyphicon glyphicon-move'),(578,'bootstrap','glyphicon glyphicon-step-backward'),(579,'bootstrap','glyphicon glyphicon-fast-backward'),(580,'bootstrap','glyphicon glyphicon-backward'),(581,'bootstrap','glyphicon glyphicon-play'),(582,'bootstrap','glyphicon glyphicon-pause'),(583,'bootstrap','glyphicon glyphicon-stop'),(584,'bootstrap','glyphicon glyphicon-forward'),(585,'bootstrap','glyphicon glyphicon-fast-forward'),(586,'bootstrap','glyphicon glyphicon-step-forward'),(587,'bootstrap','glyphicon glyphicon-eject'),(588,'bootstrap','glyphicon glyphicon-chevron-left'),(589,'bootstrap','glyphicon glyphicon-chevron-right'),(590,'bootstrap','glyphicon glyphicon-plus-sign'),(591,'bootstrap','glyphicon glyphicon-minus-sign'),(592,'bootstrap','glyphicon glyphicon-remove-sign'),(593,'bootstrap','glyphicon glyphicon-ok-sign'),(594,'bootstrap','glyphicon glyphicon-question-sign'),(595,'bootstrap','glyphicon glyphicon-info-sign'),(596,'bootstrap','glyphicon glyphicon-screenshot'),(597,'bootstrap','glyphicon glyphicon-remove-circle'),(598,'bootstrap','glyphicon glyphicon-ok-circle'),(599,'bootstrap','glyphicon glyphicon-ban-circle'),(600,'bootstrap','glyphicon glyphicon-arrow-left'),(601,'bootstrap','glyphicon glyphicon-arrow-right'),(602,'bootstrap','glyphicon glyphicon-arrow-up'),(603,'bootstrap','glyphicon glyphicon-arrow-down'),(604,'bootstrap','glyphicon glyphicon-share-alt'),(605,'bootstrap','glyphicon glyphicon-resize-full'),(606,'bootstrap','glyphicon glyphicon-resize-small'),(607,'bootstrap','glyphicon glyphicon-exclamation-sign'),(608,'bootstrap','glyphicon glyphicon-gift'),(609,'bootstrap','glyphicon glyphicon-leaf'),(610,'bootstrap','glyphicon glyphicon-fire'),(611,'bootstrap','glyphicon glyphicon-eye-open'),(612,'bootstrap','glyphicon glyphicon-eye-close'),(613,'bootstrap','glyphicon glyphicon-warning-sign'),(614,'bootstrap','glyphicon glyphicon-plane'),(615,'bootstrap','glyphicon glyphicon-calendar'),(616,'bootstrap','glyphicon glyphicon-random'),(617,'bootstrap','glyphicon glyphicon-comment'),(618,'bootstrap','glyphicon glyphicon-magnet'),(619,'bootstrap','glyphicon glyphicon-chevron-up'),(620,'bootstrap','glyphicon glyphicon-chevron-down'),(621,'bootstrap','glyphicon glyphicon-retweet'),(622,'bootstrap','glyphicon glyphicon-shopping-cart'),(623,'bootstrap','glyphicon glyphicon-folder-close'),(624,'bootstrap','glyphicon glyphicon-folder-open'),(625,'bootstrap','glyphicon glyphicon-resize-vertical'),(626,'bootstrap','glyphicon glyphicon-resize-horizontal'),(627,'bootstrap','glyphicon glyphicon-hdd'),(628,'bootstrap','glyphicon glyphicon-bullhorn'),(629,'bootstrap','glyphicon glyphicon-bell'),(630,'bootstrap','glyphicon glyphicon-certificate'),(631,'bootstrap','glyphicon glyphicon-thumbs-up'),(632,'bootstrap','glyphicon glyphicon-thumbs-down'),(633,'bootstrap','glyphicon glyphicon-hand-right'),(634,'bootstrap','glyphicon glyphicon-hand-left'),(635,'bootstrap','glyphicon glyphicon-hand-up'),(636,'bootstrap','glyphicon glyphicon-hand-down'),(637,'bootstrap','glyphicon glyphicon-circle-arrow-right'),(638,'bootstrap','glyphicon glyphicon-circle-arrow-left'),(639,'bootstrap','glyphicon glyphicon-circle-arrow-up'),(640,'bootstrap','glyphicon glyphicon-circle-arrow-down'),(641,'bootstrap','glyphicon glyphicon-globe'),(642,'bootstrap','glyphicon glyphicon-wrench'),(643,'bootstrap','glyphicon glyphicon-tasks'),(644,'bootstrap','glyphicon glyphicon-filter'),(645,'bootstrap','glyphicon glyphicon-briefcase'),(646,'bootstrap','glyphicon glyphicon-fullscreen'),(647,'bootstrap','glyphicon glyphicon-dashboard'),(648,'bootstrap','glyphicon glyphicon-paperclip'),(649,'bootstrap','glyphicon glyphicon-heart-empty'),(650,'bootstrap','glyphicon glyphicon-link'),(651,'bootstrap','glyphicon glyphicon-phone'),(652,'bootstrap','glyphicon glyphicon-pushpin'),(653,'bootstrap','glyphicon glyphicon-usd'),(654,'bootstrap','glyphicon glyphicon-gbp'),(655,'bootstrap','glyphicon glyphicon-sort'),(656,'bootstrap','glyphicon glyphicon-sort-by-alphabet'),(657,'bootstrap','glyphicon glyphicon-sort-by-alphabet-alt'),(658,'bootstrap','glyphicon glyphicon-sort-by-order'),(659,'bootstrap','glyphicon glyphicon-sort-by-order-alt'),(660,'bootstrap','glyphicon glyphicon-sort-by-attributes'),(661,'bootstrap','glyphicon glyphicon-sort-by-attributes-alt'),(662,'bootstrap','glyphicon glyphicon-unchecked'),(663,'bootstrap','glyphicon glyphicon-expand'),(664,'bootstrap','glyphicon glyphicon-collapse-down'),(665,'bootstrap','glyphicon glyphicon-collapse-up'),(666,'bootstrap','glyphicon glyphicon-log-in'),(667,'bootstrap','glyphicon glyphicon-flash'),(668,'bootstrap','glyphicon glyphicon-log-out'),(669,'bootstrap','glyphicon glyphicon-new-window'),(670,'bootstrap','glyphicon glyphicon-record'),(671,'bootstrap','glyphicon glyphicon-save'),(672,'bootstrap','glyphicon glyphicon-open'),(673,'bootstrap','glyphicon glyphicon-saved'),(674,'bootstrap','glyphicon glyphicon-import'),(675,'bootstrap','glyphicon glyphicon-export'),(676,'bootstrap','glyphicon glyphicon-send'),(677,'bootstrap','glyphicon glyphicon-floppy-disk'),(678,'bootstrap','glyphicon glyphicon-floppy-saved'),(679,'bootstrap','glyphicon glyphicon-floppy-remove'),(680,'bootstrap','glyphicon glyphicon-floppy-save'),(681,'bootstrap','glyphicon glyphicon-floppy-open'),(682,'bootstrap','glyphicon glyphicon-credit-card'),(683,'bootstrap','glyphicon glyphicon-transfer'),(684,'bootstrap','glyphicon glyphicon-cutlery'),(685,'bootstrap','glyphicon glyphicon-header'),(686,'bootstrap','glyphicon glyphicon-compressed'),(687,'bootstrap','glyphicon glyphicon-earphone'),(688,'bootstrap','glyphicon glyphicon-phone-alt'),(689,'bootstrap','glyphicon glyphicon-tower'),(690,'bootstrap','glyphicon glyphicon-stats'),(691,'bootstrap','glyphicon glyphicon-sd-video'),(692,'bootstrap','glyphicon glyphicon-hd-video'),(693,'bootstrap','glyphicon glyphicon-subtitles'),(694,'bootstrap','glyphicon glyphicon-sound-stereo'),(695,'bootstrap','glyphicon glyphicon-sound-dolby'),(696,'bootstrap','glyphicon glyphicon-sound-5-1'),(697,'bootstrap','glyphicon glyphicon-sound-6-1'),(698,'bootstrap','glyphicon glyphicon-sound-7-1'),(699,'bootstrap','glyphicon glyphicon-copyright-mark'),(700,'bootstrap','glyphicon glyphicon-registration-mark'),(701,'bootstrap','glyphicon glyphicon-cloud-download'),(702,'bootstrap','glyphicon glyphicon-cloud-upload'),(703,'bootstrap','glyphicon glyphicon-tree-conifer'),(704,'bootstrap','glyphicon glyphicon-tree-deciduous'),(705,'bootstrap','glyphicon glyphicon-cd'),(706,'bootstrap','glyphicon glyphicon-save-file'),(707,'bootstrap','glyphicon glyphicon-open-file'),(708,'bootstrap','glyphicon glyphicon-level-up'),(709,'bootstrap','glyphicon glyphicon-copy'),(710,'bootstrap','glyphicon glyphicon-paste'),(711,'bootstrap','glyphicon glyphicon-alert'),(712,'bootstrap','glyphicon glyphicon-equalizer'),(713,'bootstrap','glyphicon glyphicon-king'),(714,'bootstrap','glyphicon glyphicon-queen'),(715,'bootstrap','glyphicon glyphicon-pawn'),(716,'bootstrap','glyphicon glyphicon-bishop'),(717,'bootstrap','glyphicon glyphicon-knight'),(718,'bootstrap','glyphicon glyphicon-baby-formula'),(719,'bootstrap','glyphicon glyphicon-tent'),(720,'bootstrap','glyphicon glyphicon-blackboard'),(721,'bootstrap','glyphicon glyphicon-bed'),(722,'bootstrap','glyphicon glyphicon-apple'),(723,'bootstrap','glyphicon glyphicon-erase'),(724,'bootstrap','glyphicon glyphicon-hourglass'),(725,'bootstrap','glyphicon glyphicon-lamp'),(726,'bootstrap','glyphicon glyphicon-duplicate'),(727,'bootstrap','glyphicon glyphicon-piggy-bank'),(728,'bootstrap','glyphicon glyphicon-scissors'),(729,'bootstrap','glyphicon glyphicon-bitcoin'),(730,'bootstrap','glyphicon glyphicon-btc'),(731,'bootstrap','glyphicon glyphicon-xbt'),(732,'bootstrap','glyphicon glyphicon-yen'),(733,'bootstrap','glyphicon glyphicon-jpy'),(734,'bootstrap','glyphicon glyphicon-ruble'),(735,'bootstrap','glyphicon glyphicon-rub'),(736,'bootstrap','glyphicon glyphicon-scale'),(737,'bootstrap','glyphicon glyphicon-ice-lolly'),(738,'bootstrap','glyphicon glyphicon-ice-lolly-tasted'),(739,'bootstrap','glyphicon glyphicon-education'),(740,'bootstrap','glyphicon glyphicon-option-horizontal'),(741,'bootstrap','glyphicon glyphicon-option-vertical'),(742,'bootstrap','glyphicon glyphicon-menu-hamburger'),(743,'bootstrap','glyphicon glyphicon-modal-window'),(744,'bootstrap','glyphicon glyphicon-oil'),(745,'bootstrap','glyphicon glyphicon-grain'),(746,'bootstrap','glyphicon glyphicon-sunglasses'),(747,'bootstrap','glyphicon glyphicon-text-size'),(748,'bootstrap','glyphicon glyphicon-text-color'),(749,'bootstrap','glyphicon glyphicon-text-background'),(750,'bootstrap','glyphicon glyphicon-object-align-top'),(751,'bootstrap','glyphicon glyphicon-object-align-bottom'),(752,'bootstrap','glyphicon glyphicon-object-align-horizontal'),(753,'bootstrap','glyphicon glyphicon-object-align-left'),(754,'bootstrap','glyphicon glyphicon-object-align-vertical'),(755,'bootstrap','glyphicon glyphicon-object-align-right'),(756,'bootstrap','glyphicon glyphicon-triangle-right'),(757,'bootstrap','glyphicon glyphicon-triangle-left'),(758,'bootstrap','glyphicon glyphicon-triangle-bottom'),(759,'bootstrap','glyphicon glyphicon-triangle-top'),(760,'bootstrap','glyphicon glyphicon-console'),(761,'bootstrap','glyphicon glyphicon-superscript'),(762,'bootstrap','glyphicon glyphicon-subscript'),(763,'bootstrap','glyphicon glyphicon-menu-left'),(764,'bootstrap','glyphicon glyphicon-menu-right'),(765,'bootstrap','glyphicon glyphicon-menu-down'),(766,'bootstrap','glyphicon glyphicon-menu-up');

UNLOCK TABLES;

/*Table structure for table `_religions` */

DROP TABLE IF EXISTS `_religions`;

CREATE TABLE `_religions` (
  `id` int(10) unsigned NOT NULL AUTO_INCREMENT,
  `r_name` varchar(32) NOT NULL,
  `r_position` tinyint(1) unsigned NOT NULL DEFAULT '0',
  PRIMARY KEY (`id`)
) ENGINE=InnoDB AUTO_INCREMENT=5 DEFAULT CHARSET=latin1;

/*Data for the table `_religions` */

LOCK TABLES `_religions` WRITE;

insert  into `_religions`(`id`,`r_name`,`r_position`) values (1,'\r\nHindu\r\n',1),(2,'Buddha',2),(3,'Christian\r\n',3),(4,'Islam',0);

UNLOCK TABLES;

/*Table structure for table `_state` */

DROP TABLE IF EXISTS `_state`;

CREATE TABLE `_state` (
  `id` int(10) unsigned NOT NULL AUTO_INCREMENT,
  `name` varchar(128) DEFAULT NULL,
  `country` int(10) unsigned NOT NULL,
  PRIMARY KEY (`id`)
) ENGINE=InnoDB AUTO_INCREMENT=4395 DEFAULT CHARSET=latin1;

/*Data for the table `_state` */

LOCK TABLES `_state` WRITE;

insert  into `_state`(`id`,`name`,`country`) values (1,'Badakhshan',1),(2,'Badghis',1),(3,'Baghlan',1),(4,'Balkh',1),(5,'Bamian',1),(6,'Farah',1),(7,'Faryab',1),(8,'Ghazni',1),(9,'Ghowr',1),(10,'Helmand',1),(11,'Herat',1),(12,'Jowzjan',1),(13,'Kabol',1),(14,'Kandahar',1),(15,'Kapisa',1),(16,'Konar',1),(17,'Kondoz',1),(18,'Laghman',1),(19,'Lowgar',1),(20,'Nangarhar',1),(21,'Nimruz',1),(22,'Oruzgan',1),(23,'Paktia',1),(24,'Paktika',1),(25,'Parvan',1),(26,'Samangan',1),(27,'Sar-e Pol',1),(28,'Takhar',1),(29,'Vardak',1),(30,'Zabol',1),(31,'Berat',2),(32,'Bulqize',2),(33,'Delvine',2),(34,'Devoll (Bilisht)',2),(35,'Diber (Peshkopi)',2),(36,'Durres',2),(37,'Elbasan',2),(38,'Fier',2),(39,'Gjirokaster',2),(40,'Gramsh',2),(41,'Has (Krume)',2),(42,'Kavaje',2),(43,'Kolonje (Erseke)',2),(44,'Korce',2),(45,'Kruje',2),(46,'Kucove',2),(47,'Kukes',2),(48,'Kurbin',2),(49,'Lezhe',2),(50,'Librazhd',2),(51,'Lushnje',2),(52,'Malesi e Madhe (Koplik)',2),(53,'Mallakaster (Ballsh)',2),(54,'Mat (Burrel)',2),(55,'Mirdite (Rreshen)',2),(56,'Peqin',2),(57,'Permet',2),(58,'Pogradec',2),(59,'Puke',2),(60,'Sarande',2),(61,'Shkoder',2),(62,'Skrapar (Corovode)',2),(63,'Tepelene',2),(64,'Tirane (Tirana)',2),(65,'Tirane (Tirana)',2),(66,'Tropoje (Bajram Curri)',2),(67,'Vlore',2),(68,'Adrar',3),(69,'Ain Defla',3),(70,'Ain Temouchent',3),(71,'Alger',3),(72,'Annaba',3),(73,'Batna',3),(74,'Bechar',3),(75,'Bejaia',3),(76,'Biskra',3),(77,'Blida',3),(78,'Bordj Bou Arreridj',3),(79,'Bouira',3),(80,'Boumerdes',3),(81,'Chlef',3),(82,'Constantine',3),(83,'Djelfa',3),(84,'El Bayadh',3),(85,'El Oued',3),(86,'El Tarf',3),(87,'Ghardaia',3),(88,'Guelma',3),(89,'Illizi',3),(90,'Jijel',3),(91,'Khenchela',3),(92,'Laghouat',3),(93,'M\'Sila',3),(94,'Mascara',3),(95,'Medea',3),(96,'Mila',3),(97,'Mostaganem',3),(98,'Naama',3),(99,'Oran',3),(100,'Ouargla',3),(101,'Oum el Bouaghi',3),(102,'Relizane',3),(103,'Saida',3),(104,'Setif',3),(105,'Sidi Bel Abbes',3),(106,'Skikda',3),(107,'Souk Ahras',3),(108,'Tamanghasset',3),(109,'Tebessa',3),(110,'Tiaret',3),(111,'Tindouf',3),(112,'Tipaza',3),(113,'Tissemsilt',3),(114,'Tizi Ouzou',3),(115,'Tlemcen',3),(116,'Eastern',4),(117,'Manu\'a',4),(118,'Rose Island',4),(119,'Swains Island',4),(120,'Western',4),(121,'Andorra la Vella',5),(122,'Bengo',5),(123,'Benguela',5),(124,'Bie',5),(125,'Cabinda',5),(126,'Canillo',5),(127,'Cuando Cubango',5),(128,'Cuanza Norte',5),(129,'Cuanza Sul',5),(130,'Cunene',5),(131,'Encamp',5),(132,'Escaldes-Engordany',5),(133,'Huambo',5),(134,'Huila',5),(135,'La Massana',5),(136,'Luanda',5),(137,'Lunda Norte',5),(138,'Lunda Sul',5),(139,'Malanje',5),(140,'Moxico',5),(141,'Namibe',5),(142,'Ordino',5),(143,'Sant Julia de Loria',5),(144,'Uige',5),(145,'Zaire',5),(146,'Anguilla',6),(147,'Antartica',7),(148,'Barbuda',8),(149,'Redonda',8),(150,'Saint George',8),(151,'Saint John',8),(152,'Saint Mary',8),(153,'Saint Paul',8),(154,'Saint Peter',8),(155,'Saint Philip',8),(156,'Antartica e Islas del Atlantico Sur',9),(157,'Buenos Aires',9),(158,'Buenos Aires Capital Federal',9),(159,'Catamarca',9),(160,'Chaco',9),(161,'Chubut',9),(162,'Cordoba',9),(163,'Corrientes',9),(164,'Entre Rios',9),(165,'Formosa',9),(166,'Jujuy',9),(167,'La Pampa',9),(168,'La Rioja',9),(169,'Mendoza',9),(170,'Misiones',9),(171,'Neuquen',9),(172,'Rio Negro',9),(173,'Salta',9),(174,'San Juan',9),(175,'San Luis',9),(176,'Santa Cruz',9),(177,'Santa Fe',9),(178,'Santiago del Estero',9),(179,'Tierra del Fuego',9),(180,'Tucuman',9),(181,'Aragatsotn',10),(182,'Ararat',10),(183,'Armavir',10),(184,'Geghark\'unik\'',10),(185,'Kotayk\'',10),(186,'Lorri',10),(187,'Shirak',10),(188,'Syunik\'',10),(189,'Tavush',10),(190,'Vayots\' Dzor',10),(191,'Yerevan',10),(192,'Aruba',11),(193,'Ashmore and Cartier Island',12),(194,'Australian Capital Territory',13),(195,'New South Wales',13),(196,'Northern Territory',13),(197,'Queensland',13),(198,'South Australia',13),(199,'Tasmania',13),(200,'Victoria',13),(201,'Western Australia',13),(202,'Burgenland',14),(203,'Kaernten',14),(204,'Niederoesterreich',14),(205,'Oberoesterreich',14),(206,'Salzburg',14),(207,'Steiermark',14),(208,'Tirol',14),(209,'Vorarlberg',14),(210,'Wien',14),(211,'Abseron Rayonu',15),(212,'Agcabadi Rayonu',15),(213,'Agdam Rayonu',15),(214,'Agdas Rayonu',15),(215,'Agstafa Rayonu',15),(216,'Agsu Rayonu',15),(217,'Ali Bayramli Sahari',15),(218,'Astara Rayonu',15),(219,'Baki Sahari',15),(220,'Balakan Rayonu',15),(221,'Barda Rayonu',15),(222,'Beylaqan Rayonu',15),(223,'Bilasuvar Rayonu',15),(224,'Cabrayil Rayonu',15),(225,'Calilabad Rayonu',15),(226,'Daskasan Rayonu',15),(227,'Davaci Rayonu',15),(228,'Fuzuli Rayonu',15),(229,'Gadabay Rayonu',15),(230,'Ganca Sahari',15),(231,'Goranboy Rayonu',15),(232,'Goycay Rayonu',15),(233,'Haciqabul Rayonu',15),(234,'Imisli Rayonu',15),(235,'Ismayilli Rayonu',15),(236,'Kalbacar Rayonu',15),(237,'Kurdamir Rayonu',15),(238,'Lacin Rayonu',15),(239,'Lankaran Rayonu',15),(240,'Lankaran Sahari',15),(241,'Lerik Rayonu',15),(242,'Masalli Rayonu',15),(243,'Mingacevir Sahari',15),(244,'Naftalan Sahari',15),(245,'Naxcivan Muxtar Respublikasi',15),(246,'Neftcala Rayonu',15),(247,'Oguz Rayonu',15),(248,'Qabala Rayonu',15),(249,'Qax Rayonu',15),(250,'Qazax Rayonu',15),(251,'Qobustan Rayonu',15),(252,'Quba Rayonu',15),(253,'Qubadli Rayonu',15),(254,'Qusar Rayonu',15),(255,'Saatli Rayonu',15),(256,'Sabirabad Rayonu',15),(257,'Saki Rayonu',15),(258,'Saki Sahari',15),(259,'Salyan Rayonu',15),(260,'Samaxi Rayonu',15),(261,'Samkir Rayonu',15),(262,'Samux Rayonu',15),(263,'Siyazan Rayonu',15),(264,'Sumqayit Sahari',15),(265,'Susa Rayonu',15),(266,'Susa Sahari',15),(267,'Tartar Rayonu',15),(268,'Tovuz Rayonu',15),(269,'Ucar Rayonu',15),(270,'Xacmaz Rayonu',15),(271,'Xankandi Sahari',15),(272,'Xanlar Rayonu',15),(273,'Xizi Rayonu',15),(274,'Xocali Rayonu',15),(275,'Xocavand Rayonu',15),(276,'Yardimli Rayonu',15),(277,'Yevlax Rayonu',15),(278,'Yevlax Sahari',15),(279,'Zangilan Rayonu',15),(280,'Zaqatala Rayonu',15),(281,'Zardab Rayonu',15),(282,'Acklins and Crooked Islands',16),(283,'Bimini',16),(284,'Cat Island',16),(285,'Exuma',16),(286,'Freeport',16),(287,'Fresh Creek',16),(288,'Governor\'s Harbour',16),(289,'Green Turtle Cay',16),(290,'Harbour Island',16),(291,'High Rock',16),(292,'Inagua',16),(293,'Kemps Bay',16),(294,'Long Island',16),(295,'Marsh Harbour',16),(296,'Mayaguana',16),(297,'New Providence',16),(298,'Nicholls Town and Berry Islands',16),(299,'Ragged Island',16),(300,'Rock Sound',16),(301,'San Salvador and Rum Cay',16),(302,'Sandy Point',16),(303,'Al Hadd',17),(304,'Al Manamah',17),(305,'Al Mintaqah al Gharbiyah',17),(306,'Al Mintaqah al Wusta',17),(307,'Al Mintaqah ash Shamaliyah',17),(308,'Al Muharraq',17),(309,'Ar Rifa\' wa al Mintaqah al Janubiyah',17),(310,'Jidd Hafs',17),(311,'Juzur Hawar',17),(312,'Madinat \'Isa',17),(313,'Madinat Hamad',17),(314,'Sitrah',17),(315,'Barisal',18),(316,'Chittagong',18),(317,'Dhaka',18),(318,'Khulna',18),(319,'Rajshahi',18),(320,'Sylhet',18),(321,'Bridgetown',19),(322,'Christ Church',19),(323,'Saint Andrew',19),(324,'Saint George',19),(325,'Saint James',19),(326,'Saint John',19),(327,'Saint Joseph',19),(328,'Saint Lucy',19),(329,'Saint Michael',19),(330,'Saint Peter',19),(331,'Saint Philip',19),(332,'Saint Thomas',19),(333,'Brestskaya (Brest)',20),(334,'Homyel\'skaya (Homyel\')',20),(335,'Horad Minsk',20),(336,'Hrodzyenskaya (Hrodna)',20),(337,'Mahilyowskaya (Mahilyow)',20),(338,'Minskaya',20),(339,'Vitsyebskaya (Vitsyebsk)',20),(340,'Antwerpen',21),(341,'Brabant Wallon',21),(342,'Brussels Capitol Region',21),(343,'Hainaut',21),(344,'Liege',21),(345,'Limburg',21),(346,'Luxembourg',21),(347,'Namur',21),(348,'Oost-Vlaanderen',21),(349,'Vlaams Brabant',21),(350,'West-Vlaanderen',21),(351,'Belize',22),(352,'Cayo',22),(353,'Corozal',22),(354,'Orange Walk',22),(355,'Stann Creek',22),(356,'Toledo',22),(357,'Alibori',23),(358,'Atakora',23),(359,'Atlantique',23),(360,'Borgou',23),(361,'Collines',23),(362,'Couffo',23),(363,'Donga',23),(364,'Littoral',23),(365,'Mono',23),(366,'Oueme',23),(367,'Plateau',23),(368,'Zou',23),(369,'Devonshire',24),(370,'Hamilton',24),(371,'Hamilton',24),(372,'Paget',24),(373,'Pembroke',24),(374,'Saint George',24),(375,'Saint Georges',24),(376,'Sandys',24),(377,'Smiths',24),(378,'Southampton',24),(379,'Warwick',24),(380,'Bumthang',25),(381,'Chhukha',25),(382,'Chirang',25),(383,'Daga',25),(384,'Geylegphug',25),(385,'Ha',25),(386,'Lhuntshi',25),(387,'Mongar',25),(388,'Paro',25),(389,'Pemagatsel',25),(390,'Punakha',25),(391,'Samchi',25),(392,'Samdrup Jongkhar',25),(393,'Shemgang',25),(394,'Tashigang',25),(395,'Thimphu',25),(396,'Tongsa',25),(397,'Wangdi Phodrang',25),(398,'Beni',26),(399,'Chuquisaca',26),(400,'Cochabamba',26),(401,'La Paz',26),(402,'Oruro',26),(403,'Pando',26),(404,'Potosi',26),(405,'Santa Cruz',26),(406,'Tarija',26),(407,'Federation of Bosnia and Herzegovina',27),(408,'Republika Srpska',27),(409,'Central',28),(410,'Chobe',28),(411,'Francistown',28),(412,'Gaborone',28),(413,'Ghanzi',28),(414,'Kgalagadi',28),(415,'Kgatleng',28),(416,'Kweneng',28),(417,'Lobatse',28),(418,'Ngamiland',28),(419,'North-East',28),(420,'Selebi-Pikwe',28),(421,'South-East',28),(422,'Southern',28),(423,'Acre',29),(424,'Alagoas',29),(425,'Amapa',29),(426,'Amazonas',29),(427,'Bahia',29),(428,'Ceara',29),(429,'Distrito Federal',29),(430,'Espirito Santo',29),(431,'Goias',29),(432,'Maranhao',29),(433,'Mato Grosso',29),(434,'Mato Grosso do Sul',29),(435,'Minas Gerais',29),(436,'Para',29),(437,'Paraiba',29),(438,'Parana',29),(439,'Pernambuco',29),(440,'Piaui',29),(441,'Rio de Janeiro',29),(442,'Rio Grande do Norte',29),(443,'Rio Grande do Sul',29),(444,'Rondonia',29),(445,'Roraima',29),(446,'Santa Catarina',29),(447,'Sao Paulo',29),(448,'Sergipe',29),(449,'Tocantins',29),(450,'Anegada',30),(451,'Jost Van Dyke',30),(452,'Tortola',30),(453,'Virgin Gorda',30),(454,'Belait',31),(455,'Brunei and Muara',31),(456,'Temburong',31),(457,'Tutong',31),(458,'Blagoevgrad',32),(459,'Burgas',32),(460,'Dobrich',32),(461,'Gabrovo',32),(462,'Khaskovo',32),(463,'Kurdzhali',32),(464,'Kyustendil',32),(465,'Lovech',32),(466,'Montana',32),(467,'Pazardzhik',32),(468,'Pernik',32),(469,'Pleven',32),(470,'Plovdiv',32),(471,'Razgrad',32),(472,'Ruse',32),(473,'Shumen',32),(474,'Silistra',32),(475,'Sliven',32),(476,'Smolyan',32),(477,'Sofiya',32),(478,'Sofiya-Grad',32),(479,'Stara Zagora',32),(480,'Turgovishte',32),(481,'Varna',32),(482,'Veliko Turnovo',32),(483,'Vidin',32),(484,'Vratsa',32),(485,'Yambol',32),(486,'Bale',33),(487,'Bam',33),(488,'Banwa',33),(489,'Bazega',33),(490,'Bougouriba',33),(491,'Boulgou',33),(492,'Boulkiemde',33),(493,'Comoe',33),(494,'Ganzourgou',33),(495,'Gnagna',33),(496,'Gourma',33),(497,'Houet',33),(498,'Ioba',33),(499,'Kadiogo',33),(500,'Kenedougou',33),(501,'Komandjari',33),(502,'Kompienga',33),(503,'Kossi',33),(504,'Koupelogo',33),(505,'Kouritenga',33),(506,'Kourweogo',33),(507,'Leraba',33),(508,'Loroum',33),(509,'Mouhoun',33),(510,'Nahouri',33),(511,'Namentenga',33),(512,'Naumbiel',33),(513,'Nayala',33),(514,'Oubritenga',33),(515,'Oudalan',33),(516,'Passore',33),(517,'Poni',33),(518,'Samentenga',33),(519,'Sanguie',33),(520,'Seno',33),(521,'Sissili',33),(522,'Soum',33),(523,'Sourou',33),(524,'Tapoa',33),(525,'Tuy',33),(526,'Yagha',33),(527,'Yatenga',33),(528,'Ziro',33),(529,'Zondomo',33),(530,'Zoundweogo',33),(531,'Ayeyarwady',34),(532,'Bago',34),(533,'Chin State',34),(534,'Kachin State',34),(535,'Kayah State',34),(536,'Kayin State',34),(537,'Magway',34),(538,'Mandalay',34),(539,'Mon State',34),(540,'Rakhine State',34),(541,'Sagaing',34),(542,'Shan State',34),(543,'Tanintharyi',34),(544,'Yangon',34),(545,'Bubanza',35),(546,'Bujumbura',35),(547,'Bururi',35),(548,'Cankuzo',35),(549,'Cibitoke',35),(550,'Gitega',35),(551,'Karuzi',35),(552,'Kayanza',35),(553,'Kirundo',35),(554,'Makamba',35),(555,'Muramvya',35),(556,'Muyinga',35),(557,'Mwaro',35),(558,'Ngozi',35),(559,'Rutana',35),(560,'Ruyigi',35),(561,'Banteay Mean Cheay',36),(562,'Batdambang',36),(563,'Kampong Cham',36),(564,'Kampong Chhnang',36),(565,'Kampong Spoe',36),(566,'Kampong Thum',36),(567,'Kampot',36),(568,'Kandal',36),(569,'Kaoh Kong',36),(570,'Keb',36),(571,'Kracheh',36),(572,'Mondol Kiri',36),(573,'Otdar Mean Cheay',36),(574,'Pailin',36),(575,'Phnum Penh',36),(576,'Pouthisat',36),(577,'Preah Seihanu (Sihanoukville)',36),(578,'Preah Vihear',36),(579,'Prey Veng',36),(580,'Rotanah Kiri',36),(581,'Siem Reab',36),(582,'Stoeng Treng',36),(583,'Svay Rieng',36),(584,'Takev',36),(585,'Adamaoua',37),(586,'Centre',37),(587,'Est',37),(588,'Extreme-Nord',37),(589,'Littoral',37),(590,'Nord',37),(591,'Nord-Ouest',37),(592,'Ouest',37),(593,'Sud',37),(594,'Sud-Ouest',37),(595,'Alberta',38),(596,'British Columbia',38),(597,'Manitoba',38),(598,'New Brunswick',38),(599,'Newfoundland',38),(600,'Northwest Territories',38),(601,'Nova Scotia',38),(602,'Nunavut',38),(603,'Ontario',38),(604,'Prince Edward Island',38),(605,'Quebec',38),(606,'Saskatchewan',38),(607,'Yukon Territory',38),(608,'Boa Vista',39),(609,'Brava',39),(610,'Maio',39),(611,'Mosteiros',39),(612,'Paul',39),(613,'Porto Novo',39),(614,'Praia',39),(615,'Ribeira Grande',39),(616,'Sal',39),(617,'Santa Catarina',39),(618,'Santa Cruz',39),(619,'Sao Domingos',39),(620,'Sao Filipe',39),(621,'Sao Nicolau',39),(622,'Sao Vicente',39),(623,'Tarrafal',39),(624,'Creek',40),(625,'Eastern',40),(626,'Midland',40),(627,'South Town',40),(628,'Spot Bay',40),(629,'Stake Bay',40),(630,'West End',40),(631,'Western',40),(632,'Bamingui-Bangoran',41),(633,'Bangui',41),(634,'Basse-Kotto',41),(635,'Gribingui',41),(636,'Haut-Mbomou',41),(637,'Haute-Kotto',41),(638,'Haute-Sangha',41),(639,'Kemo-Gribingui',41),(640,'Lobaye',41),(641,'Mbomou',41),(642,'Nana-Mambere',41),(643,'Ombella-Mpoko',41),(644,'Ouaka',41),(645,'Ouham',41),(646,'Ouham-Pende',41),(647,'Sangha',41),(648,'Vakaga',41),(649,'Batha',42),(650,'Biltine',42),(651,'Borkou-Ennedi-Tibesti',42),(652,'Chari-Baguirmi',42),(653,'Guera',42),(654,'Kanem',42),(655,'Lac',42),(656,'Logone Occidental',42),(657,'Logone Oriental',42),(658,'Mayo-Kebbi',42),(659,'Moyen-Chari',42),(660,'Ouaddai',42),(661,'Salamat',42),(662,'Tandjile',42),(663,'Aisen del General Carlos Ibanez del Campo',43),(664,'Antofagasta',43),(665,'Araucania',43),(666,'Atacama',43),(667,'Bio-Bio',43),(668,'Coquimbo',43),(669,'Libertador General Bernardo O\'Higgins',43),(670,'Los Lagos',43),(671,'Magallanes y de la Antartica Chilena',43),(672,'Maule',43),(673,'Region Metropolitana (Santiago)',43),(674,'Tarapaca',43),(675,'Valparaiso',43),(676,'Anhui',44),(677,'Beijing',44),(678,'Chongqing',44),(679,'Fujian',44),(680,'Gansu',44),(681,'Guangdong',44),(682,'Guangxi',44),(683,'Guizhou',44),(684,'Hainan',44),(685,'Hebei',44),(686,'Heilongjiang',44),(687,'Henan',44),(688,'Hubei',44),(689,'Hunan',44),(690,'Jiangsu',44),(691,'Jiangxi',44),(692,'Jilin',44),(693,'Liaoning',44),(694,'Nei Mongol',44),(695,'Ningxia',44),(696,'Qinghai',44),(697,'Shaanxi',44),(698,'Shandong',44),(699,'Shanghai',44),(700,'Shanxi',44),(701,'Sichuan',44),(702,'Tianjin',44),(703,'Xinjiang',44),(704,'Xizang (Tibet)',44),(705,'Yunnan',44),(706,'Zhejiang',44),(707,'Christmas Island',45),(708,'Clipperton Island',46),(709,'Direction Island',47),(710,'Home Island',47),(711,'Horsburgh Island',47),(712,'North Keeling Island',47),(713,'South Island',47),(714,'West Island',47),(715,'Amazonas',48),(716,'Antioquia',48),(717,'Arauca',48),(718,'Atlantico',48),(719,'Bolivar',48),(720,'Boyaca',48),(721,'Caldas',48),(722,'Caqueta',48),(723,'Casanare',48),(724,'Cauca',48),(725,'Cesar',48),(726,'Choco',48),(727,'Cordoba',48),(728,'Cundinamarca',48),(729,'Distrito Capital de Santa Fe de Bogota',48),(730,'Guainia',48),(731,'Guaviare',48),(732,'Huila',48),(733,'La Guajira',48),(734,'Magdalena',48),(735,'Meta',48),(736,'Narino',48),(737,'Norte de Santander',48),(738,'Putumayo',48),(739,'Quindio',48),(740,'Risaralda',48),(741,'San Andres y Providencia',48),(742,'Santander',48),(743,'Sucre',48),(744,'Tolima',48),(745,'Valle del Cauca',48),(746,'Vaupes',48),(747,'Vichada',48),(748,'Anjouan (Nzwani)',49),(749,'Domoni',49),(750,'Fomboni',49),(751,'Grande Comore (Njazidja)',49),(752,'Moheli (Mwali)',49),(753,'Moroni',49),(754,'Moutsamoudou',49),(755,'Bandundu',50),(756,'Bas-Congo',50),(757,'Equateur',50),(758,'Kasai-Occidental',50),(759,'Kasai-Oriental',50),(760,'Katanga',50),(761,'Kinshasa',50),(762,'Maniema',50),(763,'Nord-Kivu',50),(764,'Orientale',50),(765,'Sud-Kivu',50),(766,'Bouenza',51),(767,'Brazzaville',51),(768,'Cuvette',51),(769,'Kouilou',51),(770,'Lekoumou',51),(771,'Likouala',51),(772,'Niari',51),(773,'Plateaux',51),(774,'Pool',51),(775,'Sangha',51),(776,'Aitutaki',52),(777,'Atiu',52),(778,'Avarua',52),(779,'Mangaia',52),(780,'Manihiki',52),(781,'Manuae',52),(782,'Mauke',52),(783,'Mitiaro',52),(784,'Nassau Island',52),(785,'Palmerston',52),(786,'Penrhyn',52),(787,'Pukapuka',52),(788,'Rakahanga',52),(789,'Rarotonga',52),(790,'Suwarrow',52),(791,'Takutea',52),(792,'Alajuela',53),(793,'Cartago',53),(794,'Guanacaste',53),(795,'Heredia',53),(796,'Limon',53),(797,'Puntarenas',53),(798,'San Jose',53),(799,'Abengourou',54),(800,'Abidjan',54),(801,'Aboisso',54),(802,'Adiake\'',54),(803,'Adzope',54),(804,'Agboville',54),(805,'Agnibilekrou',54),(806,'Ale\'pe\'',54),(807,'Bangolo',54),(808,'Beoumi',54),(809,'Biankouma',54),(810,'Bocanda',54),(811,'Bondoukou',54),(812,'Bongouanou',54),(813,'Bouafle',54),(814,'Bouake',54),(815,'Bouna',54),(816,'Boundiali',54),(817,'Dabakala',54),(818,'Dabon',54),(819,'Daloa',54),(820,'Danane',54),(821,'Daoukro',54),(822,'Dimbokro',54),(823,'Divo',54),(824,'Duekoue',54),(825,'Ferkessedougou',54),(826,'Gagnoa',54),(827,'Grand Bassam',54),(828,'Grand-Lahou',54),(829,'Guiglo',54),(830,'Issia',54),(831,'Jacqueville',54),(832,'Katiola',54),(833,'Korhogo',54),(834,'Lakota',54),(835,'Man',54),(836,'Mankono',54),(837,'Mbahiakro',54),(838,'Odienne',54),(839,'Oume',54),(840,'Sakassou',54),(841,'San-Pedro',54),(842,'Sassandra',54),(843,'Seguela',54),(844,'Sinfra',54),(845,'Soubre',54),(846,'Tabou',54),(847,'Tanda',54),(848,'Tiassale',54),(849,'Tiebissou',54),(850,'Tingrela',54),(851,'Touba',54),(852,'Toulepleu',54),(853,'Toumodi',54),(854,'Vavoua',54),(855,'Yamoussoukro',54),(856,'Zuenoula',54),(857,'Bjelovarsko-Bilogorska Zupanija',55),(858,'Brodsko-Posavska Zupanija',55),(859,'Dubrovacko-Neretvanska Zupanija',55),(860,'Istarska Zupanija',55),(861,'Karlovacka Zupanija',55),(862,'Koprivnicko-Krizevacka Zupanija',55),(863,'Krapinsko-Zagorska Zupanija',55),(864,'Licko-Senjska Zupanija',55),(865,'Medimurska Zupanija',55),(866,'Osjecko-Baranjska Zupanija',55),(867,'Pozesko-Slavonska Zupanija',55),(868,'Primorsko-Goranska Zupanija',55),(869,'Sibensko-Kninska Zupanija',55),(870,'Sisacko-Moslavacka Zupanija',55),(871,'Splitsko-Dalmatinska Zupanija',55),(872,'Varazdinska Zupanija',55),(873,'Viroviticko-Podravska Zupanija',55),(874,'Vukovarsko-Srijemska Zupanija',55),(875,'Zadarska Zupanija',55),(876,'Zagreb',55),(877,'Zagrebacka Zupanija',55),(878,'Camaguey',56),(879,'Ciego de Avila',56),(880,'Cienfuegos',56),(881,'Ciudad de La Habana',56),(882,'Granma',56),(883,'Guantanamo',56),(884,'Holguin',56),(885,'Isla de la Juventud',56),(886,'La Habana',56),(887,'Las Tunas',56),(888,'Matanzas',56),(889,'Pinar del Rio',56),(890,'Sancti Spiritus',56),(891,'Santiago de Cuba',56),(892,'Villa Clara',56),(893,'Famagusta',57),(894,'Kyrenia',57),(895,'Larnaca',57),(896,'Limassol',57),(897,'Nicosia',57),(898,'Paphos',57),(899,'Brnensky',58),(900,'Budejovicky',58),(901,'Jihlavsky',58),(902,'Karlovarsky',58),(903,'Kralovehradecky',58),(904,'Liberecky',58),(905,'Olomoucky',58),(906,'Ostravsky',58),(907,'Pardubicky',58),(908,'Plzensky',58),(909,'Praha',58),(910,'Stredocesky',58),(911,'Ustecky',58),(912,'Zlinsky',58),(913,'Arhus',59),(914,'Bornholm',59),(915,'Fredericksberg',59),(916,'Frederiksborg',59),(917,'Fyn',59),(918,'Kobenhavn',59),(919,'Kobenhavns',59),(920,'Nordjylland',59),(921,'Ribe',59),(922,'Ringkobing',59),(923,'Roskilde',59),(924,'Sonderjylland',59),(925,'Storstrom',59),(926,'Vejle',59),(927,'Vestsjalland',59),(928,'Viborg',59),(929,'Ali Sabih',60),(930,'Dikhil',60),(931,'Djibouti',60),(932,'Obock',60),(933,'Tadjoura',60),(934,'Saint Andrew',61),(935,'Saint David',61),(936,'Saint George',61),(937,'Saint John',61),(938,'Saint Joseph',61),(939,'Saint Luke',61),(940,'Saint Mark',61),(941,'Saint Patrick',61),(942,'Saint Paul',61),(943,'Saint Peter',61),(944,'Azua',62),(945,'Baoruco',62),(946,'Barahona',62),(947,'Dajabon',62),(948,'Distrito Nacional',62),(949,'Duarte',62),(950,'El Seibo',62),(951,'Elias Pina',62),(952,'Espaillat',62),(953,'Hato Mayor',62),(954,'Independencia',62),(955,'La Altagracia',62),(956,'La Romana',62),(957,'La Vega',62),(958,'Maria Trinidad Sanchez',62),(959,'Monsenor Nouel',62),(960,'Monte Cristi',62),(961,'Monte Plata',62),(962,'Pedernales',62),(963,'Peravia',62),(964,'Puerto Plata',62),(965,'Salcedo',62),(966,'Samana',62),(967,'San Cristobal',62),(968,'San Juan',62),(969,'San Pedro de Macoris',62),(970,'Sanchez Ramirez',62),(971,'Santiago',62),(972,'Santiago Rodriguez',62),(973,'Valverde',62),(974,'Azuay',63),(975,'Bolivar',63),(976,'Canar',63),(977,'Carchi',63),(978,'Chimborazo',63),(979,'Cotopaxi',63),(980,'El Oro',63),(981,'Esmeraldas',63),(982,'Galapagos',63),(983,'Guayas',63),(984,'Imbabura',63),(985,'Loja',63),(986,'Los Rios',63),(987,'Manabi',63),(988,'Morona-Santiago',63),(989,'Napo',63),(990,'Orellana',63),(991,'Pastaza',63),(992,'Pichincha',63),(993,'Sucumbios',63),(994,'Tungurahua',63),(995,'Zamora-Chinchipe',63),(996,'Ad Daqahliyah',64),(997,'Al Bahr al Ahmar',64),(998,'Al Buhayrah',64),(999,'Al Fayyum',64),(1000,'Al Gharbiyah',64),(1001,'Al Iskandariyah',64),(1002,'Al Isma\'iliyah',64),(1003,'Al Jizah',64),(1004,'Al Minufiyah',64),(1005,'Al Minya',64),(1006,'Al Qahirah',64),(1007,'Al Qalyubiyah',64),(1008,'Al Wadi al Jadid',64),(1009,'As Suways',64),(1010,'Ash Sharqiyah',64),(1011,'Aswan',64),(1012,'Asyut',64),(1013,'Bani Suwayf',64),(1014,'Bur Sa\'id',64),(1015,'Dumyat',64),(1016,'Janub Sina\'',64),(1017,'Kafr ash Shaykh',64),(1018,'Matruh',64),(1019,'Qina',64),(1020,'Shamal Sina\'',64),(1021,'Suhaj',64),(1022,'Ahuachapan',65),(1023,'Cabanas',65),(1024,'Chalatenango',65),(1025,'Cuscatlan',65),(1026,'La Libertad',65),(1027,'La Paz',65),(1028,'La Union',65),(1029,'Morazan',65),(1030,'San Miguel',65),(1031,'San Salvador',65),(1032,'San Vicente',65),(1033,'Santa Ana',65),(1034,'Sonsonate',65),(1035,'Usulutan',65),(1036,'Annobon',66),(1037,'Bioko Norte',66),(1038,'Bioko Sur',66),(1039,'Centro Sur',66),(1040,'Kie-Ntem',66),(1041,'Litoral',66),(1042,'Wele-Nzas',66),(1043,'Akale Guzay',67),(1044,'Barka',67),(1045,'Denkel',67),(1046,'Hamasen',67),(1047,'Sahil',67),(1048,'Semhar',67),(1049,'Senhit',67),(1050,'Seraye',67),(1051,'Harjumaa (Tallinn)',68),(1052,'Hiiumaa (Kardla)',68),(1053,'Ida-Virumaa (Johvi)',68),(1054,'Jarvamaa (Paide)',68),(1055,'Jogevamaa (Jogeva)',68),(1056,'Laane-Virumaa (Rakvere)',68),(1057,'Laanemaa (Haapsalu)',68),(1058,'Parnumaa (Parnu)',68),(1059,'Polvamaa (Polva)',68),(1060,'Raplamaa (Rapla)',68),(1061,'Saaremaa (Kuessaare)',68),(1062,'Tartumaa (Tartu)',68),(1063,'Valgamaa (Valga)',68),(1064,'Viljandimaa (Viljandi)',68),(1065,'Vorumaa (Voru)',68),(1066,'Adis Abeba (Addis Ababa)',69),(1067,'Afar',69),(1068,'Amara',69),(1069,'Dire Dawa',69),(1070,'Gambela Hizboch',69),(1071,'Hareri Hizb',69),(1072,'Oromiya',69),(1073,'Sumale',69),(1074,'Tigray',69),(1075,'YeDebub Biheroch Bihereseboch na Hizboch',69),(1076,'Europa Island',70),(1077,'Falkland Islands (Islas Malvinas)',71),(1078,'Bordoy',72),(1079,'Eysturoy',72),(1080,'Mykines',72),(1081,'Sandoy',72),(1082,'Skuvoy',72),(1083,'Streymoy',72),(1084,'Suduroy',72),(1085,'Tvoroyri',72),(1086,'Vagar',72),(1087,'Central',73),(1088,'Eastern',73),(1089,'Northern',73),(1090,'Rotuma',73),(1091,'Western',73),(1092,'Aland',74),(1093,'Etela-Suomen Laani',74),(1094,'Ita-Suomen Laani',74),(1095,'Lansi-Suomen Laani',74),(1096,'Lappi',74),(1097,'Oulun Laani',74),(1098,'Alsace',75),(1099,'Aquitaine',75),(1100,'Auvergne',75),(1101,'Basse-Normandie',75),(1102,'Bourgogne',75),(1103,'Bretagne',75),(1104,'Centre',75),(1105,'Champagne-Ardenne',75),(1106,'Corse',75),(1107,'Franche-Comte',75),(1108,'Haute-Normandie',75),(1109,'Ile-de-France',75),(1110,'Languedoc-Roussillon',75),(1111,'Limousin',75),(1112,'Lorraine',75),(1113,'Midi-Pyrenees',75),(1114,'Nord-Pas-de-Calais',75),(1115,'Pays de la Loire',75),(1116,'Picardie',75),(1117,'Poitou-Charentes',75),(1118,'Provence-Alpes-Cote d\'Azur',75),(1119,'Rhone-Alpes',75),(1120,'French Guiana',76),(1121,'Archipel des Marquises',77),(1122,'Archipel des Tuamotu',77),(1123,'Archipel des Tubuai',77),(1124,'Iles du Vent',77),(1125,'Iles Sous-le-Vent',77),(1126,'Adelie Land',78),(1127,'Ile Crozet',78),(1128,'Iles Kerguelen',78),(1129,'Iles Saint-Paul et Amsterdam',78),(1130,'Estuaire',79),(1131,'Haut-Ogooue',79),(1132,'Moyen-Ogooue',79),(1133,'Ngounie',79),(1134,'Nyanga',79),(1135,'Ogooue-Ivindo',79),(1136,'Ogooue-Lolo',79),(1137,'Ogooue-Maritime',79),(1138,'Woleu-Ntem',79),(1139,'Banjul',80),(1140,'Central River',80),(1141,'Lower River',80),(1142,'North Bank',80),(1143,'Upper River',80),(1144,'Western',80),(1145,'Gaza Strip',81),(1146,'Abashis',82),(1147,'Abkhazia or Ap\'khazet\'is Avtonomiuri Respublika (Sokhumi)',82),(1148,'Adigenis',82),(1149,'Ajaria or Acharis Avtonomiuri Respublika (Bat\'umi)',82),(1150,'Akhalgoris',82),(1151,'Akhalk\'alak\'is',82),(1152,'Akhalts\'ikhis',82),(1153,'Akhmetis',82),(1154,'Ambrolauris',82),(1155,'Aspindzis',82),(1156,'Baghdat\'is',82),(1157,'Bolnisis',82),(1158,'Borjomis',82),(1159,'Ch\'khorotsqus',82),(1160,'Ch\'okhatauris',82),(1161,'Chiat\'ura',82),(1162,'Dedop\'listsqaros',82),(1163,'Dmanisis',82),(1164,'Dushet\'is',82),(1165,'Gardabanis',82),(1166,'Gori',82),(1167,'Goris',82),(1168,'Gurjaanis',82),(1169,'Javis',82),(1170,'K\'arelis',82),(1171,'K\'ut\'aisi',82),(1172,'Kaspis',82),(1173,'Kharagaulis',82),(1174,'Khashuris',82),(1175,'Khobis',82),(1176,'Khonis',82),(1177,'Lagodekhis',82),(1178,'Lanch\'khut\'is',82),(1179,'Lentekhis',82),(1180,'Marneulis',82),(1181,'Martvilis',82),(1182,'Mestiis',82),(1183,'Mts\'khet\'is',82),(1184,'Ninotsmindis',82),(1185,'Onis',82),(1186,'Ozurget\'is',82),(1187,'P\'ot\'i',82),(1188,'Qazbegis',82),(1189,'Qvarlis',82),(1190,'Rust\'avi',82),(1191,'Sach\'kheris',82),(1192,'Sagarejos',82),(1193,'Samtrediis',82),(1194,'Senakis',82),(1195,'Sighnaghis',82),(1196,'T\'bilisi',82),(1197,'T\'elavis',82),(1198,'T\'erjolis',82),(1199,'T\'et\'ritsqaros',82),(1200,'T\'ianet\'is',82),(1201,'Tqibuli',82),(1202,'Ts\'ageris',82),(1203,'Tsalenjikhis',82),(1204,'Tsalkis',82),(1205,'Tsqaltubo',82),(1206,'Vanis',82),(1207,'Zestap\'onis',82),(1208,'Zugdidi',82),(1209,'Zugdidis',82),(1210,'Baden-Wuerttemberg',83),(1211,'Bayern',83),(1212,'Berlin',83),(1213,'Brandenburg',83),(1214,'Bremen',83),(1215,'Hamburg',83),(1216,'Hessen',83),(1217,'Mecklenburg-Vorpommern',83),(1218,'Niedersachsen',83),(1219,'Nordrhein-Westfalen',83),(1220,'Rheinland-Pfalz',83),(1221,'Saarland',83),(1222,'Sachsen',83),(1223,'Sachsen-Anhalt',83),(1224,'Schleswig-Holstein',83),(1225,'Thueringen',83),(1226,'Ashanti',84),(1227,'Brong-Ahafo',84),(1228,'Central',84),(1229,'Eastern',84),(1230,'Greater Accra',84),(1231,'Northern',84),(1232,'Upper East',84),(1233,'Upper West',84),(1234,'Volta',84),(1235,'Western',84),(1236,'Gibraltar',85),(1237,'Ile du Lys',86),(1238,'Ile Glorieuse',86),(1239,'Aitolia kai Akarnania',87),(1240,'Akhaia',87),(1241,'Argolis',87),(1242,'Arkadhia',87),(1243,'Arta',87),(1244,'Attiki',87),(1245,'Ayion Oros (Mt. Athos)',87),(1246,'Dhodhekanisos',87),(1247,'Drama',87),(1248,'Evritania',87),(1249,'Evros',87),(1250,'Evvoia',87),(1251,'Florina',87),(1252,'Fokis',87),(1253,'Fthiotis',87),(1254,'Grevena',87),(1255,'Ilia',87),(1256,'Imathia',87),(1257,'Ioannina',87),(1258,'Irakleion',87),(1259,'Kardhitsa',87),(1260,'Kastoria',87),(1261,'Kavala',87),(1262,'Kefallinia',87),(1263,'Kerkyra',87),(1264,'Khalkidhiki',87),(1265,'Khania',87),(1266,'Khios',87),(1267,'Kikladhes',87),(1268,'Kilkis',87),(1269,'Korinthia',87),(1270,'Kozani',87),(1271,'Lakonia',87),(1272,'Larisa',87),(1273,'Lasithi',87),(1274,'Lesvos',87),(1275,'Levkas',87),(1276,'Magnisia',87),(1277,'Messinia',87),(1278,'Pella',87),(1279,'Pieria',87),(1280,'Preveza',87),(1281,'Rethimni',87),(1282,'Rodhopi',87),(1283,'Samos',87),(1284,'Serrai',87),(1285,'Thesprotia',87),(1286,'Thessaloniki',87),(1287,'Trikala',87),(1288,'Voiotia',87),(1289,'Xanthi',87),(1290,'Zakinthos',87),(1291,'Avannaa (Nordgronland)',88),(1292,'Kitaa (Vestgronland)',88),(1293,'Tunu (Ostgronland)',88),(1294,'Carriacou and Petit Martinique',89),(1295,'Saint Andrew',89),(1296,'Saint David',89),(1297,'Saint George',89),(1298,'Saint John',89),(1299,'Saint Mark',89),(1300,'Saint Patrick',89),(1301,'Basse-Terre',90),(1302,'Grande-Terre',90),(1303,'Iles de la Petite Terre',90),(1304,'Iles des Saintes',90),(1305,'Marie-Galante',90),(1306,'Guam',91),(1307,'Alta Verapaz',92),(1308,'Baja Verapaz',92),(1309,'Chimaltenango',92),(1310,'Chiquimula',92),(1311,'El Progreso',92),(1312,'Escuintla',92),(1313,'Guatemala',92),(1314,'Huehuetenango',92),(1315,'Izabal',92),(1316,'Jalapa',92),(1317,'Jutiapa',92),(1318,'Peten',92),(1319,'Quetzaltenango',92),(1320,'Quiche',92),(1321,'Retalhuleu',92),(1322,'Sacatepequez',92),(1323,'San Marcos',92),(1324,'Santa Rosa',92),(1325,'Solola',92),(1326,'Suchitepequez',92),(1327,'Totonicapan',92),(1328,'Zacapa',92),(1329,'Castel',93),(1330,'Forest',93),(1331,'St. Andrew',93),(1332,'St. Martin',93),(1333,'St. Peter Port',93),(1334,'St. Pierre du Bois',93),(1335,'St. Sampson',93),(1336,'St. Saviour',93),(1337,'Torteval',93),(1338,'Vale',93),(1339,'Beyla',94),(1340,'Boffa',94),(1341,'Boke',94),(1342,'Conakry',94),(1343,'Coyah',94),(1344,'Dabola',94),(1345,'Dalaba',94),(1346,'Dinguiraye',94),(1347,'Dubreka',94),(1348,'Faranah',94),(1349,'Forecariah',94),(1350,'Fria',94),(1351,'Gaoual',94),(1352,'Gueckedou',94),(1353,'Kankan',94),(1354,'Kerouane',94),(1355,'Kindia',94),(1356,'Kissidougou',94),(1357,'Koubia',94),(1358,'Koundara',94),(1359,'Kouroussa',94),(1360,'Labe',94),(1361,'Lelouma',94),(1362,'Lola',94),(1363,'Macenta',94),(1364,'Mali',94),(1365,'Mamou',94),(1366,'Mandiana',94),(1367,'Nzerekore',94),(1368,'Pita',94),(1369,'Siguiri',94),(1370,'Telimele',94),(1371,'Tougue',94),(1372,'Yomou',94),(1373,'Bafata',95),(1374,'Biombo',95),(1375,'Bissau',95),(1376,'Bolama-Bijagos',95),(1377,'Cacheu',95),(1378,'Gabu',95),(1379,'Oio',95),(1380,'Quinara',95),(1381,'Tombali',95),(1382,'Barima-Waini',96),(1383,'Cuyuni-Mazaruni',96),(1384,'Demerara-Mahaica',96),(1385,'East Berbice-Corentyne',96),(1386,'Essequibo Islands-West Demerara',96),(1387,'Mahaica-Berbice',96),(1388,'Pomeroon-Supenaam',96),(1389,'Potaro-Siparuni',96),(1390,'Upper Demerara-Berbice',96),(1391,'Upper Takutu-Upper Essequibo',96),(1392,'Artibonite',97),(1393,'Centre',97),(1394,'Grand\'Anse',97),(1395,'Nord',97),(1396,'Nord-Est',97),(1397,'Nord-Ouest',97),(1398,'Ouest',97),(1399,'Sud',97),(1400,'Sud-Est',97),(1401,'Heard Island and McDonald Islands',98),(1402,'Holy See (Vatican City)',99),(1403,'Atlantida',100),(1404,'Choluteca',100),(1405,'Colon',100),(1406,'Comayagua',100),(1407,'Copan',100),(1408,'Cortes',100),(1409,'El Paraiso',100),(1410,'Francisco Morazan',100),(1411,'Gracias a Dios',100),(1412,'Intibuca',100),(1413,'Islas de la Bahia',100),(1414,'La Paz',100),(1415,'Lempira',100),(1416,'Ocotepeque',100),(1417,'Olancho',100),(1418,'Santa Barbara',100),(1419,'Valle',100),(1420,'Yoro',100),(1421,'Hong Kong',101),(1422,'Howland Island',102),(1423,'Bacs-Kiskun',103),(1424,'Baranya',103),(1425,'Bekes',103),(1426,'Bekescsaba',103),(1427,'Borsod-Abauj-Zemplen',103),(1428,'Budapest',103),(1429,'Csongrad',103),(1430,'Debrecen',103),(1431,'Dunaujvaros',103),(1432,'Eger',103),(1433,'Fejer',103),(1434,'Gyor',103),(1435,'Gyor-Moson-Sopron',103),(1436,'Hajdu-Bihar',103),(1437,'Heves',103),(1438,'Hodmezovasarhely',103),(1439,'Jasz-Nagykun-Szolnok',103),(1440,'Kaposvar',103),(1441,'Kecskemet',103),(1442,'Komarom-Esztergom',103),(1443,'Miskolc',103),(1444,'Nagykanizsa',103),(1445,'Nograd',103),(1446,'Nyiregyhaza',103),(1447,'Pecs',103),(1448,'Pest',103),(1449,'Somogy',103),(1450,'Sopron',103),(1451,'Szabolcs-Szatmar-Bereg',103),(1452,'Szeged',103),(1453,'Szekesfehervar',103),(1454,'Szolnok',103),(1455,'Szombathely',103),(1456,'Tatabanya',103),(1457,'Tolna',103),(1458,'Vas',103),(1459,'Veszprem',103),(1460,'Veszprem',103),(1461,'Zala',103),(1462,'Zalaegerszeg',103),(1463,'Akranes',104),(1464,'Akureyri',104),(1465,'Arnessysla',104),(1466,'Austur-Bardhastrandarsysla',104),(1467,'Austur-Hunavatnssysla',104),(1468,'Austur-Skaftafellssysla',104),(1469,'Borgarfjardharsysla',104),(1470,'Dalasysla',104),(1471,'Eyjafjardharsysla',104),(1472,'Gullbringusysla',104),(1473,'Hafnarfjordhur',104),(1474,'Husavik',104),(1475,'Isafjordhur',104),(1476,'Keflavik',104),(1477,'Kjosarsysla',104),(1478,'Kopavogur',104),(1479,'Myrasysla',104),(1480,'Neskaupstadhur',104),(1481,'Nordhur-Isafjardharsysla',104),(1482,'Nordhur-Mulasys-la',104),(1483,'Nordhur-Thingeyjarsysla',104),(1484,'Olafsfjordhur',104),(1485,'Rangarvallasysla',104),(1486,'Reykjavik',104),(1487,'Saudharkrokur',104),(1488,'Seydhisfjordhur',104),(1489,'Siglufjordhur',104),(1490,'Skagafjardharsysla',104),(1491,'Snaefellsnes-og Hnappadalssysla',104),(1492,'Strandasysla',104),(1493,'Sudhur-Mulasysla',104),(1494,'Sudhur-Thingeyjarsysla',104),(1495,'Vesttmannaeyjar',104),(1496,'Vestur-Bardhastrandarsysla',104),(1497,'Vestur-Hunavatnssysla',104),(1498,'Vestur-Isafjardharsysla',104),(1499,'Vestur-Skaftafellssysla',104),(1500,'Andaman and Nicobar Islands',105),(1501,'Andhra Pradesh',105),(1502,'Arunachal Pradesh',105),(1503,'Assam',105),(1504,'Bihar',105),(1505,'Chandigarh',105),(1506,'Chhattisgarh',105),(1507,'Dadra and Nagar Haveli',105),(1508,'Daman and Diu',105),(1509,'Delhi',105),(1510,'Goa',105),(1511,'Gujarat',105),(1512,'Haryana',105),(1513,'Himachal Pradesh',105),(1514,'Jammu and Kashmir',105),(1515,'Jharkhand',105),(1516,'Karnataka',105),(1517,'Kerala',105),(1518,'Lakshadweep',105),(1519,'Madhya Pradesh',105),(1520,'Maharashtra',105),(1521,'Manipur',105),(1522,'Meghalaya',105),(1523,'Mizoram',105),(1524,'Nagaland',105),(1525,'Orissa',105),(1526,'Pondicherry',105),(1527,'Punjab',105),(1528,'Rajasthan',105),(1529,'Sikkim',105),(1530,'Tamil Nadu',105),(1531,'Tripura',105),(1532,'Uttar Pradesh',105),(1533,'Uttaranchal',105),(1534,'West Bengal',105),(1535,'Aceh',106),(1536,'Bali',106),(1537,'Banten',106),(1538,'Bengkulu',106),(1539,'East Timor',106),(1540,'Gorontalo',106),(1541,'Irian Jaya',106),(1542,'Jakarta Raya',106),(1543,'Jambi',106),(1544,'Jawa Barat',106),(1545,'Jawa Tengah',106),(1546,'Jawa Timur',106),(1547,'Kalimantan Barat',106),(1548,'Kalimantan Selatan',106),(1549,'Kalimantan Tengah',106),(1550,'Kalimantan Timur',106),(1551,'Kepulauan Bangka Belitung',106),(1552,'Lampung',106),(1553,'Maluku',106),(1554,'Maluku Utara',106),(1555,'Nusa Tenggara Barat',106),(1556,'Nusa Tenggara Timur',106),(1557,'Riau',106),(1558,'Sulawesi Selatan',106),(1559,'Sulawesi Tengah',106),(1560,'Sulawesi Tenggara',106),(1561,'Sulawesi Utara',106),(1562,'Sumatera Barat',106),(1563,'Sumatera Selatan',106),(1564,'Sumatera Utara',106),(1565,'Yogyakarta',106),(1566,'Ardabil',107),(1567,'Azarbayjan-e Gharbi',107),(1568,'Azarbayjan-e Sharqi',107),(1569,'Bushehr',107),(1570,'Chahar Mahall va Bakhtiari',107),(1571,'Esfahan',107),(1572,'Fars',107),(1573,'Gilan',107),(1574,'Golestan',107),(1575,'Hamadan',107),(1576,'Hormozgan',107),(1577,'Ilam',107),(1578,'Kerman',107),(1579,'Kermanshah',107),(1580,'Khorasan',107),(1581,'Khuzestan',107),(1582,'Kohgiluyeh va Buyer Ahmad',107),(1583,'Kordestan',107),(1584,'Lorestan',107),(1585,'Markazi',107),(1586,'Mazandaran',107),(1587,'Qazvin',107),(1588,'Qom',107),(1589,'Semnan',107),(1590,'Sistan va Baluchestan',107),(1591,'Tehran',107),(1592,'Yazd',107),(1593,'Zanjan',107),(1594,'Al Anbar',108),(1595,'Al Basrah',108),(1596,'Al Muthanna',108),(1597,'Al Qadisiyah',108),(1598,'An Najaf',108),(1599,'Arbil',108),(1600,'As Sulaymaniyah',108),(1601,'At Ta\'mim',108),(1602,'Babil',108),(1603,'Baghdad',108),(1604,'Dahuk',108),(1605,'Dhi Qar',108),(1606,'Diyala',108),(1607,'Karbala\'',108),(1608,'Maysan',108),(1609,'Ninawa',108),(1610,'Salah ad Din',108),(1611,'Wasit',108),(1612,'Carlow',109),(1613,'Cavan',109),(1614,'Clare',109),(1615,'Cork',109),(1616,'Donegal',109),(1617,'Dublin',109),(1618,'Galway',109),(1619,'Kerry',109),(1620,'Kildare',109),(1621,'Kilkenny',109),(1622,'Laois',109),(1623,'Leitrim',109),(1624,'Limerick',109),(1625,'Longford',109),(1626,'Louth',109),(1627,'Mayo',109),(1628,'Meath',109),(1629,'Monaghan',109),(1630,'Offaly',109),(1631,'Roscommon',109),(1632,'Sligo',109),(1633,'Tipperary',109),(1634,'Waterford',109),(1635,'Westmeath',109),(1636,'Wexford',109),(1637,'Wicklow',109),(1638,'Antrim',110),(1639,'Ards',110),(1640,'Armagh',110),(1641,'Ballymena',110),(1642,'Ballymoney',110),(1643,'Banbridge',110),(1644,'Belfast',110),(1645,'Carrickfergus',110),(1646,'Castlereagh',110),(1647,'Coleraine',110),(1648,'Cookstown',110),(1649,'Craigavon',110),(1650,'Derry',110),(1651,'Down',110),(1652,'Dungannon',110),(1653,'Fermanagh',110),(1654,'Larne',110),(1655,'Limavady',110),(1656,'Lisburn',110),(1657,'Magherafelt',110),(1658,'Moyle',110),(1659,'Newry and Mourne',110),(1660,'Newtownabbey',110),(1661,'North Down',110),(1662,'Omagh',110),(1663,'Strabane',110),(1664,'Central',111),(1665,'Haifa',111),(1666,'Jerusalem',111),(1667,'Northern',111),(1668,'Southern',111),(1669,'Tel Aviv',111),(1670,'Abruzzi',112),(1671,'Basilicata',112),(1672,'Calabria',112),(1673,'Campania',112),(1674,'Emilia-Romagna',112),(1675,'Friuli-Venezia Giulia',112),(1676,'Lazio',112),(1677,'Liguria',112),(1678,'Lombardia',112),(1679,'Marche',112),(1680,'Molise',112),(1681,'Piemonte',112),(1682,'Puglia',112),(1683,'Sardegna',112),(1684,'Sicilia',112),(1685,'Toscana',112),(1686,'Trentino-Alto Adige',112),(1687,'Umbria',112),(1688,'Valle d\'Aosta',112),(1689,'Veneto',112),(1690,'Clarendon',113),(1691,'Hanover',113),(1692,'Kingston',113),(1693,'Manchester',113),(1694,'Portland',113),(1695,'Saint Andrew',113),(1696,'Saint Ann',113),(1697,'Saint Catherine',113),(1698,'Saint Elizabeth',113),(1699,'Saint James',113),(1700,'Saint Mary',113),(1701,'Saint Thomas',113),(1702,'Trelawny',113),(1703,'Westmoreland',113),(1704,'Jan Mayen',114),(1705,'Aichi',115),(1706,'Akita',115),(1707,'Aomori',115),(1708,'Chiba',115),(1709,'Ehime',115),(1710,'Fukui',115),(1711,'Fukuoka',115),(1712,'Fukushima',115),(1713,'Gifu',115),(1714,'Gumma',115),(1715,'Hiroshima',115),(1716,'Hokkaido',115),(1717,'Hyogo',115),(1718,'Ibaraki',115),(1719,'Ishikawa',115),(1720,'Iwate',115),(1721,'Kagawa',115),(1722,'Kagoshima',115),(1723,'Kanagawa',115),(1724,'Kochi',115),(1725,'Kumamoto',115),(1726,'Kyoto',115),(1727,'Mie',115),(1728,'Miyagi',115),(1729,'Miyazaki',115),(1730,'Nagano',115),(1731,'Nagasaki',115),(1732,'Nara',115),(1733,'Niigata',115),(1734,'Oita',115),(1735,'Okayama',115),(1736,'Okinawa',115),(1737,'Osaka',115),(1738,'Saga',115),(1739,'Saitama',115),(1740,'Shiga',115),(1741,'Shimane',115),(1742,'Shizuoka',115),(1743,'Tochigi',115),(1744,'Tokushima',115),(1745,'Tokyo',115),(1746,'Tottori',115),(1747,'Toyama',115),(1748,'Wakayama',115),(1749,'Yamagata',115),(1750,'Yamaguchi',115),(1751,'Yamanashi',115),(1752,'Jarvis Island',116),(1753,'Jersey',117),(1754,'Johnston Atoll',118),(1755,'Amman',119),(1756,'Ajlun',119),(1757,'Al \'Aqabah',119),(1758,'Al Balqa\'',119),(1759,'Al Karak',119),(1760,'Al Mafraq',119),(1761,'At Tafilah',119),(1762,'Az Zarqa\'',119),(1763,'Irbid',119),(1764,'Jarash',119),(1765,'Ma\'an',119),(1766,'Madaba',119),(1767,'Juan de Nova Island',120),(1768,'Almaty',121),(1769,'Aqmola',121),(1770,'Aqtobe',121),(1771,'Astana',121),(1772,'Atyrau',121),(1773,'Batys Qazaqstan',121),(1774,'Bayqongyr',121),(1775,'Mangghystau',121),(1776,'Ongtustik Qazaqstan',121),(1777,'Pavlodar',121),(1778,'Qaraghandy',121),(1779,'Qostanay',121),(1780,'Qyzylorda',121),(1781,'Shyghys Qazaqstan',121),(1782,'Soltustik Qazaqstan',121),(1783,'Zhambyl',121),(1784,'Central',122),(1785,'Coast',122),(1786,'Eastern',122),(1787,'Nairobi Area',122),(1788,'North Eastern',122),(1789,'Nyanza',122),(1790,'Rift Valley',122),(1791,'Western',122),(1792,'Abaiang',123),(1793,'Abemama',123),(1794,'Aranuka',123),(1795,'Arorae',123),(1796,'Banaba',123),(1797,'Banaba',123),(1798,'Beru',123),(1799,'Butaritari',123),(1800,'Central Gilberts',123),(1801,'Gilbert Islands',123),(1802,'Kanton',123),(1803,'Kiritimati',123),(1804,'Kuria',123),(1805,'Line Islands',123),(1806,'Line Islands',123),(1807,'Maiana',123),(1808,'Makin',123),(1809,'Marakei',123),(1810,'Nikunau',123),(1811,'Nonouti',123),(1812,'Northern Gilberts',123),(1813,'Onotoa',123),(1814,'Phoenix Islands',123),(1815,'Southern Gilberts',123),(1816,'Tabiteuea',123),(1817,'Tabuaeran',123),(1818,'Tamana',123),(1819,'Tarawa',123),(1820,'Tarawa',123),(1821,'Teraina',123),(1822,'Chagang-do (Chagang Province)',124),(1823,'Hamgyong-bukto (North Hamgyong Province)',124),(1824,'Hamgyong-namdo (South Hamgyong Province)',124),(1825,'Hwanghae-bukto (North Hwanghae Province)',124),(1826,'Hwanghae-namdo (South Hwanghae Province)',124),(1827,'Kaesong-si (Kaesong City)',124),(1828,'Kangwon-do (Kangwon Province)',124),(1829,'Namp\'o-si (Namp\'o City)',124),(1830,'P\'yongan-bukto (North P\'yongan Province)',124),(1831,'P\'yongan-namdo (South P\'yongan Province)',124),(1832,'P\'yongyang-si (P\'yongyang City)',124),(1833,'Yanggang-do (Yanggang Province)',124),(1834,'Ch\'ungch\'ong-bukto',125),(1835,'Ch\'ungch\'ong-namdo',125),(1836,'Cheju-do',125),(1837,'Cholla-bukto',125),(1838,'Cholla-namdo',125),(1839,'Inch\'on-gwangyoksi',125),(1840,'Kangwon-do',125),(1841,'Kwangju-gwangyoksi',125),(1842,'Kyonggi-do',125),(1843,'Kyongsang-bukto',125),(1844,'Kyongsang-namdo',125),(1845,'Pusan-gwangyoksi',125),(1846,'Soul-t\'ukpyolsi',125),(1847,'Taegu-gwangyoksi',125),(1848,'Taejon-gwangyoksi',125),(1849,'Ulsan-gwangyoksi',125),(1850,'Al \'Asimah',126),(1851,'Al Ahmadi',126),(1852,'Al Farwaniyah',126),(1853,'Al Jahra\'',126),(1854,'Hawalli',126),(1855,'Batken Oblasty',127),(1856,'Bishkek Shaary',127),(1857,'Chuy Oblasty (Bishkek)',127),(1858,'Jalal-Abad Oblasty',127),(1859,'Naryn Oblasty',127),(1860,'Osh Oblasty',127),(1861,'Talas Oblasty',127),(1862,'Ysyk-Kol Oblasty (Karakol)',127),(1863,'Attapu',128),(1864,'Bokeo',128),(1865,'Bolikhamxai',128),(1866,'Champasak',128),(1867,'Houaphan',128),(1868,'Khammouan',128),(1869,'Louangnamtha',128),(1870,'Louangphabang',128),(1871,'Oudomxai',128),(1872,'Phongsali',128),(1873,'Salavan',128),(1874,'Savannakhet',128),(1875,'Viangchan',128),(1876,'Viangchan',128),(1877,'Xaignabouli',128),(1878,'Xaisomboun',128),(1879,'Xekong',128),(1880,'Xiangkhoang',128),(1881,'Aizkraukles Rajons',129),(1882,'Aluksnes Rajons',129),(1883,'Balvu Rajons',129),(1884,'Bauskas Rajons',129),(1885,'Cesu Rajons',129),(1886,'Daugavpils',129),(1887,'Daugavpils Rajons',129),(1888,'Dobeles Rajons',129),(1889,'Gulbenes Rajons',129),(1890,'Jekabpils Rajons',129),(1891,'Jelgava',129),(1892,'Jelgavas Rajons',129),(1893,'Jurmala',129),(1894,'Kraslavas Rajons',129),(1895,'Kuldigas Rajons',129),(1896,'Leipaja',129),(1897,'Liepajas Rajons',129),(1898,'Limbazu Rajons',129),(1899,'Ludzas Rajons',129),(1900,'Madonas Rajons',129),(1901,'Ogres Rajons',129),(1902,'Preilu Rajons',129),(1903,'Rezekne',129),(1904,'Rezeknes Rajons',129),(1905,'Riga',129),(1906,'Rigas Rajons',129),(1907,'Saldus Rajons',129),(1908,'Talsu Rajons',129),(1909,'Tukuma Rajons',129),(1910,'Valkas Rajons',129),(1911,'Valmieras Rajons',129),(1912,'Ventspils',129),(1913,'Ventspils Rajons',129),(1914,'Beyrouth',130),(1915,'Ech Chimal',130),(1916,'Ej Jnoub',130),(1917,'El Bekaa',130),(1918,'Jabal Loubnane',130),(1919,'Berea',131),(1920,'Butha-Buthe',131),(1921,'Leribe',131),(1922,'Mafeteng',131),(1923,'Maseru',131),(1924,'Mohales Hoek',131),(1925,'Mokhotlong',131),(1926,'Qacha\'s Nek',131),(1927,'Quthing',131),(1928,'Thaba-Tseka',131),(1929,'Bomi',132),(1930,'Bong',132),(1931,'Grand Bassa',132),(1932,'Grand Cape Mount',132),(1933,'Grand Gedeh',132),(1934,'Grand Kru',132),(1935,'Lofa',132),(1936,'Margibi',132),(1937,'Maryland',132),(1938,'Montserrado',132),(1939,'Nimba',132),(1940,'River Cess',132),(1941,'Sinoe',132),(1942,'Ajdabiya',133),(1943,'Al \'Aziziyah',133),(1944,'Al Fatih',133),(1945,'Al Jabal al Akhdar',133),(1946,'Al Jufrah',133),(1947,'Al Khums',133),(1948,'Al Kufrah',133),(1949,'An Nuqat al Khams',133),(1950,'Ash Shati\'',133),(1951,'Awbari',133),(1952,'Az Zawiyah',133),(1953,'Banghazi',133),(1954,'Darnah',133),(1955,'Ghadamis',133),(1956,'Gharyan',133),(1957,'Misratah',133),(1958,'Murzuq',133),(1959,'Sabha',133),(1960,'Sawfajjin',133),(1961,'Surt',133),(1962,'Tarabulus',133),(1963,'Tarhunah',133),(1964,'Tubruq',133),(1965,'Yafran',133),(1966,'Zlitan',133),(1967,'Balzers',134),(1968,'Eschen',134),(1969,'Gamprin',134),(1970,'Mauren',134),(1971,'Planken',134),(1972,'Ruggell',134),(1973,'Schaan',134),(1974,'Schellenberg',134),(1975,'Triesen',134),(1976,'Triesenberg',134),(1977,'Vaduz',134),(1978,'Akmenes Rajonas',135),(1979,'Alytaus Rajonas',135),(1980,'Alytus',135),(1981,'Anyksciu Rajonas',135),(1982,'Birstonas',135),(1983,'Birzu Rajonas',135),(1984,'Druskininkai',135),(1985,'Ignalinos Rajonas',135),(1986,'Jonavos Rajonas',135),(1987,'Joniskio Rajonas',135),(1988,'Jurbarko Rajonas',135),(1989,'Kaisiadoriu Rajonas',135),(1990,'Kaunas',135),(1991,'Kauno Rajonas',135),(1992,'Kedainiu Rajonas',135),(1993,'Kelmes Rajonas',135),(1994,'Klaipeda',135),(1995,'Klaipedos Rajonas',135),(1996,'Kretingos Rajonas',135),(1997,'Kupiskio Rajonas',135),(1998,'Lazdiju Rajonas',135),(1999,'Marijampole',135),(2000,'Marijampoles Rajonas',135),(2001,'Mazeikiu Rajonas',135),(2002,'Moletu Rajonas',135),(2003,'Neringa Pakruojo Rajonas',135),(2004,'Palanga',135),(2005,'Panevezio Rajonas',135),(2006,'Panevezys',135),(2007,'Pasvalio Rajonas',135),(2008,'Plunges Rajonas',135),(2009,'Prienu Rajonas',135),(2010,'Radviliskio Rajonas',135),(2011,'Raseiniu Rajonas',135),(2012,'Rokiskio Rajonas',135),(2013,'Sakiu Rajonas',135),(2014,'Salcininku Rajonas',135),(2015,'Siauliai',135),(2016,'Siauliu Rajonas',135),(2017,'Silales Rajonas',135),(2018,'Silutes Rajonas',135),(2019,'Sirvintu Rajonas',135),(2020,'Skuodo Rajonas',135),(2021,'Svencioniu Rajonas',135),(2022,'Taurages Rajonas',135),(2023,'Telsiu Rajonas',135),(2024,'Traku Rajonas',135),(2025,'Ukmerges Rajonas',135),(2026,'Utenos Rajonas',135),(2027,'Varenos Rajonas',135),(2028,'Vilkaviskio Rajonas',135),(2029,'Vilniaus Rajonas',135),(2030,'Vilnius',135),(2031,'Zarasu Rajonas',135),(2032,'Diekirch',136),(2033,'Grevenmacher',136),(2034,'Luxembourg',136),(2035,'Macau',137),(2036,'Aracinovo',138),(2037,'Bac',138),(2038,'Belcista',138),(2039,'Berovo',138),(2040,'Bistrica',138),(2041,'Bitola',138),(2042,'Blatec',138),(2043,'Bogdanci',138),(2044,'Bogomila',138),(2045,'Bogovinje',138),(2046,'Bosilovo',138),(2047,'Brvenica',138),(2048,'Cair (Skopje)',138),(2049,'Capari',138),(2050,'Caska',138),(2051,'Cegrane',138),(2052,'Centar (Skopje)',138),(2053,'Centar Zupa',138),(2054,'Cesinovo',138),(2055,'Cucer-Sandevo',138),(2056,'Debar',138),(2057,'Delcevo',138),(2058,'Delogozdi',138),(2059,'Demir Hisar',138),(2060,'Demir Kapija',138),(2061,'Dobrusevo',138),(2062,'Dolna Banjica',138),(2063,'Dolneni',138),(2064,'Dorce Petrov (Skopje)',138),(2065,'Drugovo',138),(2066,'Dzepciste',138),(2067,'Gazi Baba (Skopje)',138),(2068,'Gevgelija',138),(2069,'Gostivar',138),(2070,'Gradsko',138),(2071,'Ilinden',138),(2072,'Izvor',138),(2073,'Jegunovce',138),(2074,'Kamenjane',138),(2075,'Karbinci',138),(2076,'Karpos (Skopje)',138),(2077,'Kavadarci',138),(2078,'Kicevo',138),(2079,'Kisela Voda (Skopje)',138),(2080,'Klecevce',138),(2081,'Kocani',138),(2082,'Konce',138),(2083,'Kondovo',138),(2084,'Konopiste',138),(2085,'Kosel',138),(2086,'Kratovo',138),(2087,'Kriva Palanka',138),(2088,'Krivogastani',138),(2089,'Krusevo',138),(2090,'Kuklis',138),(2091,'Kukurecani',138),(2092,'Kumanovo',138),(2093,'Labunista',138),(2094,'Lipkovo',138),(2095,'Lozovo',138),(2096,'Lukovo',138),(2097,'Makedonska Kamenica',138),(2098,'Makedonski Brod',138),(2099,'Mavrovi Anovi',138),(2100,'Meseista',138),(2101,'Miravci',138),(2102,'Mogila',138),(2103,'Murtino',138),(2104,'Negotino',138),(2105,'Negotino-Poloska',138),(2106,'Novaci',138),(2107,'Novo Selo',138),(2108,'Oblesevo',138),(2109,'Ohrid',138),(2110,'Orasac',138),(2111,'Orizari',138),(2112,'Oslomej',138),(2113,'Pehcevo',138),(2114,'Petrovec',138),(2115,'Plasnia',138),(2116,'Podares',138),(2117,'Prilep',138),(2118,'Probistip',138),(2119,'Radovis',138),(2120,'Rankovce',138),(2121,'Resen',138),(2122,'Rosoman',138),(2123,'Rostusa',138),(2124,'Samokov',138),(2125,'Saraj',138),(2126,'Sipkovica',138),(2127,'Sopiste',138),(2128,'Sopotnika',138),(2129,'Srbinovo',138),(2130,'Star Dojran',138),(2131,'Staravina',138),(2132,'Staro Nagoricane',138),(2133,'Stip',138),(2134,'Struga',138),(2135,'Strumica',138),(2136,'Studenicani',138),(2137,'Suto Orizari (Skopje)',138),(2138,'Sveti Nikole',138),(2139,'Tearce',138),(2140,'Tetovo',138),(2141,'Topolcani',138),(2142,'Valandovo',138),(2143,'Vasilevo',138),(2144,'Veles',138),(2145,'Velesta',138),(2146,'Vevcani',138),(2147,'Vinica',138),(2148,'Vitoliste',138),(2149,'Vranestica',138),(2150,'Vrapciste',138),(2151,'Vratnica',138),(2152,'Vrutok',138),(2153,'Zajas',138),(2154,'Zelenikovo',138),(2155,'Zileno',138),(2156,'Zitose',138),(2157,'Zletovo',138),(2158,'Zrnovci',138),(2159,'Antananarivo',139),(2160,'Antsiranana',139),(2161,'Fianarantsoa',139),(2162,'Mahajanga',139),(2163,'Toamasina',139),(2164,'Toliara',139),(2165,'Balaka',140),(2166,'Blantyre',140),(2167,'Chikwawa',140),(2168,'Chiradzulu',140),(2169,'Chitipa',140),(2170,'Dedza',140),(2171,'Dowa',140),(2172,'Karonga',140),(2173,'Kasungu',140),(2174,'Likoma',140),(2175,'Lilongwe',140),(2176,'Machinga (Kasupe)',140),(2177,'Mangochi',140),(2178,'Mchinji',140),(2179,'Mulanje',140),(2180,'Mwanza',140),(2181,'Mzimba',140),(2182,'Nkhata Bay',140),(2183,'Nkhotakota',140),(2184,'Nsanje',140),(2185,'Ntcheu',140),(2186,'Ntchisi',140),(2187,'Phalombe',140),(2188,'Rumphi',140),(2189,'Salima',140),(2190,'Thyolo',140),(2191,'Zomba',140),(2192,'Johor',141),(2193,'Kedah',141),(2194,'Kelantan',141),(2195,'Labuan',141),(2196,'Melaka',141),(2197,'Negeri Sembilan',141),(2198,'Pahang',141),(2199,'Perak',141),(2200,'Perlis',141),(2201,'Pulau Pinang',141),(2202,'Sabah',141),(2203,'Sarawak',141),(2204,'Selangor',141),(2205,'Terengganu',141),(2206,'Wilayah Persekutuan',141),(2207,'Alifu',142),(2208,'Baa',142),(2209,'Dhaalu',142),(2210,'Faafu',142),(2211,'Gaafu Alifu',142),(2212,'Gaafu Dhaalu',142),(2213,'Gnaviyani',142),(2214,'Haa Alifu',142),(2215,'Haa Dhaalu',142),(2216,'Kaafu',142),(2217,'Laamu',142),(2218,'Lhaviyani',142),(2219,'Maale',142),(2220,'Meemu',142),(2221,'Noonu',142),(2222,'Raa',142),(2223,'Seenu',142),(2224,'Shaviyani',142),(2225,'Thaa',142),(2226,'Vaavu',142),(2227,'Gao',143),(2228,'Kayes',143),(2229,'Kidal',143),(2230,'Koulikoro',143),(2231,'Mopti',143),(2232,'Segou',143),(2233,'Sikasso',143),(2234,'Tombouctou',143),(2235,'Valletta',144),(2236,'Man, Isle of',145),(2237,'Ailinginae',146),(2238,'Ailinglaplap',146),(2239,'Ailuk',146),(2240,'Arno',146),(2241,'Aur',146),(2242,'Bikar',146),(2243,'Bikini',146),(2244,'Bokak',146),(2245,'Ebon',146),(2246,'Enewetak',146),(2247,'Erikub',146),(2248,'Jabat',146),(2249,'Jaluit',146),(2250,'Jemo',146),(2251,'Kili',146),(2252,'Kwajalein',146),(2253,'Lae',146),(2254,'Lib',146),(2255,'Likiep',146),(2256,'Majuro',146),(2257,'Maloelap',146),(2258,'Mejit',146),(2259,'Mili',146),(2260,'Namorik',146),(2261,'Namu',146),(2262,'Rongelap',146),(2263,'Rongrik',146),(2264,'Toke',146),(2265,'Ujae',146),(2266,'Ujelang',146),(2267,'Utirik',146),(2268,'Wotho',146),(2269,'Wotje',146),(2270,'Martinique',147),(2271,'Adrar',148),(2272,'Assaba',148),(2273,'Brakna',148),(2274,'Dakhlet Nouadhibou',148),(2275,'Gorgol',148),(2276,'Guidimaka',148),(2277,'Hodh Ech Chargui',148),(2278,'Hodh El Gharbi',148),(2279,'Inchiri',148),(2280,'Nouakchott',148),(2281,'Tagant',148),(2282,'Tiris Zemmour',148),(2283,'Trarza',148),(2284,'Agalega Islands',149),(2285,'Black River',149),(2286,'Cargados Carajos Shoals',149),(2287,'Flacq',149),(2288,'Grand Port',149),(2289,'Moka',149),(2290,'Pamplemousses',149),(2291,'Plaines Wilhems',149),(2292,'Port Louis',149),(2293,'Riviere du Rempart',149),(2294,'Rodrigues',149),(2295,'Savanne',149),(2296,'Mayotte',150),(2297,'Aguascalientes',151),(2298,'Baja California',151),(2299,'Baja California Sur',151),(2300,'Campeche',151),(2301,'Chiapas',151),(2302,'Chihuahua',151),(2303,'Coahuila de Zaragoza',151),(2304,'Colima',151),(2305,'Distrito Federal',151),(2306,'Durango',151),(2307,'Guanajuato',151),(2308,'Guerrero',151),(2309,'Hidalgo',151),(2310,'Jalisco',151),(2311,'Mexico',151),(2312,'Michoacan de Ocampo',151),(2313,'Morelos',151),(2314,'Nayarit',151),(2315,'Nuevo Leon',151),(2316,'Oaxaca',151),(2317,'Puebla',151),(2318,'Queretaro de Arteaga',151),(2319,'Quintana Roo',151),(2320,'San Luis Potosi',151),(2321,'Sinaloa',151),(2322,'Sonora',151),(2323,'Tabasco',151),(2324,'Tamaulipas',151),(2325,'Tlaxcala',151),(2326,'Veracruz-Llave',151),(2327,'Yucatan',151),(2328,'Zacatecas',151),(2329,'Chuuk (Truk)',152),(2330,'Kosrae',152),(2331,'Pohnpei',152),(2332,'Yap',152),(2333,'Midway Islands',153),(2334,'Balti',154),(2335,'Cahul',154),(2336,'Chisinau',154),(2337,'Chisinau',154),(2338,'Dubasari',154),(2339,'Edinet',154),(2340,'Gagauzia',154),(2341,'Lapusna',154),(2342,'Orhei',154),(2343,'Soroca',154),(2344,'Tighina',154),(2345,'Ungheni',154),(2346,'Fontvieille',155),(2347,'La Condamine',155),(2348,'Monaco-Ville',155),(2349,'Monte-Carlo',155),(2350,'Arhangay',156),(2351,'Bayan-Olgiy',156),(2352,'Bayanhongor',156),(2353,'Bulgan',156),(2354,'Darhan',156),(2355,'Dornod',156),(2356,'Dornogovi',156),(2357,'Dundgovi',156),(2358,'Dzavhan',156),(2359,'Erdenet',156),(2360,'Govi-Altay',156),(2361,'Hentiy',156),(2362,'Hovd',156),(2363,'Hovsgol',156),(2364,'Omnogovi',156),(2365,'Ovorhangay',156),(2366,'Selenge',156),(2367,'Suhbaatar',156),(2368,'Tov',156),(2369,'Ulaanbaatar',156),(2370,'Uvs',156),(2371,'Saint Anthony',157),(2372,'Saint Georges',157),(2373,'Saint Peter\'s',157),(2374,'Agadir',158),(2375,'Al Hoceima',158),(2376,'Azilal',158),(2377,'Ben Slimane',158),(2378,'Beni Mellal',158),(2379,'Boulemane',158),(2380,'Casablanca',158),(2381,'Chaouen',158),(2382,'El Jadida',158),(2383,'El Kelaa des Srarhna',158),(2384,'Er Rachidia',158),(2385,'Essaouira',158),(2386,'Fes',158),(2387,'Figuig',158),(2388,'Guelmim',158),(2389,'Ifrane',158),(2390,'Kenitra',158),(2391,'Khemisset',158),(2392,'Khenifra',158),(2393,'Khouribga',158),(2394,'Laayoune',158),(2395,'Larache',158),(2396,'Marrakech',158),(2397,'Meknes',158),(2398,'Nador',158),(2399,'Ouarzazate',158),(2400,'Oujda',158),(2401,'Rabat-Sale',158),(2402,'Safi',158),(2403,'Settat',158),(2404,'Sidi Kacem',158),(2405,'Tan-Tan',158),(2406,'Tanger',158),(2407,'Taounate',158),(2408,'Taroudannt',158),(2409,'Tata',158),(2410,'Taza',158),(2411,'Tetouan',158),(2412,'Tiznit',158),(2413,'Cabo Delgado',159),(2414,'Gaza',159),(2415,'Inhambane',159),(2416,'Manica',159),(2417,'Maputo',159),(2418,'Nampula',159),(2419,'Niassa',159),(2420,'Sofala',159),(2421,'Tete',159),(2422,'Zambezia',159),(2423,'Caprivi',160),(2424,'Erongo',160),(2425,'Hardap',160),(2426,'Karas',160),(2427,'Khomas',160),(2428,'Kunene',160),(2429,'Ohangwena',160),(2430,'Okavango',160),(2431,'Omaheke',160),(2432,'Omusati',160),(2433,'Oshana',160),(2434,'Oshikoto',160),(2435,'Otjozondjupa',160),(2436,'Aiwo',161),(2437,'Anabar',161),(2438,'Anetan',161),(2439,'Anibare',161),(2440,'Baiti',161),(2441,'Boe',161),(2442,'Buada',161),(2443,'Denigomodu',161),(2444,'Ewa',161),(2445,'Ijuw',161),(2446,'Meneng',161),(2447,'Nibok',161),(2448,'Uaboe',161),(2449,'Yaren',161),(2450,'Bagmati',162),(2451,'Bheri',162),(2452,'Dhawalagiri',162),(2453,'Gandaki',162),(2454,'Janakpur',162),(2455,'Karnali',162),(2456,'Kosi',162),(2457,'Lumbini',162),(2458,'Mahakali',162),(2459,'Mechi',162),(2460,'Narayani',162),(2461,'Rapti',162),(2462,'Sagarmatha',162),(2463,'Seti',162),(2464,'Drenthe',163),(2465,'Flevoland',163),(2466,'Friesland',163),(2467,'Gelderland',163),(2468,'Groningen',163),(2469,'Limburg',163),(2470,'Noord-Brabant',163),(2471,'Noord-Holland',163),(2472,'Overijssel',163),(2473,'Utrecht',163),(2474,'Zeeland',163),(2475,'Zuid-Holland',163),(2476,'Netherlands Antilles',164),(2477,'Iles Loyaute',165),(2478,'Nord',165),(2479,'Sud',165),(2480,'Akaroa',166),(2481,'Amuri',166),(2482,'Ashburton',166),(2483,'Bay of Islands',166),(2484,'Bruce',166),(2485,'Buller',166),(2486,'Chatham Islands',166),(2487,'Cheviot',166),(2488,'Clifton',166),(2489,'Clutha',166),(2490,'Cook',166),(2491,'Dannevirke',166),(2492,'Egmont',166),(2493,'Eketahuna',166),(2494,'Ellesmere',166),(2495,'Eltham',166),(2496,'Eyre',166),(2497,'Featherston',166),(2498,'Franklin',166),(2499,'Golden Bay',166),(2500,'Great Barrier Island',166),(2501,'Grey',166),(2502,'Hauraki Plains',166),(2503,'Hawera',166),(2504,'Hawke\'s Bay',166),(2505,'Heathcote',166),(2506,'Hikurangi',166),(2507,'Hobson',166),(2508,'Hokianga',166),(2509,'Horowhenua',166),(2510,'Hurunui',166),(2511,'Hutt',166),(2512,'Inangahua',166),(2513,'Inglewood',166),(2514,'Kaikoura',166),(2515,'Kairanga',166),(2516,'Kiwitea',166),(2517,'Lake',166),(2518,'Mackenzie',166),(2519,'Malvern',166),(2520,'Manaia',166),(2521,'Manawatu',166),(2522,'Mangonui',166),(2523,'Maniototo',166),(2524,'Marlborough',166),(2525,'Masterton',166),(2526,'Matamata',166),(2527,'Mount Herbert',166),(2528,'Ohinemuri',166),(2529,'Opotiki',166),(2530,'Oroua',166),(2531,'Otamatea',166),(2532,'Otorohanga',166),(2533,'Oxford',166),(2534,'Pahiatua',166),(2535,'Paparua',166),(2536,'Patea',166),(2537,'Piako',166),(2538,'Pohangina',166),(2539,'Raglan',166),(2540,'Rangiora',166),(2541,'Rangitikei',166),(2542,'Rodney',166),(2543,'Rotorua',166),(2544,'Runanga',166),(2545,'Saint Kilda',166),(2546,'Silverpeaks',166),(2547,'Southland',166),(2548,'Stewart Island',166),(2549,'Stratford',166),(2550,'Strathallan',166),(2551,'Taranaki',166),(2552,'Taumarunui',166),(2553,'Taupo',166),(2554,'Tauranga',166),(2555,'Thames-Coromandel',166),(2556,'Tuapeka',166),(2557,'Vincent',166),(2558,'Waiapu',166),(2559,'Waiheke',166),(2560,'Waihemo',166),(2561,'Waikato',166),(2562,'Waikohu',166),(2563,'Waimairi',166),(2564,'Waimarino',166),(2565,'Waimate',166),(2566,'Waimate West',166),(2567,'Waimea',166),(2568,'Waipa',166),(2569,'Waipawa',166),(2570,'Waipukurau',166),(2571,'Wairarapa South',166),(2572,'Wairewa',166),(2573,'Wairoa',166),(2574,'Waitaki',166),(2575,'Waitomo',166),(2576,'Waitotara',166),(2577,'Wallace',166),(2578,'Wanganui',166),(2579,'Waverley',166),(2580,'Westland',166),(2581,'Whakatane',166),(2582,'Whangarei',166),(2583,'Whangaroa',166),(2584,'Woodville',166),(2585,'Atlantico Norte',167),(2586,'Atlantico Sur',167),(2587,'Boaco',167),(2588,'Carazo',167),(2589,'Chinandega',167),(2590,'Chontales',167),(2591,'Esteli',167),(2592,'Granada',167),(2593,'Jinotega',167),(2594,'Leon',167),(2595,'Madriz',167),(2596,'Managua',167),(2597,'Masaya',167),(2598,'Matagalpa',167),(2599,'Nueva Segovia',167),(2600,'Rio San Juan',167),(2601,'Rivas',167),(2602,'Agadez',168),(2603,'Diffa',168),(2604,'Dosso',168),(2605,'Maradi',168),(2606,'Niamey',168),(2607,'Tahoua',168),(2608,'Tillaberi',168),(2609,'Zinder',168),(2610,'Abia',169),(2611,'Abuja Federal Capital Territory',169),(2612,'Adamawa',169),(2613,'Akwa Ibom',169),(2614,'Anambra',169),(2615,'Bauchi',169),(2616,'Bayelsa',169),(2617,'Benue',169),(2618,'Borno',169),(2619,'Cross River',169),(2620,'Delta',169),(2621,'Ebonyi',169),(2622,'Edo',169),(2623,'Ekiti',169),(2624,'Enugu',169),(2625,'Gombe',169),(2626,'Imo',169),(2627,'Jigawa',169),(2628,'Kaduna',169),(2629,'Kano',169),(2630,'Katsina',169),(2631,'Kebbi',169),(2632,'Kogi',169),(2633,'Kwara',169),(2634,'Lagos',169),(2635,'Nassarawa',169),(2636,'Niger',169),(2637,'Ogun',169),(2638,'Ondo',169),(2639,'Osun',169),(2640,'Oyo',169),(2641,'Plateau',169),(2642,'Rivers',169),(2643,'Sokoto',169),(2644,'Taraba',169),(2645,'Yobe',169),(2646,'Zamfara',169),(2647,'Niue',170),(2648,'Norfolk Island',171),(2649,'Northern Islands',172),(2650,'Rota',172),(2651,'Saipan',172),(2652,'Tinian',172),(2653,'Akershus',173),(2654,'Aust-Agder',173),(2655,'Buskerud',173),(2656,'Finnmark',173),(2657,'Hedmark',173),(2658,'Hordaland',173),(2659,'More og Romsdal',173),(2660,'Nord-Trondelag',173),(2661,'Nordland',173),(2662,'Oppland',173),(2663,'Oslo',173),(2664,'Ostfold',173),(2665,'Rogaland',173),(2666,'Sogn og Fjordane',173),(2667,'Sor-Trondelag',173),(2668,'Telemark',173),(2669,'Troms',173),(2670,'Vest-Agder',173),(2671,'Vestfold',173),(2672,'Ad Dakhiliyah',174),(2673,'Al Batinah',174),(2674,'Al Wusta',174),(2675,'Ash Sharqiyah',174),(2676,'Az Zahirah',174),(2677,'Masqat',174),(2678,'Musandam',174),(2679,'Zufar',174),(2680,'Balochistan',175),(2681,'Federally Administered Tribal Areas',175),(2682,'Islamabad Capital Territory',175),(2683,'North-West Frontier Province',175),(2684,'Punjab',175),(2685,'Sindh',175),(2686,'Aimeliik',176),(2687,'Airai',176),(2688,'Angaur',176),(2689,'Hatobohei',176),(2690,'Kayangel',176),(2691,'Koror',176),(2692,'Melekeok',176),(2693,'Ngaraard',176),(2694,'Ngarchelong',176),(2695,'Ngardmau',176),(2696,'Ngatpang',176),(2697,'Ngchesar',176),(2698,'Ngeremlengui',176),(2699,'Ngiwal',176),(2700,'Palau Island',176),(2701,'Peleliu',176),(2702,'Sonsoral',176),(2703,'Tobi',176),(2704,'Bocas del Toro',177),(2705,'Chiriqui',177),(2706,'Cocle',177),(2707,'Colon',177),(2708,'Darien',177),(2709,'Herrera',177),(2710,'Los Santos',177),(2711,'Panama',177),(2712,'San Blas',177),(2713,'Veraguas',177),(2714,'Bougainville',178),(2715,'Central',178),(2716,'Chimbu',178),(2717,'East New Britain',178),(2718,'East Sepik',178),(2719,'Eastern Highlands',178),(2720,'Enga',178),(2721,'Gulf',178),(2722,'Madang',178),(2723,'Manus',178),(2724,'Milne Bay',178),(2725,'Morobe',178),(2726,'National Capital',178),(2727,'New Ireland',178),(2728,'Northern',178),(2729,'Sandaun',178),(2730,'Southern Highlands',178),(2731,'West New Britain',178),(2732,'Western',178),(2733,'Western Highlands',178),(2734,'Alto Paraguay',179),(2735,'Alto Parana',179),(2736,'Amambay',179),(2737,'Asuncion (city)',179),(2738,'Boqueron',179),(2739,'Caaguazu',179),(2740,'Caazapa',179),(2741,'Canindeyu',179),(2742,'Central',179),(2743,'Concepcion',179),(2744,'Cordillera',179),(2745,'Guaira',179),(2746,'Itapua',179),(2747,'Misiones',179),(2748,'Neembucu',179),(2749,'Paraguari',179),(2750,'Presidente Hayes',179),(2751,'San Pedro',179),(2752,'Amazonas',180),(2753,'Ancash',180),(2754,'Apurimac',180),(2755,'Arequipa',180),(2756,'Ayacucho',180),(2757,'Cajamarca',180),(2758,'Callao',180),(2759,'Cusco',180),(2760,'Huancavelica',180),(2761,'Huanuco',180),(2762,'Ica',180),(2763,'Junin',180),(2764,'La Libertad',180),(2765,'Lambayeque',180),(2766,'Lima',180),(2767,'Loreto',180),(2768,'Madre de Dios',180),(2769,'Moquegua',180),(2770,'Pasco',180),(2771,'Piura',180),(2772,'Puno',180),(2773,'San Martin',180),(2774,'Tacna',180),(2775,'Tumbes',180),(2776,'Ucayali',180),(2777,'Abra',181),(2778,'Agusan del Norte',181),(2779,'Agusan del Sur',181),(2780,'Aklan',181),(2781,'Albay',181),(2782,'Angeles',181),(2783,'Antique',181),(2784,'Aurora',181),(2785,'Bacolod',181),(2786,'Bago',181),(2787,'Baguio',181),(2788,'Bais',181),(2789,'Basilan',181),(2790,'Basilan City',181),(2791,'Bataan',181),(2792,'Batanes',181),(2793,'Batangas',181),(2794,'Batangas City',181),(2795,'Benguet',181),(2796,'Bohol',181),(2797,'Bukidnon',181),(2798,'Bulacan',181),(2799,'Butuan',181),(2800,'Cabanatuan',181),(2801,'Cadiz',181),(2802,'Cagayan',181),(2803,'Cagayan de Oro',181),(2804,'Calbayog',181),(2805,'Caloocan',181),(2806,'Camarines Norte',181),(2807,'Camarines Sur',181),(2808,'Camiguin',181),(2809,'Canlaon',181),(2810,'Capiz',181),(2811,'Catanduanes',181),(2812,'Cavite',181),(2813,'Cavite City',181),(2814,'Cebu',181),(2815,'Cebu City',181),(2816,'Cotabato',181),(2817,'Dagupan',181),(2818,'Danao',181),(2819,'Dapitan',181),(2820,'Davao City Davao',181),(2821,'Davao del Sur',181),(2822,'Davao Oriental',181),(2823,'Dipolog',181),(2824,'Dumaguete',181),(2825,'Eastern Samar',181),(2826,'General Santos',181),(2827,'Gingoog',181),(2828,'Ifugao',181),(2829,'Iligan',181),(2830,'Ilocos Norte',181),(2831,'Ilocos Sur',181),(2832,'Iloilo',181),(2833,'Iloilo City',181),(2834,'Iriga',181),(2835,'Isabela',181),(2836,'Kalinga-Apayao',181),(2837,'La Carlota',181),(2838,'La Union',181),(2839,'Laguna',181),(2840,'Lanao del Norte',181),(2841,'Lanao del Sur',181),(2842,'Laoag',181),(2843,'Lapu-Lapu',181),(2844,'Legaspi',181),(2845,'Leyte',181),(2846,'Lipa',181),(2847,'Lucena',181),(2848,'Maguindanao',181),(2849,'Mandaue',181),(2850,'Manila',181),(2851,'Marawi',181),(2852,'Marinduque',181),(2853,'Masbate',181),(2854,'Mindoro Occidental',181),(2855,'Mindoro Oriental',181),(2856,'Misamis Occidental',181),(2857,'Misamis Oriental',181),(2858,'Mountain',181),(2859,'Naga',181),(2860,'Negros Occidental',181),(2861,'Negros Oriental',181),(2862,'North Cotabato',181),(2863,'Northern Samar',181),(2864,'Nueva Ecija',181),(2865,'Nueva Vizcaya',181),(2866,'Olongapo',181),(2867,'Ormoc',181),(2868,'Oroquieta',181),(2869,'Ozamis',181),(2870,'Pagadian',181),(2871,'Palawan',181),(2872,'Palayan',181),(2873,'Pampanga',181),(2874,'Pangasinan',181),(2875,'Pasay',181),(2876,'Puerto Princesa',181),(2877,'Quezon',181),(2878,'Quezon City',181),(2879,'Quirino',181),(2880,'Rizal',181),(2881,'Romblon',181),(2882,'Roxas',181),(2883,'Samar',181),(2884,'San Carlos (in Negros Occidental)',181),(2885,'San Carlos (in Pangasinan)',181),(2886,'San Jose',181),(2887,'San Pablo',181),(2888,'Silay',181),(2889,'Siquijor',181),(2890,'Sorsogon',181),(2891,'South Cotabato',181),(2892,'Southern Leyte',181),(2893,'Sultan Kudarat',181),(2894,'Sulu',181),(2895,'Surigao',181),(2896,'Surigao del Norte',181),(2897,'Surigao del Sur',181),(2898,'Tacloban',181),(2899,'Tagaytay',181),(2900,'Tagbilaran',181),(2901,'Tangub',181),(2902,'Tarlac',181),(2903,'Tawitawi',181),(2904,'Toledo',181),(2905,'Trece Martires',181),(2906,'Zambales',181),(2907,'Zamboanga',181),(2908,'Zamboanga del Norte',181),(2909,'Zamboanga del Sur',181),(2910,'Pitcaim Islands',182),(2911,'Dolnoslaskie',183),(2912,'Kujawsko-Pomorskie',183),(2913,'Lodzkie',183),(2914,'Lubelskie',183),(2915,'Lubuskie',183),(2916,'Malopolskie',183),(2917,'Mazowieckie',183),(2918,'Opolskie',183),(2919,'Podkarpackie',183),(2920,'Podlaskie',183),(2921,'Pomorskie',183),(2922,'Slaskie',183),(2923,'Swietokrzyskie',183),(2924,'Warminsko-Mazurskie',183),(2925,'Wielkopolskie',183),(2926,'Zachodniopomorskie',183),(2927,'Acores (Azores)',184),(2928,'Aveiro',184),(2929,'Beja',184),(2930,'Braga',184),(2931,'Braganca',184),(2932,'Castelo Branco',184),(2933,'Coimbra',184),(2934,'Evora',184),(2935,'Faro',184),(2936,'Guarda',184),(2937,'Leiria',184),(2938,'Lisboa',184),(2939,'Madeira',184),(2940,'Portalegre',184),(2941,'Porto',184),(2942,'Santarem',184),(2943,'Setubal',184),(2944,'Viana do Castelo',184),(2945,'Vila Real',184),(2946,'Viseu',184),(2947,'Adjuntas',185),(2948,'Aguada',185),(2949,'Aguadilla',185),(2950,'Aguas Buenas',185),(2951,'Aibonito',185),(2952,'Anasco',185),(2953,'Arecibo',185),(2954,'Arroyo',185),(2955,'Barceloneta',185),(2956,'Barranquitas',185),(2957,'Bayamon',185),(2958,'Cabo Rojo',185),(2959,'Caguas',185),(2960,'Camuy',185),(2961,'Canovanas',185),(2962,'Carolina',185),(2963,'Catano',185),(2964,'Cayey',185),(2965,'Ceiba',185),(2966,'Ciales',185),(2967,'Cidra',185),(2968,'Coamo',185),(2969,'Comerio',185),(2970,'Corozal',185),(2971,'Culebra',185),(2972,'Dorado',185),(2973,'Fajardo',185),(2974,'Florida',185),(2975,'Guanica',185),(2976,'Guayama',185),(2977,'Guayanilla',185),(2978,'Guaynabo',185),(2979,'Gurabo',185),(2980,'Hatillo',185),(2981,'Hormigueros',185),(2982,'Humacao',185),(2983,'Isabela',185),(2984,'Jayuya',185),(2985,'Juana Diaz',185),(2986,'Juncos',185),(2987,'Lajas',185),(2988,'Lares',185),(2989,'Las Marias',185),(2990,'Las Piedras',185),(2991,'Loiza',185),(2992,'Luquillo',185),(2993,'Manati',185),(2994,'Maricao',185),(2995,'Maunabo',185),(2996,'Mayaguez',185),(2997,'Moca',185),(2998,'Morovis',185),(2999,'Naguabo',185),(3000,'Naranjito',185),(3001,'Orocovis',185),(3002,'Patillas',185),(3003,'Penuelas',185),(3004,'Ponce',185),(3005,'Quebradillas',185),(3006,'Rincon',185),(3007,'Rio Grande',185),(3008,'Sabana Grande',185),(3009,'Salinas',185),(3010,'San German',185),(3011,'San Juan',185),(3012,'San Lorenzo',185),(3013,'San Sebastian',185),(3014,'Santa Isabel',185),(3015,'Toa Alta',185),(3016,'Toa Baja',185),(3017,'Trujillo Alto',185),(3018,'Utuado',185),(3019,'Vega Alta',185),(3020,'Vega Baja',185),(3021,'Vieques',185),(3022,'Villalba',185),(3023,'Yabucoa',185),(3024,'Yauco',185),(3025,'Ad Dawhah',186),(3026,'Al Ghuwayriyah',186),(3027,'Al Jumayliyah',186),(3028,'Al Khawr',186),(3029,'Al Wakrah',186),(3030,'Ar Rayyan',186),(3031,'Jarayan al Batinah',186),(3032,'Madinat ash Shamal',186),(3033,'Umm Salal',186),(3034,'Reunion',187),(3035,'Alba',188),(3036,'Arad',188),(3037,'Arges',188),(3038,'Bacau',188),(3039,'Bihor',188),(3040,'Bistrita-Nasaud',188),(3041,'Botosani',188),(3042,'Braila',188),(3043,'Brasov',188),(3044,'Bucuresti',188),(3045,'Buzau',188),(3046,'Calarasi',188),(3047,'Caras-Severin',188),(3048,'Cluj',188),(3049,'Constanta',188),(3050,'Covasna',188),(3051,'Dimbovita',188),(3052,'Dolj',188),(3053,'Galati',188),(3054,'Giurgiu',188),(3055,'Gorj',188),(3056,'Harghita',188),(3057,'Hunedoara',188),(3058,'Ialomita',188),(3059,'Iasi',188),(3060,'Maramures',188),(3061,'Mehedinti',188),(3062,'Mures',188),(3063,'Neamt',188),(3064,'Olt',188),(3065,'Prahova',188),(3066,'Salaj',188),(3067,'Satu Mare',188),(3068,'Sibiu',188),(3069,'Suceava',188),(3070,'Teleorman',188),(3071,'Timis',188),(3072,'Tulcea',188),(3073,'Vaslui',188),(3074,'Vilcea',188),(3075,'Vrancea',188),(3076,'Adygeya (Maykop)',189),(3077,'Aginskiy Buryatskiy (Aginskoye)',189),(3078,'Altay (Gorno-Altaysk)',189),(3079,'Altayskiy (Barnaul)',189),(3080,'Amurskaya (Blagoveshchensk)',189),(3081,'Arkhangel\'skaya',189),(3082,'Astrakhanskaya',189),(3083,'Bashkortostan (Ufa)',189),(3084,'Belgorodskaya',189),(3085,'Bryanskaya',189),(3086,'Buryatiya (Ulan-Ude)',189),(3087,'Chechnya (Groznyy)',189),(3088,'Chelyabinskaya',189),(3089,'Chitinskaya',189),(3090,'Chukotskiy (Anadyr\')',189),(3091,'Chuvashiya (Cheboksary)',189),(3092,'Dagestan (Makhachkala)',189),(3093,'Evenkiyskiy (Tura)',189),(3094,'Ingushetiya (Nazran\')',189),(3095,'Irkutskaya',189),(3096,'Ivanovskaya',189),(3097,'Kabardino-Balkariya (Nal\'chik)',189),(3098,'Kaliningradskaya',189),(3099,'Kalmykiya (Elista)',189),(3100,'Kaluzhskaya',189),(3101,'Kamchatskaya (Petropavlovsk-Kamchatskiy)',189),(3102,'Karachayevo-Cherkesiya (Cherkessk)',189),(3103,'Kareliya (Petrozavodsk)',189),(3104,'Kemerovskaya',189),(3105,'Khabarovskiy',189),(3106,'Khakasiya (Abakan)',189),(3107,'Khanty-Mansiyskiy (Khanty-Mansiysk)',189),(3108,'Kirovskaya',189),(3109,'Komi (Syktyvkar)',189),(3110,'Komi-Permyatskiy (Kudymkar)',189),(3111,'Koryakskiy (Palana)',189),(3112,'Kostromskaya',189),(3113,'Krasnodarskiy',189),(3114,'Krasnoyarskiy',189),(3115,'Kurganskaya',189),(3116,'Kurskaya',189),(3117,'Leningradskaya',189),(3118,'Lipetskaya',189),(3119,'Magadanskaya',189),(3120,'Mariy-El (Yoshkar-Ola)',189),(3121,'Mordoviya (Saransk)',189),(3122,'Moskovskaya',189),(3123,'Moskva (Moscow)',189),(3124,'Murmanskaya',189),(3125,'Nenetskiy (Nar\'yan-Mar)',189),(3126,'Nizhegorodskaya',189),(3127,'Novgorodskaya',189),(3128,'Novosibirskaya',189),(3129,'Omskaya',189),(3130,'Orenburgskaya',189),(3131,'Orlovskaya (Orel)',189),(3132,'Penzenskaya',189),(3133,'Permskaya',189),(3134,'Primorskiy (Vladivostok)',189),(3135,'Pskovskaya',189),(3136,'Rostovskaya',189),(3137,'Ryazanskaya',189),(3138,'Sakha (Yakutsk)',189),(3139,'Sakhalinskaya (Yuzhno-Sakhalinsk)',189),(3140,'Samarskaya',189),(3141,'Sankt-Peterburg (Saint Petersburg)',189),(3142,'Saratovskaya',189),(3143,'Severnaya Osetiya-Alaniya [North Ossetia (Vladikavkaz)',189),(3144,'Smolenskaya',189),(3145,'Stavropol\'skiy',189),(3146,'Sverdlovskaya (Yekaterinburg)',189),(3147,'Tambovskaya',189),(3148,'Tatarstan (Kazan\')',189),(3149,'Taymyrskiy (Dudinka)',189),(3150,'Tomskaya',189),(3151,'Tul\'skaya',189),(3152,'Tverskaya',189),(3153,'Tyumenskaya',189),(3154,'Tyva (Kyzyl)',189),(3155,'Udmurtiya (Izhevsk)',189),(3156,'Ul\'yanovskaya',189),(3157,'Ust\'-Ordynskiy Buryatskiy (Ust\'-Ordynskiy)',189),(3158,'Vladimirskaya',189),(3159,'Volgogradskaya',189),(3160,'Vologodskaya',189),(3161,'Voronezhskaya',189),(3162,'Yamalo-Nenetskiy (Salekhard)',189),(3163,'Yaroslavskaya',189),(3164,'Yevreyskaya',189),(3165,'Butare',190),(3166,'Byumba',190),(3167,'Cyangugu',190),(3168,'Gikongoro',190),(3169,'Gisenyi',190),(3170,'Gitarama',190),(3171,'Kibungo',190),(3172,'Kibuye',190),(3173,'Kigali Rurale',190),(3174,'Kigali-ville',190),(3175,'Ruhengeri',190),(3176,'Umutara',190),(3177,'Ascension',191),(3178,'Saint Helena',191),(3179,'Tristan da Cunha',191),(3180,'Christ Church Nichola Town',192),(3181,'Saint Anne Sandy Point',192),(3182,'Saint George Basseterre',192),(3183,'Saint George Gingerland',192),(3184,'Saint James Windward',192),(3185,'Saint John Capisterre',192),(3186,'Saint John Figtree',192),(3187,'Saint Mary Cayon',192),(3188,'Saint Paul Capisterre',192),(3189,'Saint Paul Charlestown',192),(3190,'Saint Peter Basseterre',192),(3191,'Saint Thomas Lowland',192),(3192,'Saint Thomas Middle Island',192),(3193,'Trinity Palmetto Point',192),(3194,'Anse-la-Raye',193),(3195,'Castries',193),(3196,'Choiseul',193),(3197,'Dauphin',193),(3198,'Dennery',193),(3199,'Gros Islet',193),(3200,'Laborie',193),(3201,'Micoud',193),(3202,'Praslin',193),(3203,'Soufriere',193),(3204,'Vieux Fort',193),(3205,'Miquelon',194),(3206,'Saint Pierre',194),(3207,'Charlotte',195),(3208,'Grenadines',195),(3209,'Saint Andrew',195),(3210,'Saint David',195),(3211,'Saint George',195),(3212,'Saint Patrick',195),(3213,'A\'ana',196),(3214,'Aiga-i-le-Tai',196),(3215,'Atua',196),(3216,'Fa\'asaleleaga',196),(3217,'Gaga\'emauga',196),(3218,'Gagaifomauga',196),(3219,'Palauli',196),(3220,'Satupa\'itea',196),(3221,'Tuamasaga',196),(3222,'Va\'a-o-Fonoti',196),(3223,'Vaisigano',196),(3224,'Acquaviva',197),(3225,'Borgo Maggiore',197),(3226,'Chiesanuova',197),(3227,'Domagnano',197),(3228,'Faetano',197),(3229,'Fiorentino',197),(3230,'Monte Giardino',197),(3231,'San Marino',197),(3232,'Serravalle',197),(3233,'Principe',198),(3234,'Sao Tome',198),(3235,'Asir',199),(3236,'Al Bahah',199),(3237,'Al Hudud ash Shamaliyah',199),(3238,'Al Jawf',199),(3239,'Al Madinah',199),(3240,'Al Qasim',199),(3241,'Ar Riyad',199),(3242,'Ash Sharqiyah (Eastern Province)',199),(3243,'Ha\'il',199),(3244,'Jizan',199),(3245,'Makkah',199),(3246,'Najran',199),(3247,'Tabuk',199),(3248,'Aberdeen City',200),(3249,'Aberdeenshire',200),(3250,'Angus',200),(3251,'Argyll and Bute',200),(3252,'City of Edinburgh',200),(3253,'Clackmannanshire',200),(3254,'Dumfries and Galloway',200),(3255,'Dundee City',200),(3256,'East Ayrshire',200),(3257,'East Dunbartonshire',200),(3258,'East Lothian',200),(3259,'East Renfrewshire',200),(3260,'Eilean Siar (Western Isles)',200),(3261,'Falkirk',200),(3262,'Fife',200),(3263,'Glasgow City',200),(3264,'Highland',200),(3265,'Inverclyde',200),(3266,'Midlothian',200),(3267,'Moray',200),(3268,'North Ayrshire',200),(3269,'North Lanarkshire',200),(3270,'Orkney Islands',200),(3271,'Perth and Kinross',200),(3272,'Renfrewshire',200),(3273,'Shetland Islands',200),(3274,'South Ayrshire',200),(3275,'South Lanarkshire',200),(3276,'Stirling',200),(3277,'The Scottish Borders',200),(3278,'West Dunbartonshire',200),(3279,'West Lothian',200),(3280,'Dakar',201),(3281,'Diourbel',201),(3282,'Fatick',201),(3283,'Kaolack',201),(3284,'Kolda',201),(3285,'Louga',201),(3286,'Saint-Louis',201),(3287,'Tambacounda',201),(3288,'Thies',201),(3289,'Ziguinchor',201),(3290,'Anse aux Pins',202),(3291,'Anse Boileau',202),(3292,'Anse Etoile',202),(3293,'Anse Louis',202),(3294,'Anse Royale',202),(3295,'Baie Lazare',202),(3296,'Baie Sainte Anne',202),(3297,'Beau Vallon',202),(3298,'Bel Air',202),(3299,'Bel Ombre',202),(3300,'Cascade',202),(3301,'Glacis',202),(3302,'Grand\' Anse (on Mahe)',202),(3303,'Grand\' Anse (on Praslin)',202),(3304,'La Digue',202),(3305,'La Riviere Anglaise',202),(3306,'Mont Buxton',202),(3307,'Mont Fleuri',202),(3308,'Plaisance',202),(3309,'Pointe La Rue',202),(3310,'Port Glaud',202),(3311,'Saint Louis',202),(3312,'Takamaka',202),(3313,'Eastern',203),(3314,'Northern',203),(3315,'Southern',203),(3316,'Western',203),(3317,'Singapore',204),(3318,'Banskobystricky',205),(3319,'Bratislavsky',205),(3320,'Kosicky',205),(3321,'Nitriansky',205),(3322,'Presovsky',205),(3323,'Trenciansky',205),(3324,'Trnavsky',205),(3325,'Zilinsky',205),(3326,'Ajdovscina',206),(3327,'Beltinci',206),(3328,'Bled',206),(3329,'Bohinj',206),(3330,'Borovnica',206),(3331,'Bovec',206),(3332,'Brda',206),(3333,'Brezice',206),(3334,'Brezovica',206),(3335,'Cankova-Tisina',206),(3336,'Celje',206),(3337,'Cerklje na Gorenjskem',206),(3338,'Cerknica',206),(3339,'Cerkno',206),(3340,'Crensovci',206),(3341,'Crna na Koroskem',206),(3342,'Crnomelj',206),(3343,'Destrnik-Trnovska Vas',206),(3344,'Divaca',206),(3345,'Dobrepolje',206),(3346,'Dobrova-Horjul-Polhov Gradec',206),(3347,'Dol pri Ljubljani',206),(3348,'Domzale',206),(3349,'Dornava',206),(3350,'Dravograd',206),(3351,'Duplek',206),(3352,'Gorenja Vas-Poljane',206),(3353,'Gorisnica',206),(3354,'Gornja Radgona',206),(3355,'Gornji Grad',206),(3356,'Gornji Petrovci',206),(3357,'Grosuplje',206),(3358,'Hodos Salovci',206),(3359,'Hrastnik',206),(3360,'Hrpelje-Kozina',206),(3361,'Idrija',206),(3362,'Ig',206),(3363,'Ilirska Bistrica',206),(3364,'Ivancna Gorica',206),(3365,'Izola',206),(3366,'Jesenice',206),(3367,'Jursinci',206),(3368,'Kamnik',206),(3369,'Kanal',206),(3370,'Kidricevo',206),(3371,'Kobarid',206),(3372,'Kobilje',206),(3373,'Kocevje',206),(3374,'Komen',206),(3375,'Koper',206),(3376,'Kozje',206),(3377,'Kranj',206),(3378,'Kranjska Gora',206),(3379,'Krsko',206),(3380,'Kungota',206),(3381,'Kuzma',206),(3382,'Lasko',206),(3383,'Lenart',206),(3384,'Lendava',206),(3385,'Litija',206),(3386,'Ljubljana',206),(3387,'Ljubno',206),(3388,'Ljutomer',206),(3389,'Logatec',206),(3390,'Loska Dolina',206),(3391,'Loski Potok',206),(3392,'Luce',206),(3393,'Lukovica',206),(3394,'Majsperk',206),(3395,'Maribor',206),(3396,'Medvode',206),(3397,'Menges',206),(3398,'Metlika',206),(3399,'Mezica',206),(3400,'Miren-Kostanjevica',206),(3401,'Mislinja',206),(3402,'Moravce',206),(3403,'Moravske Toplice',206),(3404,'Mozirje',206),(3405,'Murska Sobota',206),(3406,'Muta',206),(3407,'Naklo',206),(3408,'Nazarje',206),(3409,'Nova Gorica',206),(3410,'Novo Mesto',206),(3411,'Odranci',206),(3412,'Ormoz',206),(3413,'Osilnica',206),(3414,'Pesnica',206),(3415,'Piran',206),(3416,'Pivka',206),(3417,'Podcetrtek',206),(3418,'Podvelka-Ribnica',206),(3419,'Postojna',206),(3420,'Preddvor',206),(3421,'Ptuj',206),(3422,'Puconci',206),(3423,'Race-Fram',206),(3424,'Radece',206),(3425,'Radenci',206),(3426,'Radlje ob Dravi',206),(3427,'Radovljica',206),(3428,'Ravne-Prevalje',206),(3429,'Ribnica',206),(3430,'Rogasevci',206),(3431,'Rogaska Slatina',206),(3432,'Rogatec',206),(3433,'Ruse',206),(3434,'Semic',206),(3435,'Sencur',206),(3436,'Sentilj',206),(3437,'Sentjernej',206),(3438,'Sentjur pri Celju',206),(3439,'Sevnica',206),(3440,'Sezana',206),(3441,'Skocjan',206),(3442,'Skofja Loka',206),(3443,'Skofljica',206),(3444,'Slovenj Gradec',206),(3445,'Slovenska Bistrica',206),(3446,'Slovenske Konjice',206),(3447,'Smarje pri Jelsah',206),(3448,'Smartno ob Paki',206),(3449,'Sostanj',206),(3450,'Starse',206),(3451,'Store',206),(3452,'Sveti Jurij',206),(3453,'Tolmin',206),(3454,'Trbovlje',206),(3455,'Trebnje',206),(3456,'Trzic',206),(3457,'Turnisce',206),(3458,'Velenje',206),(3459,'Velike Lasce',206),(3460,'Videm',206),(3461,'Vipava',206),(3462,'Vitanje',206),(3463,'Vodice',206),(3464,'Vojnik',206),(3465,'Vrhnika',206),(3466,'Vuzenica',206),(3467,'Zagorje ob Savi',206),(3468,'Zalec',206),(3469,'Zavrc',206),(3470,'Zelezniki',206),(3471,'Ziri',206),(3472,'Zrece',206),(3473,'Bellona',207),(3474,'Central',207),(3475,'Choiseul (Lauru)',207),(3476,'Guadalcanal',207),(3477,'Honiara',207),(3478,'Isabel',207),(3479,'Makira',207),(3480,'Malaita',207),(3481,'Rennell',207),(3482,'Temotu',207),(3483,'Western',207),(3484,'Awdal',208),(3485,'Bakool',208),(3486,'Banaadir',208),(3487,'Bari',208),(3488,'Bay',208),(3489,'Galguduud',208),(3490,'Gedo',208),(3491,'Hiiraan',208),(3492,'Jubbada Dhexe',208),(3493,'Jubbada Hoose',208),(3494,'Mudug',208),(3495,'Nugaal',208),(3496,'Sanaag',208),(3497,'Shabeellaha Dhexe',208),(3498,'Shabeellaha Hoose',208),(3499,'Sool',208),(3500,'Togdheer',208),(3501,'Woqooyi Galbeed',208),(3502,'Eastern Cape',209),(3503,'Free State',209),(3504,'Gauteng',209),(3505,'KwaZulu-Natal',209),(3506,'Mpumalanga',209),(3507,'North-West',209),(3508,'Northern Cape',209),(3509,'Northern Province',209),(3510,'Western Cape',209),(3511,'Bird Island',210),(3512,'Bristol Island',210),(3513,'Clerke Rocks',210),(3514,'Montagu Island',210),(3515,'Saunders Island',210),(3516,'South Georgia',210),(3517,'Southern Thule',210),(3518,'Traversay Islands',210),(3519,'Andalucia',211),(3520,'Aragon',211),(3521,'Asturias',211),(3522,'Baleares (Balearic Islands)',211),(3523,'Canarias (Canary Islands)',211),(3524,'Cantabria',211),(3525,'Castilla y Leon',211),(3526,'Castilla-La Mancha',211),(3527,'Cataluna',211),(3528,'Ceuta',211),(3529,'Communidad Valencian',211),(3530,'Extremadura',211),(3531,'Galicia',211),(3532,'Islas Chafarinas',211),(3533,'La Rioja',211),(3534,'Madrid',211),(3535,'Melilla',211),(3536,'Murcia',211),(3537,'Navarra',211),(3538,'Pais Vasco (Basque Country)',211),(3539,'Penon de Alhucemas',211),(3540,'Penon de Velez de la Gomera',211),(3541,'Spratly Islands',212),(3542,'Central',213),(3543,'Eastern',213),(3544,'North Central',213),(3545,'North Eastern',213),(3546,'North Western',213),(3547,'Northern',213),(3548,'Sabaragamuwa',213),(3549,'Southern',213),(3550,'Uva',213),(3551,'Western',213),(3552,'A\'ali an Nil',214),(3553,'Al Bahr al Ahmar',214),(3554,'Al Buhayrat',214),(3555,'Al Jazirah',214),(3556,'Al Khartum',214),(3557,'Al Qadarif',214),(3558,'Al Wahdah',214),(3559,'An Nil al Abyad',214),(3560,'An Nil al Azraq',214),(3561,'Ash Shamaliyah',214),(3562,'Bahr al Jabal',214),(3563,'Gharb al Istiwa\'iyah',214),(3564,'Gharb Bahr al Ghazal',214),(3565,'Gharb Darfur',214),(3566,'Gharb Kurdufan',214),(3567,'Janub Darfur',214),(3568,'Janub Kurdufan',214),(3569,'Junqali',214),(3570,'Kassala',214),(3571,'Nahr an Nil',214),(3572,'Shamal Bahr al Ghazal',214),(3573,'Shamal Darfur',214),(3574,'Shamal Kurdufan',214),(3575,'Sharq al Istiwa\'iyah',214),(3576,'Sinnar',214),(3577,'Warab',214),(3578,'Brokopondo',215),(3579,'Commewijne',215),(3580,'Coronie',215),(3581,'Marowijne',215),(3582,'Nickerie',215),(3583,'Para',215),(3584,'Paramaribo',215),(3585,'Saramacca',215),(3586,'Sipaliwini',215),(3587,'Wanica',215),(3588,'Barentsoya',216),(3589,'Bjornoya',216),(3590,'Edgeoya',216),(3591,'Hopen',216),(3592,'Kvitoya',216),(3593,'Nordaustandet',216),(3594,'Prins Karls Forland',216),(3595,'Spitsbergen',216),(3596,'Hhohho',217),(3597,'Lubombo',217),(3598,'Manzini',217),(3599,'Shiselweni',217),(3600,'Blekinge',218),(3601,'Dalarnas',218),(3602,'Gavleborgs',218),(3603,'Gotlands',218),(3604,'Hallands',218),(3605,'Jamtlands',218),(3606,'Jonkopings',218),(3607,'Kalmar',218),(3608,'Kronobergs',218),(3609,'Norrbottens',218),(3610,'Orebro',218),(3611,'Ostergotlands',218),(3612,'Skane',218),(3613,'Sodermanlands',218),(3614,'Stockholms',218),(3615,'Uppsala',218),(3616,'Varmlands',218),(3617,'Vasterbottens',218),(3618,'Vasternorrlands',218),(3619,'Vastmanlands',218),(3620,'Vastra Gotalands',218),(3621,'Aargau',219),(3622,'Ausser-Rhoden',219),(3623,'Basel-Landschaft',219),(3624,'Basel-Stadt',219),(3625,'Bern',219),(3626,'Fribourg',219),(3627,'Geneve',219),(3628,'Glarus',219),(3629,'Graubunden',219),(3630,'Inner-Rhoden',219),(3631,'Jura',219),(3632,'Luzern',219),(3633,'Neuchatel',219),(3634,'Nidwalden',219),(3635,'Obwalden',219),(3636,'Sankt Gallen',219),(3637,'Schaffhausen',219),(3638,'Schwyz',219),(3639,'Solothurn',219),(3640,'Thurgau',219),(3641,'Ticino',219),(3642,'Uri',219),(3643,'Valais',219),(3644,'Vaud',219),(3645,'Zug',219),(3646,'Zurich',219),(3647,'Al Hasakah',220),(3648,'Al Ladhiqiyah',220),(3649,'Al Qunaytirah',220),(3650,'Ar Raqqah',220),(3651,'As Suwayda\'',220),(3652,'Dar\'a',220),(3653,'Dayr az Zawr',220),(3654,'Dimashq',220),(3655,'Halab',220),(3656,'Hamah',220),(3657,'Hims',220),(3658,'Idlib',220),(3659,'Rif Dimashq',220),(3660,'Tartus',220),(3661,'Chang-hua',221),(3662,'Chi-lung',221),(3663,'Chia-i',221),(3664,'Chia-i',221),(3665,'Chung-hsing-hsin-ts\'un',221),(3666,'Hsin-chu',221),(3667,'Hsin-chu',221),(3668,'Hua-lien',221),(3669,'I-lan',221),(3670,'Kao-hsiung',221),(3671,'Kao-hsiung',221),(3672,'Miao-li',221),(3673,'Nan-t\'ou',221),(3674,'P\'eng-hu',221),(3675,'P\'ing-tung',221),(3676,'T\'ai-chung',221),(3677,'T\'ai-chung',221),(3678,'T\'ai-nan',221),(3679,'T\'ai-nan',221),(3680,'T\'ai-pei',221),(3681,'T\'ai-pei',221),(3682,'T\'ai-tung',221),(3683,'T\'ao-yuan',221),(3684,'Yun-lin',221),(3685,'Viloyati Khatlon',222),(3686,'Viloyati Leninobod',222),(3687,'Viloyati Mukhtori Kuhistoni Badakhshon',222),(3688,'Arusha',223),(3689,'Dar es Salaam',223),(3690,'Dodoma',223),(3691,'Iringa',223),(3692,'Kagera',223),(3693,'Kigoma',223),(3694,'Kilimanjaro',223),(3695,'Lindi',223),(3696,'Mara',223),(3697,'Mbeya',223),(3698,'Morogoro',223),(3699,'Mtwara',223),(3700,'Mwanza',223),(3701,'Pemba North',223),(3702,'Pemba South',223),(3703,'Pwani',223),(3704,'Rukwa',223),(3705,'Ruvuma',223),(3706,'Shinyanga',223),(3707,'Singida',223),(3708,'Tabora',223),(3709,'Tanga',223),(3710,'Zanzibar Central/South',223),(3711,'Zanzibar North',223),(3712,'Zanzibar Urban/West',223),(3713,'Amnat Charoen',224),(3714,'Ang Thong',224),(3715,'Buriram',224),(3716,'Chachoengsao',224),(3717,'Chai Nat',224),(3718,'Chaiyaphum',224),(3719,'Chanthaburi',224),(3720,'Chiang Mai',224),(3721,'Chiang Rai',224),(3722,'Chon Buri',224),(3723,'Chumphon',224),(3724,'Kalasin',224),(3725,'Kamphaeng Phet',224),(3726,'Kanchanaburi',224),(3727,'Khon Kaen',224),(3728,'Krabi',224),(3729,'Krung Thep Mahanakhon (Bangkok)',224),(3730,'Lampang',224),(3731,'Lamphun',224),(3732,'Loei',224),(3733,'Lop Buri',224),(3734,'Mae Hong Son',224),(3735,'Maha Sarakham',224),(3736,'Mukdahan',224),(3737,'Nakhon Nayok',224),(3738,'Nakhon Pathom',224),(3739,'Nakhon Phanom',224),(3740,'Nakhon Ratchasima',224),(3741,'Nakhon Sawan',224),(3742,'Nakhon Si Thammarat',224),(3743,'Nan',224),(3744,'Narathiwat',224),(3745,'Nong Bua Lamphu',224),(3746,'Nong Khai',224),(3747,'Nonthaburi',224),(3748,'Pathum Thani',224),(3749,'Pattani',224),(3750,'Phangnga',224),(3751,'Phatthalung',224),(3752,'Phayao',224),(3753,'Phetchabun',224),(3754,'Phetchaburi',224),(3755,'Phichit',224),(3756,'Phitsanulok',224),(3757,'Phra Nakhon Si Ayutthaya',224),(3758,'Phrae',224),(3759,'Phuket',224),(3760,'Prachin Buri',224),(3761,'Prachuap Khiri Khan',224),(3762,'Ranong',224),(3763,'Ratchaburi',224),(3764,'Rayong',224),(3765,'Roi Et',224),(3766,'Sa Kaeo',224),(3767,'Sakon Nakhon',224),(3768,'Samut Prakan',224),(3769,'Samut Sakhon',224),(3770,'Samut Songkhram',224),(3771,'Sara Buri',224),(3772,'Satun',224),(3773,'Sing Buri',224),(3774,'Sisaket',224),(3775,'Songkhla',224),(3776,'Sukhothai',224),(3777,'Suphan Buri',224),(3778,'Surat Thani',224),(3779,'Surin',224),(3780,'Tak',224),(3781,'Trang',224),(3782,'Trat',224),(3783,'Ubon Ratchathani',224),(3784,'Udon Thani',224),(3785,'Uthai Thani',224),(3786,'Uttaradit',224),(3787,'Yala',224),(3788,'Yasothon',224),(3789,'Tobago',225),(3790,'De La Kara',226),(3791,'Des Plateaux',226),(3792,'Des Savanes',226),(3793,'Du Centre',226),(3794,'Maritime',226),(3795,'Atafu',227),(3796,'Fakaofo',227),(3797,'Nukunonu',227),(3798,'Ha\'apai',228),(3799,'Tongatapu',228),(3800,'Vava\'u',228),(3801,'Arima',229),(3802,'Caroni',229),(3803,'Mayaro',229),(3804,'Nariva',229),(3805,'Port-of-Spain',229),(3806,'Saint Andrew',229),(3807,'Saint David',229),(3808,'Saint George',229),(3809,'Saint Patrick',229),(3810,'San Fernando',229),(3811,'Victoria',229),(3812,'Ariana',230),(3813,'Beja',230),(3814,'Ben Arous',230),(3815,'Bizerte',230),(3816,'El Kef',230),(3817,'Gabes',230),(3818,'Gafsa',230),(3819,'Jendouba',230),(3820,'Kairouan',230),(3821,'Kasserine',230),(3822,'Kebili',230),(3823,'Mahdia',230),(3824,'Medenine',230),(3825,'Monastir',230),(3826,'Nabeul',230),(3827,'Sfax',230),(3828,'Sidi Bou Zid',230),(3829,'Siliana',230),(3830,'Sousse',230),(3831,'Tataouine',230),(3832,'Tozeur',230),(3833,'Tunis',230),(3834,'Zaghouan',230),(3835,'Adana',231),(3836,'Adiyaman',231),(3837,'Afyon',231),(3838,'Agri',231),(3839,'Aksaray',231),(3840,'Amasya',231),(3841,'Ankara',231),(3842,'Antalya',231),(3843,'Ardahan',231),(3844,'Artvin',231),(3845,'Aydin',231),(3846,'Balikesir',231),(3847,'Bartin',231),(3848,'Batman',231),(3849,'Bayburt',231),(3850,'Bilecik',231),(3851,'Bingol',231),(3852,'Bitlis',231),(3853,'Bolu',231),(3854,'Burdur',231),(3855,'Bursa',231),(3856,'Canakkale',231),(3857,'Cankiri',231),(3858,'Corum',231),(3859,'Denizli',231),(3860,'Diyarbakir',231),(3861,'Duzce',231),(3862,'Edirne',231),(3863,'Elazig',231),(3864,'Erzincan',231),(3865,'Erzurum',231),(3866,'Eskisehir',231),(3867,'Gaziantep',231),(3868,'Giresun',231),(3869,'Gumushane',231),(3870,'Hakkari',231),(3871,'Hatay',231),(3872,'Icel',231),(3873,'Igdir',231),(3874,'Isparta',231),(3875,'Istanbul',231),(3876,'Izmir',231),(3877,'Kahramanmaras',231),(3878,'Karabuk',231),(3879,'Karaman',231),(3880,'Kars',231),(3881,'Kastamonu',231),(3882,'Kayseri',231),(3883,'Kilis',231),(3884,'Kirikkale',231),(3885,'Kirklareli',231),(3886,'Kirsehir',231),(3887,'Kocaeli',231),(3888,'Konya',231),(3889,'Kutahya',231),(3890,'Malatya',231),(3891,'Manisa',231),(3892,'Mardin',231),(3893,'Mugla',231),(3894,'Mus',231),(3895,'Nevsehir',231),(3896,'Nigde',231),(3897,'Ordu',231),(3898,'Osmaniye',231),(3899,'Rize',231),(3900,'Sakarya',231),(3901,'Samsun',231),(3902,'Sanliurfa',231),(3903,'Siirt',231),(3904,'Sinop',231),(3905,'Sirnak',231),(3906,'Sivas',231),(3907,'Tekirdag',231),(3908,'Tokat',231),(3909,'Trabzon',231),(3910,'Tunceli',231),(3911,'Usak',231),(3912,'Van',231),(3913,'Yalova',231),(3914,'Yozgat',231),(3915,'Zonguldak',231),(3916,'Ahal Welayaty',232),(3917,'Balkan Welayaty',232),(3918,'Dashhowuz Welayaty',232),(3919,'Lebap Welayaty',232),(3920,'Mary Welayaty',232),(3921,'Tuvalu',233),(3922,'Adjumani',234),(3923,'Apac',234),(3924,'Arua',234),(3925,'Bugiri',234),(3926,'Bundibugyo',234),(3927,'Bushenyi',234),(3928,'Busia',234),(3929,'Gulu',234),(3930,'Hoima',234),(3931,'Iganga',234),(3932,'Jinja',234),(3933,'Kabale',234),(3934,'Kabarole',234),(3935,'Kalangala',234),(3936,'Kampala',234),(3937,'Kamuli',234),(3938,'Kapchorwa',234),(3939,'Kasese',234),(3940,'Katakwi',234),(3941,'Kibale',234),(3942,'Kiboga',234),(3943,'Kisoro',234),(3944,'Kitgum',234),(3945,'Kotido',234),(3946,'Kumi',234),(3947,'Lira',234),(3948,'Luwero',234),(3949,'Masaka',234),(3950,'Masindi',234),(3951,'Mbale',234),(3952,'Mbarara',234),(3953,'Moroto',234),(3954,'Moyo',234),(3955,'Mpigi',234),(3956,'Mubende',234),(3957,'Mukono',234),(3958,'Nakasongola',234),(3959,'Nebbi',234),(3960,'Ntungamo',234),(3961,'Pallisa',234),(3962,'Rakai',234),(3963,'Rukungiri',234),(3964,'Sembabule',234),(3965,'Soroti',234),(3966,'Tororo',234),(3967,'Avtonomna Respublika Krym (Simferopol\')',235),(3968,'Cherkas\'ka (Cherkasy)',235),(3969,'Chernihivs\'ka (Chernihiv)',235),(3970,'Chernivets\'ka (Chernivtsi)',235),(3971,'Dnipropetrovs\'ka (Dnipropetrovs\'k)',235),(3972,'Donets\'ka (Donets\'k)',235),(3973,'Ivano-Frankivs\'ka (Ivano-Frankivs\'k)',235),(3974,'Kharkivs\'ka (Kharkiv)',235),(3975,'Khersons\'ka (Kherson)',235),(3976,'Khmel\'nyts\'ka (Khmel\'nyts\'kyy)',235),(3977,'Kirovohrads\'ka (Kirovohrad)',235),(3978,'Kyyiv',235),(3979,'Kyyivs\'ka (Kiev)',235),(3980,'L\'vivs\'ka (L\'viv)',235),(3981,'Luhans\'ka (Luhans\'k)',235),(3982,'Mykolayivs\'ka (Mykolayiv)',235),(3983,'Odes\'ka (Odesa)',235),(3984,'Poltavs\'ka (Poltava)',235),(3985,'Rivnens\'ka (Rivne)',235),(3986,'Sevastopol\'',235),(3987,'Sums\'ka (Sumy)',235),(3988,'Ternopil\'s\'ka (Ternopil\')',235),(3989,'Vinnyts\'ka (Vinnytsya)',235),(3990,'Volyns\'ka (Luts\'k)',235),(3991,'Zakarpats\'ka (Uzhhorod)',235),(3992,'Zaporiz\'ka (Zaporizhzhya)',235),(3993,'Zhytomyrs\'ka (Zhytomyr)',235),(3994,'Ajman',236),(3995,'Abu Zaby (Abu Dhabi)',236),(3996,'Al Fujayrah',236),(3997,'Ash Shariqah (Sharjah)',236),(3998,'Dubayy (Dubai)',236),(3999,'Ra\'s al Khaymah',236),(4000,'Umm al Qaywayn',236),(4001,'Barking and Dagenham',237),(4002,'Barnet',237),(4003,'Barnsley',237),(4004,'Bath and North East Somerset',237),(4005,'Bedfordshire',237),(4006,'Bexley',237),(4007,'Birmingham',237),(4008,'Blackburn with Darwen',237),(4009,'Blackpool',237),(4010,'Bolton',237),(4011,'Bournemouth',237),(4012,'Bracknell Forest',237),(4013,'Bradford',237),(4014,'Brent',237),(4015,'Brighton and Hove',237),(4016,'Bromley',237),(4017,'Buckinghamshire',237),(4018,'Bury',237),(4019,'Calderdale',237),(4020,'Cambridgeshire',237),(4021,'Camden',237),(4022,'Cheshire',237),(4023,'City of Bristol',237),(4024,'City of Kingston upon Hull',237),(4025,'City of London',237),(4026,'Cornwall',237),(4027,'Coventry',237),(4028,'Croydon',237),(4029,'Cumbria',237),(4030,'Darlington',237),(4031,'Derby',237),(4032,'Derbyshire',237),(4033,'Devon',237),(4034,'Doncaster',237),(4035,'Dorset',237),(4036,'Dudley',237),(4037,'Durham',237),(4038,'Ealing',237),(4039,'East Riding of Yorkshire',237),(4040,'East Sussex',237),(4041,'Enfield',237),(4042,'Essex',237),(4043,'Gateshead',237),(4044,'Gloucestershire',237),(4045,'Greenwich',237),(4046,'Hackney',237),(4047,'Halton',237),(4048,'Hammersmith and Fulham',237),(4049,'Hampshire',237),(4050,'Haringey',237),(4051,'Harrow',237),(4052,'Hartlepool',237),(4053,'Havering',237),(4054,'Herefordshire',237),(4055,'Hertfordshire',237),(4056,'Hillingdon',237),(4057,'Hounslow',237),(4058,'Isle of Wight',237),(4059,'Islington',237),(4060,'Kensington and Chelsea',237),(4061,'Kent',237),(4062,'Kingston upon Thames',237),(4063,'Kirklees',237),(4064,'Knowsley',237),(4065,'Lambeth',237),(4066,'Lancashire',237),(4067,'Leeds',237),(4068,'Leicester',237),(4069,'Leicestershire',237),(4070,'Lewisham',237),(4071,'Lincolnshire',237),(4072,'Liverpool',237),(4073,'Luton',237),(4074,'Manchester',237),(4075,'Medway',237),(4076,'Merton',237),(4077,'Middlesbrough',237),(4078,'Milton Keynes',237),(4079,'Newcastle upon Tyne',237),(4080,'Newham',237),(4081,'Norfolk',237),(4082,'North East Lincolnshire',237),(4083,'North Lincolnshire',237),(4084,'North Somerset',237),(4085,'North Tyneside',237),(4086,'North Yorkshire',237),(4087,'Northamptonshire',237),(4088,'Northumberland',237),(4089,'Nottingham',237),(4090,'Nottinghamshire',237),(4091,'Oldham',237),(4092,'Oxfordshire',237),(4093,'Peterborough',237),(4094,'Plymouth',237),(4095,'Poole',237),(4096,'Portsmouth',237),(4097,'Reading',237),(4098,'Redbridge',237),(4099,'Redcar and Cleveland',237),(4100,'Richmond upon Thames',237),(4101,'Rochdale',237),(4102,'Rotherham',237),(4103,'Rutland',237),(4104,'Salford',237),(4105,'Sandwell',237),(4106,'Sefton',237),(4107,'Sheffield',237),(4108,'Shropshire',237),(4109,'Slough',237),(4110,'Solihull',237),(4111,'Somerset',237),(4112,'South Gloucestershire',237),(4113,'South Tyneside',237),(4114,'Southampton',237),(4115,'Southend-on-Sea',237),(4116,'Southwark',237),(4117,'St. Helens',237),(4118,'Staffordshire',237),(4119,'Stockport',237),(4120,'Stockton-on-Tees',237),(4121,'Stoke-on-Trent',237),(4122,'Suffolk',237),(4123,'Sunderland',237),(4124,'Surrey',237),(4125,'Sutton',237),(4126,'Swindon',237),(4127,'Tameside',237),(4128,'Telford and Wrekin',237),(4129,'Thurrock',237),(4130,'Torbay',237),(4131,'Tower Hamlets',237),(4132,'Trafford',237),(4133,'Wakefield',237),(4134,'Walsall',237),(4135,'Waltham Forest',237),(4136,'Wandsworth',237),(4137,'Warrington',237),(4138,'Warwickshire',237),(4139,'West Berkshire',237),(4140,'West Sussex',237),(4141,'Westminster',237),(4142,'Wigan',237),(4143,'Wiltshire',237),(4144,'Windsor and Maidenhead',237),(4145,'Wirral',237),(4146,'Wokingham',237),(4147,'Wolverhampton',237),(4148,'Worcestershire',237),(4149,'York',237),(4150,'Artigas',238),(4151,'Canelones',238),(4152,'Cerro Largo',238),(4153,'Colonia',238),(4154,'Durazno',238),(4155,'Flores',238),(4156,'Florida',238),(4157,'Lavalleja',238),(4158,'Maldonado',238),(4159,'Montevideo',238),(4160,'Paysandu',238),(4161,'Rio Negro',238),(4162,'Rivera',238),(4163,'Rocha',238),(4164,'Salto',238),(4165,'San Jose',238),(4166,'Soriano',238),(4167,'Tacuarembo',238),(4168,'Treinta y Tres',238),(4169,'Alabama',239),(4170,'Alaska',239),(4171,'Arizona',239),(4172,'Arkansas',239),(4173,'California',239),(4174,'Colorado',239),(4175,'Connecticut',239),(4176,'Delaware',239),(4177,'District of Columbia',239),(4178,'Florida',239),(4179,'Georgia',239),(4180,'Hawaii',239),(4181,'Idaho',239),(4182,'Illinois',239),(4183,'Indiana',239),(4184,'Iowa',239),(4185,'Kansas',239),(4186,'Kentucky',239),(4187,'Louisiana',239),(4188,'Maine',239),(4189,'Maryland',239),(4190,'Massachusetts',239),(4191,'Michigan',239),(4192,'Minnesota',239),(4193,'Mississippi',239),(4194,'Missouri',239),(4195,'Montana',239),(4196,'Nebraska',239),(4197,'Nevada',239),(4198,'New Hampshire',239),(4199,'New Jersey',239),(4200,'New Mexico',239),(4201,'New York',239),(4202,'North Carolina',239),(4203,'North Dakota',239),(4204,'Ohio',239),(4205,'Oklahoma',239),(4206,'Oregon',239),(4207,'Pennsylvania',239),(4208,'Rhode Island',239),(4209,'South Carolina',239),(4210,'South Dakota',239),(4211,'Tennessee',239),(4212,'Texas',239),(4213,'Utah',239),(4214,'Vermont',239),(4215,'Virginia',239),(4216,'Washington',239),(4217,'West Virginia',239),(4218,'Wisconsin',239),(4219,'Wyoming',239),(4220,'Andijon Wiloyati',240),(4221,'Bukhoro Wiloyati',240),(4222,'Farghona Wiloyati',240),(4223,'Jizzakh Wiloyati',240),(4224,'Khorazm Wiloyati (Urganch)',240),(4225,'Namangan Wiloyati',240),(4226,'Nawoiy Wiloyati',240),(4227,'Qashqadaryo Wiloyati (Qarshi)',240),(4228,'Qoraqalpoghiston (Nukus)',240),(4229,'Samarqand Wiloyati',240),(4230,'Sirdaryo Wiloyati (Guliston)',240),(4231,'Surkhondaryo Wiloyati (Termiz)',240),(4232,'Toshkent Shahri',240),(4233,'Toshkent Wiloyati',240),(4234,'Malampa',241),(4235,'Penama',241),(4236,'Sanma',241),(4237,'Shefa',241),(4238,'Tafea',241),(4239,'Torba',241),(4240,'Amazonas',242),(4241,'Anzoategui',242),(4242,'Apure',242),(4243,'Aragua',242),(4244,'Barinas',242),(4245,'Bolivar',242),(4246,'Carabobo',242),(4247,'Cojedes',242),(4248,'Delta Amacuro',242),(4249,'Dependencias Federales',242),(4250,'Distrito Federal',242),(4251,'Falcon',242),(4252,'Guarico',242),(4253,'Lara',242),(4254,'Merida',242),(4255,'Miranda',242),(4256,'Monagas',242),(4257,'Nueva Esparta',242),(4258,'Portuguesa',242),(4259,'Sucre',242),(4260,'Tachira',242),(4261,'Trujillo',242),(4262,'Vargas',242),(4263,'Yaracuy',242),(4264,'Zulia',242),(4265,'An Giang',243),(4266,'Ba Ria-Vung Tau',243),(4267,'Bac Giang',243),(4268,'Bac Kan',243),(4269,'Bac Lieu',243),(4270,'Bac Ninh',243),(4271,'Ben Tre',243),(4272,'Binh Dinh',243),(4273,'Binh Duong',243),(4274,'Binh Phuoc',243),(4275,'Binh Thuan',243),(4276,'Ca Mau',243),(4277,'Can Tho',243),(4278,'Cao Bang',243),(4279,'Da Nang',243),(4280,'Dac Lak',243),(4281,'Dong Nai',243),(4282,'Dong Thap',243),(4283,'Gia Lai',243),(4284,'Ha Giang',243),(4285,'Ha Nam',243),(4286,'Ha Noi',243),(4287,'Ha Tay',243),(4288,'Ha Tinh',243),(4289,'Hai Duong',243),(4290,'Hai Phong',243),(4291,'Ho Chi Minh',243),(4292,'Hoa Binh',243),(4293,'Hung Yen',243),(4294,'Khanh Hoa',243),(4295,'Kien Giang',243),(4296,'Kon Tum',243),(4297,'Lai Chau',243),(4298,'Lam Dong',243),(4299,'Lang Son',243),(4300,'Lao Cai',243),(4301,'Long An',243),(4302,'Nam Dinh',243),(4303,'Nghe An',243),(4304,'Ninh Binh',243),(4305,'Ninh Thuan',243),(4306,'Phu Tho',243),(4307,'Phu Yen',243),(4308,'Quang Binh',243),(4309,'Quang Nam',243),(4310,'Quang Ngai',243),(4311,'Quang Ninh',243),(4312,'Quang Tri',243),(4313,'Soc Trang',243),(4314,'Son La',243),(4315,'Tay Ninh',243),(4316,'Thai Binh',243),(4317,'Thai Nguyen',243),(4318,'Thanh Hoa',243),(4319,'Thua Thien-Hue',243),(4320,'Tien Giang',243),(4321,'Tra Vinh',243),(4322,'Tuyen Quang',243),(4323,'Vinh Long',243),(4324,'Vinh Phuc',243),(4325,'Yen Bai',243),(4326,'Saint Croix',244),(4327,'Saint John',244),(4328,'Saint Thomas',244),(4329,'Blaenau Gwent',245),(4330,'Bridgend',245),(4331,'Caerphilly',245),(4332,'Cardiff',245),(4333,'Carmarthenshire',245),(4334,'Ceredigion',245),(4335,'Conwy',245),(4336,'Denbighshire',245),(4337,'Flintshire',245),(4338,'Gwynedd',245),(4339,'Isle of Anglesey',245),(4340,'Merthyr Tydfil',245),(4341,'Monmouthshire',245),(4342,'Neath Port Talbot',245),(4343,'Newport',245),(4344,'Pembrokeshire',245),(4345,'Powys',245),(4346,'Rhondda Cynon Taff',245),(4347,'Swansea',245),(4348,'The Vale of Glamorgan',245),(4349,'Torfaen',245),(4350,'Wrexham',245),(4351,'Alo',246),(4352,'Sigave',246),(4353,'Wallis',246),(4354,'West Bank',247),(4355,'Western Sahara',248),(4356,'Adan',249),(4357,'Ataq',249),(4358,'Abyan',249),(4359,'Al Bayda\'',249),(4360,'Al Hudaydah',249),(4361,'Al Jawf',249),(4362,'Al Mahrah',249),(4363,'Al Mahwit',249),(4364,'Dhamar',249),(4365,'Hadhramawt',249),(4366,'Hajjah',249),(4367,'Ibb',249),(4368,'Lahij',249),(4369,'Ma\'rib',249),(4370,'Sa\'dah',249),(4371,'San\'a\'',249),(4372,'Ta\'izz',249),(4373,'Kosovo',250),(4374,'Montenegro',250),(4375,'Serbia',250),(4376,'Vojvodina',250),(4377,'Central',251),(4378,'Copperbelt',251),(4379,'Eastern',251),(4380,'Luapula',251),(4381,'Lusaka',251),(4382,'North-Western',251),(4383,'Northern',251),(4384,'Southern',251),(4385,'Western',251),(4386,'Bulawayo',252),(4387,'Harare',252),(4388,'ManicalandMashonaland Central',252),(4389,'Mashonaland East',252),(4390,'Mashonaland West',252),(4391,'Masvingo',252),(4392,'Matabeleland North',252),(4393,'Matabeleland South',252),(4394,'Midlands',252);

UNLOCK TABLES;

/*Table structure for table `customer` */

DROP TABLE IF EXISTS `customer`;

CREATE TABLE `customer` (
  `id` int(10) unsigned NOT NULL AUTO_INCREMENT,
  `name` varchar(128) NOT NULL,
  `address` text,
  `handphone` varchar(20) DEFAULT NULL,
  `home_phone` varchar(20) DEFAULT NULL,
  `company` varchar(128) DEFAULT NULL,
  PRIMARY KEY (`id`),
  UNIQUE KEY `handphone` (`handphone`),
  KEY `name` (`name`),
  KEY `handphone_2` (`handphone`)
) ENGINE=InnoDB AUTO_INCREMENT=4 DEFAULT CHARSET=latin1;

/*Data for the table `customer` */

LOCK TABLES `customer` WRITE;

insert  into `customer`(`id`,`name`,`address`,`handphone`,`home_phone`,`company`) values (0,'Default',NULL,NULL,NULL,NULL),(1,'Abul Hasan','I don\\\'t know','01231232',NULL,'Abul Hasan'),(2,'Habibul','Dont know','019123939292',NULL,'Habibul'),(3,'Rashed Jony','','020230423',NULL,'Rashed Jony');

UNLOCK TABLES;

/*Table structure for table `customer_payment` */

DROP TABLE IF EXISTS `customer_payment`;

CREATE TABLE `customer_payment` (
  `id` int(10) unsigned NOT NULL AUTO_INCREMENT,
  `customer` int(10) unsigned NOT NULL,
  `invoice` int(10) unsigned NOT NULL,
  `amount` decimal(10,2) unsigned NOT NULL,
  `entry_by` int(10) unsigned NOT NULL,
  `entry_time` datetime NOT NULL,
  `modify_by` int(10) unsigned DEFAULT NULL,
  `modify_time` datetime DEFAULT NULL,
  PRIMARY KEY (`id`)
) ENGINE=InnoDB AUTO_INCREMENT=2 DEFAULT CHARSET=latin1;

/*Data for the table `customer_payment` */

LOCK TABLES `customer_payment` WRITE;

insert  into `customer_payment`(`id`,`customer`,`invoice`,`amount`,`entry_by`,`entry_time`,`modify_by`,`modify_time`) values (1,2,47,'10.00',1,'2016-10-21 18:39:05',NULL,NULL);

UNLOCK TABLES;

/*Table structure for table `expense` */

DROP TABLE IF EXISTS `expense`;

CREATE TABLE `expense` (
  `id` int(10) unsigned NOT NULL AUTO_INCREMENT,
  `ex_category` int(10) unsigned NOT NULL,
  `ex_bill` int(10) unsigned NOT NULL DEFAULT '0',
  `ex_date` date NOT NULL,
  `ex_amount` decimal(10,2) unsigned NOT NULL,
  `ex_payment_mode` enum('Cash','Cheque','Bank') NOT NULL DEFAULT 'Cash',
  `ex_payment_ref` varchar(20) DEFAULT NULL,
  `ex_details` text NOT NULL,
  `ex_remarks` text,
  `ex_entry_by` int(10) unsigned NOT NULL,
  `ex_entry_time` datetime NOT NULL,
  `ex_modify_by` int(10) unsigned DEFAULT NULL,
  `ex_modify_time` datetime DEFAULT NULL,
  `ex_trash` tinyint(3) unsigned NOT NULL,
  PRIMARY KEY (`id`),
  KEY `exp_category` (`ex_category`),
  CONSTRAINT `exp_category` FOREIGN KEY (`ex_category`) REFERENCES `expense_category` (`id`)
) ENGINE=InnoDB AUTO_INCREMENT=14 DEFAULT CHARSET=latin1;

/*Data for the table `expense` */

LOCK TABLES `expense` WRITE;

insert  into `expense`(`id`,`ex_category`,`ex_bill`,`ex_date`,`ex_amount`,`ex_payment_mode`,`ex_payment_ref`,`ex_details`,`ex_remarks`,`ex_entry_by`,`ex_entry_time`,`ex_modify_by`,`ex_modify_time`,`ex_trash`) values (1,8,0,'2016-02-10','1000.00','Cash',NULL,'some reason','',1,'2016-02-10 01:00:38',NULL,NULL,0),(2,7,0,'2016-02-10','1000.00','Cheque','111111','sdafa','',1,'2016-02-10 13:04:42',1,'2016-03-09 05:09:58',0),(3,2,0,'2016-03-09','23434.00','Cash','','sf','',1,'2016-03-09 05:11:26',NULL,NULL,0),(4,2,0,'2016-03-09','33.00','Bank','234','33','',1,'2016-03-09 05:11:39',NULL,NULL,0),(5,2,0,'2016-03-10','6.00','Cash','','as','',1,'2016-03-10 08:48:14',1,'2016-03-10 08:50:58',0),(6,6,0,'2016-04-14','23.00','Cash','','rthrth','',1,'2016-04-14 14:45:28',NULL,NULL,0),(7,1,0,'2016-09-17','33.00','Cash','POS Terminal','','',2,'2016-09-17 04:51:08',NULL,NULL,0),(8,2,0,'2016-09-17','10.00','Cash','POS Terminal','','don\\\'t know\r\n',2,'2016-09-17 04:54:23',NULL,NULL,0),(9,1,0,'2016-09-17','120.00','Cash','POS Terminal','','',2,'2016-09-17 04:54:45',NULL,NULL,0),(10,1,0,'2016-09-17','120.23','Cash','POS Terminal','','',2,'2016-09-17 04:55:05',NULL,NULL,0),(11,1,0,'2016-09-17','120.23','Cash','POS Terminal','','',2,'2016-09-17 04:56:02',NULL,NULL,0),(12,1,0,'2016-09-17','33.33','Cash','POS Terminal','','dsdf',2,'2016-09-17 04:56:23',NULL,NULL,0),(13,9,0,'2016-09-17','300.00','Cash','POS Terminal','','asdfsaf',2,'2016-09-17 12:20:49',NULL,NULL,0);

UNLOCK TABLES;

/*Table structure for table `expense_category` */

DROP TABLE IF EXISTS `expense_category`;

CREATE TABLE `expense_category` (
  `id` int(10) unsigned NOT NULL AUTO_INCREMENT,
  `ec_parent` int(10) unsigned NOT NULL DEFAULT '0',
  `ec_name` varchar(64) NOT NULL,
  `ec_monthly_budget` decimal(10,2) unsigned NOT NULL DEFAULT '0.00',
  `ec_details` text,
  PRIMARY KEY (`id`)
) ENGINE=InnoDB AUTO_INCREMENT=12 DEFAULT CHARSET=latin1;

/*Data for the table `expense_category` */

LOCK TABLES `expense_category` WRITE;

insert  into `expense_category`(`id`,`ec_parent`,`ec_name`,`ec_monthly_budget`,`ec_details`) values (1,0,'Stationary','1.00',''),(2,1,'Daily Use','2.00',''),(3,1,'Permanent','2.00',''),(4,3,'Staplers','3.00',''),(5,3,'Label Printer','3.00',''),(6,4,'Stapler Pins','4.00',''),(7,0,'Utility','1.00',''),(8,0,'Salary','10.00',''),(9,7,'UniFi','249.00',''),(10,8,'Abdul Halim','1200.00',''),(11,7,'TNB','200.00','');

UNLOCK TABLES;

/*Table structure for table `frm_attributes` */

DROP TABLE IF EXISTS `frm_attributes`;

CREATE TABLE `frm_attributes` (
  `id` int(10) unsigned NOT NULL AUTO_INCREMENT,
  `att_form` int(10) unsigned NOT NULL,
  `att_name` varchar(64) DEFAULT NULL,
  `att_field` varchar(64) NOT NULL,
  `att_title` varchar(128) DEFAULT NULL,
  `att_type` enum('Text','Email','Number','Date','Datetime','Time','Radio','Dropdown','Checkbox','Enum','Icon') NOT NULL DEFAULT 'Text',
  `att_type_helper` varchar(128) DEFAULT NULL,
  `att_placeholder` varchar(128) DEFAULT NULL,
  `att_default` varchar(128) DEFAULT NULL,
  `att_required` tinyint(1) unsigned NOT NULL DEFAULT '1',
  `att_id` varchar(128) DEFAULT NULL,
  `att_class` varchar(256) DEFAULT NULL,
  `att_attributes` varchar(256) DEFAULT NULL,
  `att_span` tinyint(1) unsigned NOT NULL DEFAULT '1',
  `att_group` tinyint(2) unsigned NOT NULL DEFAULT '1',
  `att_group_name` varchar(32) DEFAULT NULL,
  `att_position` tinyint(2) unsigned NOT NULL DEFAULT '1',
  `att_trash` tinyint(1) unsigned NOT NULL DEFAULT '0',
  PRIMARY KEY (`id`),
  KEY `form` (`att_form`),
  CONSTRAINT `form` FOREIGN KEY (`att_form`) REFERENCES `frm_form` (`id`) ON DELETE CASCADE
) ENGINE=InnoDB AUTO_INCREMENT=83 DEFAULT CHARSET=latin1;

/*Data for the table `frm_attributes` */

LOCK TABLES `frm_attributes` WRITE;

insert  into `frm_attributes`(`id`,`att_form`,`att_name`,`att_field`,`att_title`,`att_type`,`att_type_helper`,`att_placeholder`,`att_default`,`att_required`,`att_id`,`att_class`,`att_attributes`,`att_span`,`att_group`,`att_group_name`,`att_position`,`att_trash`) values (15,4,'name','name','Name','Text',NULL,NULL,NULL,1,NULL,NULL,NULL,1,1,NULL,0,0),(16,4,'registration','registration','Registration','Text',NULL,NULL,NULL,1,NULL,NULL,NULL,1,1,NULL,1,0),(17,4,'address','address','Address','Text',NULL,NULL,NULL,1,NULL,NULL,NULL,1,1,NULL,2,0),(18,4,'phone','phone','Phone','Text',NULL,NULL,NULL,1,NULL,NULL,NULL,1,1,NULL,3,0),(19,4,'fax','fax','Fax','Text',NULL,NULL,NULL,1,NULL,NULL,NULL,1,1,NULL,4,0),(20,4,'email','email','Email','Text',NULL,NULL,NULL,1,NULL,NULL,NULL,1,1,NULL,5,0),(21,4,'contact_person','contact_person','Contact Person','Text',NULL,NULL,NULL,1,NULL,NULL,NULL,1,1,NULL,6,0),(22,4,'contact_number','contact_number','Contact Number','Text',NULL,NULL,NULL,1,NULL,NULL,NULL,1,1,NULL,7,0),(23,4,'bank','bank','Bank','Text',NULL,NULL,NULL,1,NULL,NULL,NULL,1,1,NULL,8,0),(24,4,'account_number','account_number','Account Number','Text',NULL,NULL,NULL,1,NULL,NULL,NULL,1,1,NULL,9,0),(25,4,'notes','notes','Notes','Text',NULL,NULL,NULL,1,NULL,NULL,NULL,1,1,NULL,10,0),(38,7,'category','ex_category','Category','Text',NULL,NULL,NULL,1,NULL,NULL,NULL,1,1,NULL,0,0),(39,7,'bill','ex_bill','Bill','Text',NULL,NULL,NULL,1,NULL,NULL,NULL,1,1,NULL,1,0),(40,7,'date','ex_date','Date','Text',NULL,NULL,NULL,1,NULL,NULL,NULL,1,1,NULL,2,0),(41,7,'amount','ex_amount','Amount','Text',NULL,NULL,NULL,1,NULL,NULL,NULL,1,1,NULL,3,0),(42,7,'payment_mode','ex_payment_mode','Payment Mode','Text',NULL,NULL,NULL,1,NULL,NULL,NULL,1,1,NULL,4,0),(43,7,'payment_ref','ex_payment_ref','Payment Ref','Text',NULL,NULL,NULL,1,NULL,NULL,NULL,1,1,NULL,5,0),(44,7,'details','ex_details','Details','Text',NULL,NULL,NULL,1,NULL,NULL,NULL,1,1,NULL,6,0),(45,7,'remarks','ex_remarks','Remarks','Text',NULL,NULL,NULL,1,NULL,NULL,NULL,1,1,NULL,7,0),(46,8,'parent','ec_parent','Parent','Text',NULL,NULL,NULL,1,NULL,NULL,NULL,1,1,NULL,0,0),(47,8,'name','ec_name','Name','Text',NULL,NULL,NULL,1,NULL,NULL,NULL,1,1,NULL,1,0),(48,8,'monthly_budget','ec_monthly_budget','Monthly Budget','Text',NULL,NULL,NULL,1,NULL,NULL,NULL,1,1,NULL,2,0),(49,8,'details','ec_details','Details','Text',NULL,NULL,NULL,1,NULL,NULL,NULL,1,1,NULL,3,0),(50,9,'name','name','Name','Text',NULL,NULL,NULL,1,NULL,NULL,NULL,1,1,NULL,0,0),(51,9,'code','code','Code','Text',NULL,NULL,NULL,1,NULL,NULL,NULL,1,1,NULL,1,0),(52,9,'buying_price','buying_price','Buying Price','Text',NULL,NULL,NULL,1,NULL,NULL,NULL,1,1,NULL,2,0),(53,9,'selling_price','selling_price','Selling Price','Text',NULL,NULL,NULL,1,NULL,NULL,NULL,1,1,NULL,3,0),(54,9,'image','image','Image','Text',NULL,NULL,NULL,1,NULL,NULL,NULL,1,1,NULL,4,0),(55,10,'name','t_name','Name','Text',NULL,NULL,NULL,1,NULL,NULL,NULL,1,1,NULL,0,0),(56,10,'description','t_description','Description','Text',NULL,NULL,NULL,1,NULL,NULL,NULL,1,1,NULL,1,0),(57,10,'status','t_status','Status','Text',NULL,NULL,NULL,1,NULL,NULL,NULL,1,1,NULL,2,0),(58,11,'name','name','Name','Text',NULL,NULL,NULL,1,NULL,NULL,NULL,1,1,NULL,0,0),(59,11,'date','date','Date','Text',NULL,NULL,NULL,1,NULL,NULL,NULL,1,1,NULL,1,0),(60,11,'supplier','supplier','Supplier','Text',NULL,NULL,NULL,1,NULL,NULL,NULL,1,1,NULL,2,0),(61,11,'purchased','purchased_by','Purchased','Text',NULL,NULL,NULL,1,NULL,NULL,NULL,1,1,NULL,3,0),(62,11,'remarks','remarks','Remarks','Text',NULL,NULL,NULL,1,NULL,NULL,NULL,1,1,NULL,4,0),(63,12,'date','date','Date','Text',NULL,NULL,NULL,1,NULL,NULL,NULL,1,1,NULL,0,0),(64,12,'customer','customer','Customer','Text',NULL,NULL,NULL,1,NULL,NULL,NULL,1,1,NULL,1,0),(65,13,'bacth','bacth_id','Bacth','Text',NULL,NULL,NULL,1,NULL,NULL,NULL,1,1,NULL,0,0),(66,13,'product','product_id','Product','Text',NULL,NULL,NULL,1,NULL,NULL,NULL,1,1,NULL,1,0),(67,13,'buying_price','buying_price','Buying Price','Text',NULL,NULL,NULL,1,NULL,NULL,NULL,1,1,NULL,2,0),(68,13,'selling_price','selling_price','Selling Price','Text',NULL,NULL,NULL,1,NULL,NULL,NULL,1,1,NULL,3,0),(69,13,'quantity','quantity','Quantity','Text',NULL,NULL,NULL,1,NULL,NULL,NULL,1,1,NULL,4,0),(70,13,'expiry_date','expiry_date','Expiry Date','Text',NULL,NULL,NULL,1,NULL,NULL,NULL,1,1,NULL,5,0),(71,14,'invoice','invoice_id','Invoice','Text',NULL,NULL,NULL,1,NULL,NULL,NULL,1,1,NULL,0,0),(72,14,'name','name','Name','Text',NULL,NULL,NULL,1,NULL,NULL,NULL,1,1,NULL,1,0),(73,14,'code','code','Code','Text',NULL,NULL,NULL,1,NULL,NULL,NULL,1,1,NULL,2,0),(74,14,'buying_price','buying_price','Buying Price','Text',NULL,NULL,NULL,1,NULL,NULL,NULL,1,1,NULL,3,0),(75,14,'selling_price','selling_price','Selling Price','Text',NULL,NULL,NULL,1,NULL,NULL,NULL,1,1,NULL,4,0),(76,14,'quantity','quantity','Quantity','Text',NULL,NULL,NULL,1,NULL,NULL,NULL,1,1,NULL,5,0),(77,14,'total','total','Total','Text',NULL,NULL,NULL,1,NULL,NULL,NULL,1,1,NULL,6,0),(78,15,'name','name','Name','Text',NULL,NULL,NULL,1,NULL,NULL,NULL,1,1,NULL,0,0),(79,15,'date','date','Date','Text',NULL,NULL,NULL,1,NULL,NULL,NULL,1,1,NULL,1,0),(80,15,'supplier','supplier','Supplier','Text',NULL,NULL,NULL,1,NULL,NULL,NULL,1,1,NULL,2,0),(81,15,'purchased','purchased_by','Purchased','Text',NULL,NULL,NULL,1,NULL,NULL,NULL,1,1,NULL,3,0),(82,15,'remarks','remarks','Remarks','Text',NULL,NULL,NULL,1,NULL,NULL,NULL,1,1,NULL,4,0);

UNLOCK TABLES;

/*Table structure for table `frm_controller` */

DROP TABLE IF EXISTS `frm_controller`;

CREATE TABLE `frm_controller` (
  `id` int(10) unsigned NOT NULL AUTO_INCREMENT,
  `c_schema` varchar(64) NOT NULL,
  `c_schema_prefix` varchar(5) DEFAULT NULL,
  `c_name` varchar(64) NOT NULL,
  `c_title` varchar(64) NOT NULL,
  PRIMARY KEY (`id`)
) ENGINE=InnoDB AUTO_INCREMENT=16 DEFAULT CHARSET=latin1;

/*Data for the table `frm_controller` */

LOCK TABLES `frm_controller` WRITE;

insert  into `frm_controller`(`id`,`c_schema`,`c_schema_prefix`,`c_name`,`c_title`) values (4,'supplier','','supplier','Supplier'),(7,'expense','','expense','Expense'),(8,'expense_category','','expense_category','Expense Category'),(9,'products','','products','Products'),(10,'sys_tasks','','sys_tasks','Sys Tasks'),(11,'purchase_batch','','purchase_batch','Purchase Batch'),(12,'sales_invoice','','sales_invoice','Sales Invoice'),(13,'purchase_batch_items','','purchase_batch_items','Purchase Batch Items'),(14,'sales_invoice_item','','sales_invoice_item','Sales Invoice Item'),(15,'purchase_return','','purchase_return','Purchase Return');

UNLOCK TABLES;

/*Table structure for table `frm_form` */

DROP TABLE IF EXISTS `frm_form`;

CREATE TABLE `frm_form` (
  `id` int(10) unsigned NOT NULL AUTO_INCREMENT,
  `f_controller` int(10) unsigned NOT NULL,
  `f_name` varchar(32) NOT NULL,
  `f_title` varchar(128) NOT NULL,
  `f_action_after` varchar(128) DEFAULT NULL,
  `f_updated` tinyint(1) unsigned NOT NULL DEFAULT '0',
  PRIMARY KEY (`id`),
  UNIQUE KEY `form_name` (`f_name`),
  KEY `controller_form` (`f_controller`),
  CONSTRAINT `controller_form` FOREIGN KEY (`f_controller`) REFERENCES `frm_controller` (`id`) ON DELETE CASCADE
) ENGINE=InnoDB AUTO_INCREMENT=16 DEFAULT CHARSET=latin1;

/*Data for the table `frm_form` */

LOCK TABLES `frm_form` WRITE;

insert  into `frm_form`(`id`,`f_controller`,`f_name`,`f_title`,`f_action_after`,`f_updated`) values (4,4,'add_supplier','Add Supplier','view',0),(7,7,'add_expense','Add Expense','view',0),(8,8,'add_expense_category','Add Expense Category','view',0),(9,9,'add_products','Add Products','view',0),(10,10,'add_sys_tasks','Add Sys Tasks','view',0),(11,11,'add_purchase_batch','Add Purchase Batch','view',0),(12,12,'add_sales_invoice','Add Sales Invoice','view',0),(13,13,'add_purchase_batch_items','Add Purchase Batch Items','view',0),(14,14,'add_sales_invoice_item','Add Sales Invoice Item','view',0),(15,15,'add_purchase_return','Add Purchase Return','view',0);

UNLOCK TABLES;

/*Table structure for table `frm_view` */

DROP TABLE IF EXISTS `frm_view`;

CREATE TABLE `frm_view` (
  `id` int(10) unsigned NOT NULL AUTO_INCREMENT,
  `v_controller` int(10) unsigned NOT NULL,
  `v_name` varchar(128) NOT NULL,
  `v_functions` varchar(128) NOT NULL DEFAULT 'edit,remove',
  `v_updateded` tinyint(1) unsigned NOT NULL DEFAULT '0',
  PRIMARY KEY (`id`),
  UNIQUE KEY `viewname` (`v_name`),
  KEY `controller_view` (`v_controller`),
  CONSTRAINT `controller_view` FOREIGN KEY (`v_controller`) REFERENCES `frm_controller` (`id`) ON DELETE CASCADE
) ENGINE=InnoDB AUTO_INCREMENT=16 DEFAULT CHARSET=latin1;

/*Data for the table `frm_view` */

LOCK TABLES `frm_view` WRITE;

insert  into `frm_view`(`id`,`v_controller`,`v_name`,`v_functions`,`v_updateded`) values (4,4,'supplier','edit,remove',0),(7,7,'expense','edit,remove',0),(8,8,'expense_category','edit,remove',0),(9,9,'products','edit,remove',0),(10,10,'sys_tasks','edit,remove',0),(11,11,'purchase_batch','edit,remove',0),(12,12,'sales_invoice','edit,remove',0),(13,13,'purchase_batch_items','edit,remove',0),(14,14,'sales_invoice_item','edit,remove',0),(15,15,'purchase_return','edit,remove',0);

UNLOCK TABLES;

/*Table structure for table `frm_view_filter` */

DROP TABLE IF EXISTS `frm_view_filter`;

CREATE TABLE `frm_view_filter` (
  `id` int(10) unsigned NOT NULL AUTO_INCREMENT,
  `vf_view` int(10) unsigned NOT NULL,
  `vf_field` varchar(64) NOT NULL,
  `vf_name` varchar(64) NOT NULL,
  `vf_data_helper` varchar(128) DEFAULT NULL,
  `vf_default` varchar(128) DEFAULT NULL,
  `vf_position` tinyint(2) unsigned NOT NULL DEFAULT '0',
  PRIMARY KEY (`id`),
  KEY `view_filter` (`vf_view`),
  CONSTRAINT `view_filter` FOREIGN KEY (`vf_view`) REFERENCES `frm_view` (`id`) ON DELETE CASCADE
) ENGINE=InnoDB AUTO_INCREMENT=23 DEFAULT CHARSET=latin1;

/*Data for the table `frm_view_filter` */

LOCK TABLES `frm_view_filter` WRITE;

insert  into `frm_view_filter`(`id`,`vf_view`,`vf_field`,`vf_name`,`vf_data_helper`,`vf_default`,`vf_position`) values (7,4,'name','',NULL,NULL,22),(10,7,'ex_category','',NULL,NULL,19),(11,7,'ex_details','',NULL,NULL,20),(12,8,'ec_name','',NULL,NULL,8),(13,9,'name','',NULL,NULL,14),(14,9,'code','',NULL,NULL,15),(15,10,'t_name','',NULL,NULL,6),(16,11,'name','',NULL,NULL,14),(17,11,'date','',NULL,NULL,15),(18,12,'date','',NULL,NULL,8),(19,13,'expiry_date','',NULL,NULL,12),(20,14,'name','',NULL,NULL,14),(21,15,'name','',NULL,NULL,14),(22,15,'date','',NULL,NULL,15);

UNLOCK TABLES;

/*Table structure for table `frm_view_item` */

DROP TABLE IF EXISTS `frm_view_item`;

CREATE TABLE `frm_view_item` (
  `id` int(10) unsigned NOT NULL AUTO_INCREMENT,
  `vi_view` int(10) unsigned NOT NULL,
  `vi_field` varchar(64) NOT NULL,
  `vi_title` varchar(128) DEFAULT NULL,
  `vi_function` varchar(128) DEFAULT NULL,
  `vi_position` tinyint(3) unsigned NOT NULL DEFAULT '0',
  `vi_aggrigate_function` varchar(128) NOT NULL,
  `vi_trash` tinyint(1) unsigned NOT NULL DEFAULT '0',
  PRIMARY KEY (`id`),
  KEY `view_item` (`vi_view`),
  CONSTRAINT `view_item` FOREIGN KEY (`vi_view`) REFERENCES `frm_view` (`id`) ON DELETE CASCADE
) ENGINE=InnoDB AUTO_INCREMENT=113 DEFAULT CHARSET=latin1;

/*Data for the table `frm_view_item` */

LOCK TABLES `frm_view_item` WRITE;

insert  into `frm_view_item`(`id`,`vi_view`,`vi_field`,`vi_title`,`vi_function`,`vi_position`,`vi_aggrigate_function`,`vi_trash`) values (23,4,'name','Name',NULL,11,'',0),(24,4,'registration','Registration',NULL,12,'',0),(25,4,'address','Address',NULL,13,'',0),(26,4,'phone','Phone',NULL,14,'',0),(27,4,'fax','Fax',NULL,15,'',0),(28,4,'email','Email',NULL,16,'',0),(29,4,'contact_person','Contact Person',NULL,17,'',0),(30,4,'contact_number','Contact Number',NULL,18,'',0),(31,4,'bank','Bank',NULL,19,'',0),(32,4,'account_number','Account Number',NULL,20,'',0),(33,4,'notes','Notes',NULL,21,'',0),(49,7,'ex_category','Category',NULL,8,'',0),(50,7,'ex_date','Date',NULL,9,'',0),(51,7,'ex_amount','Amount',NULL,10,'',0),(52,7,'ex_payment_mode','Payment Mode',NULL,11,'',0),(53,7,'ex_payment_ref','Payment Ref',NULL,12,'',0),(54,7,'ex_details','Details',NULL,13,'',0),(55,7,'ex_remarks','Remarks',NULL,14,'',0),(56,7,'ex_entry_by','Entry',NULL,15,'',0),(57,7,'ex_entry_time','Entry Time',NULL,16,'',0),(58,7,'ex_modify_by','Modify',NULL,17,'',0),(59,7,'ex_modify_time','Modify Time',NULL,18,'',0),(60,8,'ec_parent','Parent',NULL,4,'',0),(61,8,'ec_name','Name',NULL,5,'',0),(62,8,'ec_monthly_budget','Monthly Budget',NULL,6,'',0),(63,8,'ec_details','Details',NULL,7,'',0),(64,9,'name','Name',NULL,5,'',0),(65,9,'code','Code',NULL,6,'',0),(66,9,'buying_price','Buying Price',NULL,7,'',0),(67,9,'selling_price','Selling Price',NULL,8,'',0),(68,9,'image','Image',NULL,9,'',0),(69,9,'entry_by','Entry',NULL,10,'',0),(70,9,'entry_time','Entry Time',NULL,11,'',0),(71,9,'modify_by','Modify',NULL,12,'',0),(72,9,'modify_time','Modify Time',NULL,13,'',0),(73,10,'t_name','Name',NULL,3,'',0),(74,10,'t_description','Description',NULL,4,'',0),(75,10,'t_status','Status',NULL,5,'',0),(76,11,'name','Name',NULL,5,'',0),(77,11,'date','Date',NULL,6,'',0),(78,11,'supplier','Supplier',NULL,7,'',0),(79,11,'purchased_by','Purchased',NULL,8,'',0),(80,11,'remarks','Remarks',NULL,9,'',0),(81,11,'entry_by','Entry',NULL,10,'',0),(82,11,'entry_time','Entry Time',NULL,11,'',0),(83,11,'modify_by','Modify',NULL,12,'',0),(84,11,'modify_time','Modify Time',NULL,13,'',0),(85,12,'date','Date',NULL,2,'',0),(86,12,'entry_by','Entry',NULL,3,'',0),(87,12,'entry_time','Entry Time',NULL,4,'',0),(88,12,'modify_by','Modify',NULL,5,'',0),(89,12,'modify_time','Modify Time',NULL,6,'',0),(90,12,'customer','Customer',NULL,7,'',0),(91,13,'bacth_id','Bacth',NULL,6,'',0),(92,13,'product_id','Product',NULL,7,'',0),(93,13,'buying_price','Buying Price',NULL,8,'',0),(94,13,'selling_price','Selling Price',NULL,9,'',0),(95,13,'quantity','Quantity',NULL,10,'',0),(96,13,'expiry_date','Expiry Date',NULL,11,'',0),(97,14,'invoice_id','Invoice',NULL,7,'',0),(98,14,'name','Name',NULL,8,'',0),(99,14,'code','Code',NULL,9,'',0),(100,14,'buying_price','Buying Price',NULL,10,'',0),(101,14,'selling_price','Selling Price',NULL,11,'',0),(102,14,'quantity','Quantity',NULL,12,'',0),(103,14,'total','Total',NULL,13,'',0),(104,15,'name','Name',NULL,5,'',0),(105,15,'date','Date',NULL,6,'',0),(106,15,'supplier','Supplier',NULL,7,'',0),(107,15,'purchased_by','Purchased',NULL,8,'',0),(108,15,'remarks','Remarks',NULL,9,'',0),(109,15,'entry_by','Entry',NULL,10,'',0),(110,15,'entry_time','Entry Time',NULL,11,'',0),(111,15,'modify_by','Modify',NULL,12,'',0),(112,15,'modify_time','Modify Time',NULL,13,'',0);

UNLOCK TABLES;

/*Table structure for table `logs` */

DROP TABLE IF EXISTS `logs`;

CREATE TABLE `logs` (
  `id` int(10) unsigned NOT NULL AUTO_INCREMENT,
  `log_type` varchar(128) NOT NULL,
  `log_time` timestamp NOT NULL DEFAULT CURRENT_TIMESTAMP,
  `log_short` text NOT NULL,
  `log_long` text,
  PRIMARY KEY (`id`)
) ENGINE=InnoDB AUTO_INCREMENT=369 DEFAULT CHARSET=latin1;

/*Data for the table `logs` */

LOCK TABLES `logs` WRITE;

insert  into `logs`(`id`,`log_type`,`log_time`,`log_short`,`log_long`) values (1,'Quantity Added','2016-09-11 11:14:18','For 1','Quantity Added to 1, previous value was 4.00, current value is 5'),(2,'Quantity Updated','2016-09-11 11:14:18','For 2','Quantity updated to 2, previous value was 1.00, current value is 1'),(3,'Quantity Added','2016-09-11 11:14:18','For 3','Quantity Added to 3, previous value was 6.00, current value is 8'),(4,'Quantity Updated','2016-09-11 11:14:18','For 4','Quantity updated to 4, previous value was 2.00, current value is 2'),(5,'Quantity Added','2016-09-11 11:14:40','For 1','Quantity Added to 1, previous value was 5.00, current value is 6'),(6,'Quantity Updated','2016-09-11 11:14:40','For 2','Quantity updated to 2, previous value was 1.00, current value is 1'),(7,'Quantity Added','2016-09-11 11:14:40','For 3','Quantity Added to 3, previous value was 8.00, current value is 10'),(8,'Quantity Updated','2016-09-11 11:14:40','For 4','Quantity updated to 4, previous value was 2.00, current value is 2'),(9,'Quantity Added','2016-09-11 11:15:22','For 1','Quantity Added to 1, previous value was 6.00, current value is 7'),(10,'Quantity Updated','2016-09-11 11:15:22','For 2','Quantity updated to 2, previous value was 1.00, current value is 1'),(11,'Quantity Added','2016-09-11 11:15:23','For 3','Quantity Added to 3, previous value was 10.00, current value is 12'),(12,'Quantity Updated','2016-09-11 11:15:23','For 4','Quantity updated to 4, previous value was 2.00, current value is 2'),(13,'Quantity Added','2016-09-11 11:15:55','For 1','Quantity Added to 1, previous value was 7.00, current value is 8'),(14,'Quantity Updated','2016-09-11 11:15:55','For 2','Quantity updated to 2, previous value was 1.00, current value is 1'),(15,'Quantity Added','2016-09-11 11:15:55','For 3','Quantity Added to 3, previous value was 12.00, current value is 14'),(16,'Quantity Updated','2016-09-11 11:15:55','For 4','Quantity updated to 4, previous value was 2.00, current value is 2'),(17,'Quantity Added','2016-09-11 11:16:43','For 1','Quantity Added to 1, previous value was 8.00, current value is 9'),(18,'Quantity Updated','2016-09-11 11:16:43','For 2','Quantity updated to 2, previous value was 1.00, current value is 1'),(19,'Quantity Added','2016-09-11 11:16:43','For 3','Quantity Added to 3, previous value was 14.00, current value is 16'),(20,'Quantity Updated','2016-09-11 11:16:43','For 4','Quantity updated to 4, previous value was 2.00, current value is 2'),(21,'Quantity Added','2016-09-11 11:17:00','For 1','Quantity Added to 1, previous value was 9.00, current value is 10'),(22,'Quantity Updated','2016-09-11 11:17:00','For 2','Quantity updated to 2, previous value was 1.00, current value is 1'),(23,'Quantity Added','2016-09-11 11:17:00','For 3','Quantity Added to 3, previous value was 16.00, current value is 18'),(24,'Quantity Updated','2016-09-11 11:17:00','For 4','Quantity updated to 4, previous value was 2.00, current value is 2'),(25,'Quantity Added','2016-09-11 11:17:29','For 1','Quantity Added to 1, previous value was 10.00, current value is 11'),(26,'Quantity Updated','2016-09-11 11:17:29','For 2','Quantity updated to 2, previous value was 1.00, current value is 1'),(27,'Quantity Added','2016-09-11 11:17:29','For 3','Quantity Added to 3, previous value was 18.00, current value is 20'),(28,'Quantity Updated','2016-09-11 11:17:29','For 4','Quantity updated to 4, previous value was 2.00, current value is 2'),(29,'Quantity Added','2016-09-11 11:18:11','For 1','Quantity Added to 1, previous value was 11.00, current value is 12.1'),(30,'Quantity Added','2016-09-11 11:18:11','For 2','Quantity Added to 2, previous value was 1.00, current value is 1.5'),(31,'Quantity Added','2016-09-11 11:18:43','For 1','Quantity Added to 1, previous value was 12.10, current value is 13.2'),(32,'Quantity Added','2016-09-11 11:18:43','For 2','Quantity Added to 2, previous value was 1.50, current value is 2'),(33,'Quantity Added','2016-09-11 11:19:08','For 1','Quantity Added to 1, previous value was 13.20, current value is 14.3'),(34,'Quantity Added','2016-09-11 11:19:08','For 2','Quantity Added to 2, previous value was 2.00, current value is 2.5'),(35,'Quantity Added','2016-09-11 11:19:32','For 1','Quantity Added to 1, previous value was 14.30, current value is 15.4'),(36,'Quantity Added','2016-09-11 11:19:32','For 2','Quantity Added to 2, previous value was 2.50, current value is 3'),(37,'Quantity Added','2016-09-11 11:20:54','For 1','Quantity Added to 1, previous value was 15.40, current value is 16.5'),(38,'Quantity Added','2016-09-11 11:20:54','For 2','Quantity Added to 2, previous value was 3.00, current value is 3.5'),(39,'Quantity Updated','2016-09-11 22:03:23','For 1','Quantity updated to 1, previous value was 16.50, current value is 1'),(40,'Quantity Added','2016-09-11 22:03:23','For 2','Quantity Added to 2, previous value was 3.50, current value is 4'),(41,'Price Added','2016-09-18 15:38:36','For 1','Price Added to 1, previous Price Buying: 0.00, Selling: 3.00. Current Price Buying: 2.2, Selling: 2.3'),(42,'Price Added','2016-09-18 15:38:36','For 2','Price Added to 2, previous Price Buying: 0.00, Selling: 3.00. Current Price Buying: , Selling: '),(43,'Price Added','2016-09-18 15:38:36','For 3','Price Added to 3, previous Price Buying: 0.00, Selling: 3.00. Current Price Buying: , Selling: '),(44,'Price Added','2016-09-18 15:38:36','For 4','Price Added to 4, previous Price Buying: 0.00, Selling: 3.00. Current Price Buying: , Selling: '),(45,'Price Added','2016-09-18 15:38:36','For 5','Price Added to 5, previous Price Buying: 0.00, Selling: 3.00. Current Price Buying: , Selling: '),(46,'Price Added','2016-09-18 15:38:36','For 6','Price Added to 6, previous Price Buying: 0.00, Selling: 3.00. Current Price Buying: , Selling: '),(47,'Price Added','2016-09-18 15:38:36','For 7','Price Added to 7, previous Price Buying: 0.00, Selling: 0.00. Current Price Buying: , Selling: '),(48,'Price Added','2016-09-18 15:38:36','For 8','Price Added to 8, previous Price Buying: 0.00, Selling: 0.00. Current Price Buying: , Selling: '),(49,'Price Added','2016-09-18 15:38:36','For 9','Price Added to 9, previous Price Buying: 0.00, Selling: 0.00. Current Price Buying: , Selling: '),(50,'Price Added','2016-09-18 15:38:36','For 10','Price Added to 10, previous Price Buying: 0.00, Selling: 0.00. Current Price Buying: , Selling: '),(51,'Price Added','2016-09-18 15:38:36','For 11','Price Added to 11, previous Price Buying: 0.00, Selling: 0.00. Current Price Buying: , Selling: '),(52,'Price Added','2016-09-18 15:38:36','For 12','Price Added to 12, previous Price Buying: 0.00, Selling: 0.00. Current Price Buying: , Selling: '),(53,'Price Added','2016-09-18 15:38:36','For 13','Price Added to 13, previous Price Buying: 0.00, Selling: 0.00. Current Price Buying: , Selling: '),(54,'Price Added','2016-09-18 15:38:36','For 14','Price Added to 14, previous Price Buying: 0.00, Selling: 0.00. Current Price Buying: , Selling: '),(55,'Price Added','2016-09-18 15:38:36','For 15','Price Added to 15, previous Price Buying: 0.00, Selling: 0.00. Current Price Buying: , Selling: '),(56,'Price Added','2016-09-18 15:38:36','For 16','Price Added to 16, previous Price Buying: 0.00, Selling: 0.00. Current Price Buying: , Selling: '),(57,'Price Added','2016-09-18 15:38:36','For 17','Price Added to 17, previous Price Buying: 0.00, Selling: 0.00. Current Price Buying: , Selling: '),(58,'Price Added','2016-09-18 15:38:36','For 18','Price Added to 18, previous Price Buying: 0.00, Selling: 0.00. Current Price Buying: , Selling: '),(59,'Price Added','2016-09-18 15:38:36','For 19','Price Added to 19, previous Price Buying: 0.00, Selling: 0.00. Current Price Buying: , Selling: '),(60,'Price Added','2016-09-18 15:38:36','For 20','Price Added to 20, previous Price Buying: 0.00, Selling: 0.00. Current Price Buying: , Selling: '),(61,'Price Added','2016-09-18 15:38:36','For 21','Price Added to 21, previous Price Buying: 0.00, Selling: 0.00. Current Price Buying: , Selling: '),(62,'Price Added','2016-09-18 15:38:36','For 22','Price Added to 22, previous Price Buying: 0.00, Selling: 0.00. Current Price Buying: , Selling: '),(63,'Price Added','2016-09-18 15:38:36','For 23','Price Added to 23, previous Price Buying: 0.00, Selling: 0.00. Current Price Buying: , Selling: '),(64,'Price Added','2016-09-18 15:38:36','For 24','Price Added to 24, previous Price Buying: 0.00, Selling: 0.00. Current Price Buying: , Selling: '),(65,'Price Added','2016-09-18 15:38:36','For 25','Price Added to 25, previous Price Buying: 0.00, Selling: 0.00. Current Price Buying: , Selling: '),(66,'Price Added','2016-09-18 15:38:36','For 26','Price Added to 26, previous Price Buying: 0.00, Selling: 0.00. Current Price Buying: , Selling: '),(67,'Price Added','2016-09-18 15:38:36','For 27','Price Added to 27, previous Price Buying: 0.00, Selling: 0.00. Current Price Buying: , Selling: '),(68,'Price Added','2016-09-18 15:38:36','For 28','Price Added to 28, previous Price Buying: 0.00, Selling: 0.00. Current Price Buying: , Selling: '),(69,'Price Added','2016-09-18 15:38:36','For 29','Price Added to 29, previous Price Buying: 0.00, Selling: 0.00. Current Price Buying: , Selling: '),(70,'Price Added','2016-09-18 15:38:36','For 30','Price Added to 30, previous Price Buying: 0.00, Selling: 0.00. Current Price Buying: , Selling: '),(71,'Price Added','2016-09-18 15:38:36','For 31','Price Added to 31, previous Price Buying: 0.00, Selling: 0.00. Current Price Buying: , Selling: '),(72,'Price Added','2016-09-18 15:38:36','For 32','Price Added to 32, previous Price Buying: 0.00, Selling: 0.00. Current Price Buying: , Selling: '),(73,'Price Added','2016-09-18 15:38:36','For 33','Price Added to 33, previous Price Buying: 0.00, Selling: 0.00. Current Price Buying: , Selling: '),(74,'Price Added','2016-09-18 15:38:36','For 34','Price Added to 34, previous Price Buying: 0.00, Selling: 0.00. Current Price Buying: , Selling: '),(75,'Price Added','2016-09-18 15:38:36','For 35','Price Added to 35, previous Price Buying: 0.00, Selling: 0.00. Current Price Buying: , Selling: '),(76,'Price Added','2016-09-18 15:38:36','For 36','Price Added to 36, previous Price Buying: 0.00, Selling: 0.00. Current Price Buying: , Selling: '),(77,'Price Added','2016-09-18 15:38:36','For 37','Price Added to 37, previous Price Buying: 0.00, Selling: 0.00. Current Price Buying: , Selling: '),(78,'Price Added','2016-09-18 15:38:36','For 38','Price Added to 38, previous Price Buying: 0.00, Selling: 0.00. Current Price Buying: , Selling: '),(79,'Price Added','2016-09-18 15:38:36','For 39','Price Added to 39, previous Price Buying: 0.00, Selling: 0.00. Current Price Buying: , Selling: '),(80,'Price Added','2016-09-18 15:38:36','For 40','Price Added to 40, previous Price Buying: 0.00, Selling: 0.00. Current Price Buying: , Selling: '),(81,'Price Added','2016-09-18 15:38:36','For 41','Price Added to 41, previous Price Buying: 0.00, Selling: 0.00. Current Price Buying: , Selling: '),(82,'Price Added','2016-09-18 15:38:36','For 42','Price Added to 42, previous Price Buying: 0.00, Selling: 0.00. Current Price Buying: , Selling: '),(83,'Price Added','2016-09-18 15:38:36','For 43','Price Added to 43, previous Price Buying: 0.00, Selling: 0.00. Current Price Buying: , Selling: '),(84,'Price Added','2016-09-18 15:38:36','For 44','Price Added to 44, previous Price Buying: 0.00, Selling: 0.00. Current Price Buying: , Selling: '),(85,'Price Added','2016-09-18 15:38:36','For 45','Price Added to 45, previous Price Buying: 0.00, Selling: 0.00. Current Price Buying: , Selling: '),(86,'Price Added','2016-09-18 15:38:36','For 46','Price Added to 46, previous Price Buying: 0.00, Selling: 0.00. Current Price Buying: , Selling: '),(87,'Price Added','2016-09-18 15:38:36','For 47','Price Added to 47, previous Price Buying: 0.00, Selling: 0.00. Current Price Buying: , Selling: '),(88,'Price Added','2016-09-18 15:38:36','For 48','Price Added to 48, previous Price Buying: 0.00, Selling: 0.00. Current Price Buying: , Selling: '),(89,'Price Added','2016-09-18 15:38:36','For 49','Price Added to 49, previous Price Buying: 0.00, Selling: 0.00. Current Price Buying: , Selling: '),(90,'Price Added','2016-09-18 15:38:36','For 50','Price Added to 50, previous Price Buying: 0.00, Selling: 0.00. Current Price Buying: , Selling: '),(91,'Price Added','2016-09-18 15:38:36','For 51','Price Added to 51, previous Price Buying: 0.00, Selling: 0.00. Current Price Buying: , Selling: '),(92,'Price Added','2016-09-18 15:38:36','For 52','Price Added to 52, previous Price Buying: 0.00, Selling: 0.00. Current Price Buying: , Selling: '),(93,'Price Added','2016-09-18 15:38:36','For 53','Price Added to 53, previous Price Buying: 0.00, Selling: 0.00. Current Price Buying: , Selling: '),(94,'Price Added','2016-09-18 15:38:36','For 54','Price Added to 54, previous Price Buying: 0.00, Selling: 0.00. Current Price Buying: , Selling: '),(95,'Price Added','2016-09-18 15:38:36','For 55','Price Added to 55, previous Price Buying: 0.00, Selling: 0.00. Current Price Buying: , Selling: '),(96,'Price Added','2016-09-18 15:38:36','For 56','Price Added to 56, previous Price Buying: 0.00, Selling: 0.00. Current Price Buying: , Selling: '),(97,'Price Added','2016-09-18 15:38:36','For 57','Price Added to 57, previous Price Buying: 0.00, Selling: 0.00. Current Price Buying: , Selling: '),(98,'Price Added','2016-09-18 15:38:36','For 58','Price Added to 58, previous Price Buying: 0.00, Selling: 0.00. Current Price Buying: , Selling: '),(99,'Price Added','2016-09-18 15:38:36','For 59','Price Added to 59, previous Price Buying: 0.00, Selling: 0.00. Current Price Buying: , Selling: '),(100,'Price Added','2016-09-18 15:38:36','For 60','Price Added to 60, previous Price Buying: 0.00, Selling: 0.00. Current Price Buying: , Selling: '),(101,'Price Added','2016-09-18 15:38:36','For 61','Price Added to 61, previous Price Buying: 0.00, Selling: 0.00. Current Price Buying: , Selling: '),(102,'Price Added','2016-09-18 15:38:36','For 62','Price Added to 62, previous Price Buying: 0.00, Selling: 0.00. Current Price Buying: , Selling: '),(103,'Price Added','2016-09-18 15:38:36','For 63','Price Added to 63, previous Price Buying: 0.00, Selling: 0.00. Current Price Buying: , Selling: '),(104,'Price Added','2016-09-18 15:38:36','For 64','Price Added to 64, previous Price Buying: 0.00, Selling: 0.00. Current Price Buying: , Selling: '),(105,'Price Added','2016-09-18 15:38:36','For 65','Price Added to 65, previous Price Buying: 0.00, Selling: 0.00. Current Price Buying: , Selling: '),(106,'Price Added','2016-09-18 15:38:36','For 66','Price Added to 66, previous Price Buying: 0.00, Selling: 0.00. Current Price Buying: , Selling: '),(107,'Price Added','2016-09-18 15:38:37','For 67','Price Added to 67, previous Price Buying: 0.00, Selling: 0.00. Current Price Buying: , Selling: '),(108,'Price Added','2016-09-18 15:38:37','For 68','Price Added to 68, previous Price Buying: 0.00, Selling: 0.00. Current Price Buying: , Selling: '),(109,'Price Added','2016-09-18 15:38:37','For 69','Price Added to 69, previous Price Buying: 0.00, Selling: 0.00. Current Price Buying: , Selling: '),(110,'Price Added','2016-09-18 15:38:37','For 70','Price Added to 70, previous Price Buying: 0.00, Selling: 0.00. Current Price Buying: , Selling: '),(111,'Price Added','2016-09-18 15:38:37','For 71','Price Added to 71, previous Price Buying: 0.00, Selling: 0.00. Current Price Buying: , Selling: '),(112,'Price Added','2016-09-18 15:38:37','For 72','Price Added to 72, previous Price Buying: 0.00, Selling: 0.00. Current Price Buying: , Selling: '),(113,'Price Added','2016-09-18 15:38:37','For 73','Price Added to 73, previous Price Buying: 0.00, Selling: 0.00. Current Price Buying: , Selling: '),(114,'Price Added','2016-09-18 15:38:37','For 74','Price Added to 74, previous Price Buying: 0.00, Selling: 0.00. Current Price Buying: , Selling: '),(115,'Price Added','2016-09-18 15:38:37','For 75','Price Added to 75, previous Price Buying: 0.00, Selling: 0.00. Current Price Buying: , Selling: '),(116,'Price Added','2016-09-18 15:38:37','For 76','Price Added to 76, previous Price Buying: 0.00, Selling: 0.00. Current Price Buying: , Selling: '),(117,'Price Added','2016-09-18 15:38:37','For 77','Price Added to 77, previous Price Buying: 0.00, Selling: 0.00. Current Price Buying: , Selling: '),(118,'Price Added','2016-09-18 15:38:37','For 78','Price Added to 78, previous Price Buying: 0.00, Selling: 0.00. Current Price Buying: , Selling: '),(119,'Price Added','2016-09-18 15:38:37','For 79','Price Added to 79, previous Price Buying: 0.00, Selling: 0.00. Current Price Buying: , Selling: '),(120,'Price Added','2016-09-18 15:38:37','For 80','Price Added to 80, previous Price Buying: 0.00, Selling: 0.00. Current Price Buying: , Selling: '),(121,'Price Added','2016-09-18 15:38:37','For 81','Price Added to 81, previous Price Buying: 0.00, Selling: 0.00. Current Price Buying: , Selling: '),(122,'Price Added','2016-09-18 15:38:37','For 82','Price Added to 82, previous Price Buying: 0.00, Selling: 0.00. Current Price Buying: , Selling: '),(123,'Price Added','2016-09-18 15:38:37','For 83','Price Added to 83, previous Price Buying: 0.00, Selling: 0.00. Current Price Buying: , Selling: '),(124,'Price Added','2016-09-18 15:38:37','For 84','Price Added to 84, previous Price Buying: 0.00, Selling: 0.00. Current Price Buying: , Selling: '),(125,'Price Added','2016-09-18 15:38:37','For 85','Price Added to 85, previous Price Buying: 0.00, Selling: 0.00. Current Price Buying: , Selling: '),(126,'Price Added','2016-09-18 15:38:37','For 86','Price Added to 86, previous Price Buying: 0.00, Selling: 0.00. Current Price Buying: , Selling: '),(127,'Price Added','2016-09-18 15:38:37','For 87','Price Added to 87, previous Price Buying: 0.00, Selling: 0.00. Current Price Buying: , Selling: '),(128,'Price Added','2016-09-18 15:38:37','For 88','Price Added to 88, previous Price Buying: 0.00, Selling: 0.00. Current Price Buying: , Selling: '),(129,'Price Added','2016-09-18 15:38:37','For 89','Price Added to 89, previous Price Buying: 0.00, Selling: 0.00. Current Price Buying: , Selling: '),(130,'Price Added','2016-09-18 15:38:37','For 90','Price Added to 90, previous Price Buying: 0.00, Selling: 0.00. Current Price Buying: , Selling: '),(131,'Price Added','2016-09-18 15:38:37','For 91','Price Added to 91, previous Price Buying: 0.00, Selling: 0.00. Current Price Buying: , Selling: '),(132,'Price Added','2016-09-18 15:38:37','For 92','Price Added to 92, previous Price Buying: 0.00, Selling: 0.00. Current Price Buying: , Selling: '),(133,'Price Added','2016-09-18 15:38:37','For 93','Price Added to 93, previous Price Buying: 0.00, Selling: 0.00. Current Price Buying: , Selling: '),(134,'Price Added','2016-09-18 15:38:37','For 94','Price Added to 94, previous Price Buying: 0.00, Selling: 0.00. Current Price Buying: , Selling: '),(135,'Price Added','2016-09-18 15:38:37','For 95','Price Added to 95, previous Price Buying: 0.00, Selling: 0.00. Current Price Buying: , Selling: '),(136,'Price Added','2016-09-18 15:38:37','For 96','Price Added to 96, previous Price Buying: 0.00, Selling: 0.00. Current Price Buying: , Selling: '),(137,'Price Added','2016-09-18 15:38:37','For 97','Price Added to 97, previous Price Buying: 0.00, Selling: 0.00. Current Price Buying: , Selling: '),(138,'Price Added','2016-09-18 15:38:37','For 98','Price Added to 98, previous Price Buying: 0.00, Selling: 0.00. Current Price Buying: , Selling: '),(139,'Price Added','2016-09-18 15:38:37','For 99','Price Added to 99, previous Price Buying: 0.00, Selling: 0.00. Current Price Buying: , Selling: '),(140,'Price Added','2016-09-18 15:38:37','For 100','Price Added to 100, previous Price Buying: 0.00, Selling: 0.00. Current Price Buying: , Selling: '),(141,'Price Added','2016-09-18 15:38:37','For 101','Price Added to 101, previous Price Buying: 0.00, Selling: 0.00. Current Price Buying: , Selling: '),(142,'Price Added','2016-09-18 15:38:37','For 102','Price Added to 102, previous Price Buying: 0.00, Selling: 0.00. Current Price Buying: , Selling: '),(143,'Price Added','2016-09-18 15:38:37','For 103','Price Added to 103, previous Price Buying: 0.00, Selling: 0.00. Current Price Buying: , Selling: '),(144,'Price Added','2016-09-18 15:38:37','For 104','Price Added to 104, previous Price Buying: 0.00, Selling: 0.00. Current Price Buying: , Selling: '),(145,'Price Added','2016-09-18 15:38:37','For 105','Price Added to 105, previous Price Buying: 0.00, Selling: 0.00. Current Price Buying: , Selling: '),(146,'Price Added','2016-09-18 15:38:37','For 106','Price Added to 106, previous Price Buying: 0.00, Selling: 0.00. Current Price Buying: , Selling: '),(147,'Price Added','2016-09-18 15:38:37','For 107','Price Added to 107, previous Price Buying: 0.00, Selling: 0.00. Current Price Buying: , Selling: '),(148,'Price Added','2016-09-18 15:38:37','For 108','Price Added to 108, previous Price Buying: 0.00, Selling: 0.00. Current Price Buying: , Selling: '),(149,'Price Added','2016-09-18 15:38:37','For 109','Price Added to 109, previous Price Buying: 0.00, Selling: 0.00. Current Price Buying: , Selling: '),(150,'Price Added','2016-09-18 15:38:37','For 110','Price Added to 110, previous Price Buying: 0.00, Selling: 0.00. Current Price Buying: , Selling: '),(151,'Price Added','2016-09-18 15:38:37','For 111','Price Added to 111, previous Price Buying: 0.00, Selling: 0.00. Current Price Buying: , Selling: '),(152,'Price Added','2016-09-18 15:38:37','For 112','Price Added to 112, previous Price Buying: 0.00, Selling: 0.00. Current Price Buying: , Selling: '),(153,'Price Added','2016-09-18 15:38:37','For 113','Price Added to 113, previous Price Buying: 0.00, Selling: 0.00. Current Price Buying: , Selling: '),(154,'Price Added','2016-09-18 15:38:37','For 114','Price Added to 114, previous Price Buying: 0.00, Selling: 0.00. Current Price Buying: , Selling: '),(155,'Price Added','2016-09-18 15:38:37','For 115','Price Added to 115, previous Price Buying: 0.00, Selling: 0.00. Current Price Buying: , Selling: '),(156,'Price Added','2016-09-18 15:38:37','For 116','Price Added to 116, previous Price Buying: 0.00, Selling: 0.00. Current Price Buying: , Selling: '),(157,'Price Added','2016-09-18 15:38:37','For 117','Price Added to 117, previous Price Buying: 0.00, Selling: 0.00. Current Price Buying: , Selling: '),(158,'Price Added','2016-09-18 15:38:37','For 118','Price Added to 118, previous Price Buying: 0.00, Selling: 0.00. Current Price Buying: , Selling: '),(159,'Price Added','2016-09-18 15:38:37','For 119','Price Added to 119, previous Price Buying: 0.00, Selling: 0.00. Current Price Buying: , Selling: '),(160,'Price Added','2016-09-18 15:38:37','For 120','Price Added to 120, previous Price Buying: 0.00, Selling: 0.00. Current Price Buying: , Selling: '),(161,'Price Added','2016-09-18 15:38:37','For 121','Price Added to 121, previous Price Buying: 0.00, Selling: 0.00. Current Price Buying: , Selling: '),(162,'Price Added','2016-09-18 15:38:37','For 122','Price Added to 122, previous Price Buying: 0.00, Selling: 0.00. Current Price Buying: , Selling: '),(163,'Price Added','2016-09-18 15:38:37','For 123','Price Added to 123, previous Price Buying: 0.00, Selling: 0.00. Current Price Buying: , Selling: '),(164,'Price Added','2016-09-18 15:38:37','For 124','Price Added to 124, previous Price Buying: 0.00, Selling: 0.00. Current Price Buying: , Selling: '),(165,'Price Added','2016-09-18 15:38:37','For 125','Price Added to 125, previous Price Buying: 0.00, Selling: 0.00. Current Price Buying: , Selling: '),(166,'Price Added','2016-09-18 15:38:38','For 126','Price Added to 126, previous Price Buying: 0.00, Selling: 0.00. Current Price Buying: , Selling: '),(167,'Price Added','2016-09-18 15:38:38','For 127','Price Added to 127, previous Price Buying: 0.00, Selling: 0.00. Current Price Buying: , Selling: '),(168,'Price Added','2016-09-18 15:38:38','For 128','Price Added to 128, previous Price Buying: 0.00, Selling: 0.00. Current Price Buying: , Selling: '),(169,'Price Added','2016-09-18 15:38:38','For 129','Price Added to 129, previous Price Buying: 0.00, Selling: 0.00. Current Price Buying: , Selling: '),(170,'Price Added','2016-09-18 15:38:38','For 130','Price Added to 130, previous Price Buying: 0.00, Selling: 0.00. Current Price Buying: , Selling: '),(171,'Price Added','2016-09-18 15:38:38','For 131','Price Added to 131, previous Price Buying: 0.00, Selling: 0.00. Current Price Buying: , Selling: '),(172,'Price Added','2016-09-18 15:38:38','For 132','Price Added to 132, previous Price Buying: 0.00, Selling: 0.00. Current Price Buying: , Selling: '),(173,'Price Added','2016-09-18 15:38:38','For 133','Price Added to 133, previous Price Buying: 0.00, Selling: 0.00. Current Price Buying: , Selling: '),(174,'Price Added','2016-09-18 15:38:38','For 134','Price Added to 134, previous Price Buying: 0.00, Selling: 0.00. Current Price Buying: , Selling: '),(175,'Price Added','2016-09-18 15:38:38','For 135','Price Added to 135, previous Price Buying: 0.00, Selling: 0.00. Current Price Buying: , Selling: '),(176,'Price Added','2016-09-18 15:38:38','For 136','Price Added to 136, previous Price Buying: 0.00, Selling: 0.00. Current Price Buying: , Selling: '),(177,'Price Added','2016-09-18 15:38:38','For 137','Price Added to 137, previous Price Buying: 0.00, Selling: 0.00. Current Price Buying: , Selling: '),(178,'Price Added','2016-09-18 15:38:38','For 138','Price Added to 138, previous Price Buying: 0.00, Selling: 0.00. Current Price Buying: , Selling: '),(179,'Price Added','2016-09-18 15:38:38','For 139','Price Added to 139, previous Price Buying: 0.00, Selling: 0.00. Current Price Buying: , Selling: '),(180,'Price Added','2016-09-18 15:38:38','For 140','Price Added to 140, previous Price Buying: 0.00, Selling: 0.00. Current Price Buying: , Selling: '),(181,'Price Added','2016-09-18 15:38:38','For 141','Price Added to 141, previous Price Buying: 0.00, Selling: 0.00. Current Price Buying: , Selling: '),(182,'Price Added','2016-09-18 15:38:38','For 142','Price Added to 142, previous Price Buying: 0.00, Selling: 0.00. Current Price Buying: , Selling: '),(183,'Price Added','2016-09-18 15:38:38','For 143','Price Added to 143, previous Price Buying: 0.00, Selling: 0.00. Current Price Buying: , Selling: '),(184,'Price Added','2016-09-18 15:38:38','For 144','Price Added to 144, previous Price Buying: 0.00, Selling: 0.00. Current Price Buying: , Selling: '),(185,'Price Added','2016-09-18 15:38:38','For 145','Price Added to 145, previous Price Buying: 0.00, Selling: 0.00. Current Price Buying: , Selling: '),(186,'Price Added','2016-09-18 15:38:38','For 146','Price Added to 146, previous Price Buying: 0.00, Selling: 0.00. Current Price Buying: , Selling: '),(187,'Price Added','2016-09-18 15:38:38','For 147','Price Added to 147, previous Price Buying: 0.00, Selling: 0.00. Current Price Buying: , Selling: '),(188,'Price Added','2016-09-18 15:38:38','For 148','Price Added to 148, previous Price Buying: 0.00, Selling: 0.00. Current Price Buying: , Selling: '),(189,'Price Added','2016-09-18 15:38:38','For 149','Price Added to 149, previous Price Buying: 0.00, Selling: 0.00. Current Price Buying: , Selling: '),(190,'Price Added','2016-09-18 15:38:38','For 150','Price Added to 150, previous Price Buying: 0.00, Selling: 0.00. Current Price Buying: , Selling: '),(191,'Price Added','2016-09-18 15:38:38','For 151','Price Added to 151, previous Price Buying: 0.00, Selling: 0.00. Current Price Buying: , Selling: '),(192,'Price Added','2016-09-18 15:38:38','For 152','Price Added to 152, previous Price Buying: 0.00, Selling: 0.00. Current Price Buying: , Selling: '),(193,'Price Added','2016-09-18 15:38:38','For 153','Price Added to 153, previous Price Buying: 0.00, Selling: 0.00. Current Price Buying: , Selling: '),(194,'Price Added','2016-09-18 15:38:38','For 154','Price Added to 154, previous Price Buying: 0.00, Selling: 0.00. Current Price Buying: , Selling: '),(195,'Price Added','2016-09-18 15:38:38','For 155','Price Added to 155, previous Price Buying: 0.00, Selling: 0.00. Current Price Buying: , Selling: '),(196,'Price Added','2016-09-18 15:38:38','For 164','Price Added to 164, previous Price Buying: 0.00, Selling: 0.00. Current Price Buying: , Selling: '),(197,'Price Added','2016-09-18 15:38:38','For 165','Price Added to 165, previous Price Buying: 0.00, Selling: 0.00. Current Price Buying: , Selling: '),(198,'Price Added','2016-09-18 15:38:38','For 166','Price Added to 166, previous Price Buying: 0.00, Selling: 0.00. Current Price Buying: , Selling: '),(199,'Price Added','2016-09-18 15:38:51','For 2','Price Added to 2, previous Price Buying: 0.00, Selling: 0.00. Current Price Buying: , Selling: '),(200,'Price Added','2016-09-18 15:38:51','For 3','Price Added to 3, previous Price Buying: 0.00, Selling: 0.00. Current Price Buying: , Selling: '),(201,'Price Added','2016-09-18 15:38:51','For 4','Price Added to 4, previous Price Buying: 0.00, Selling: 0.00. Current Price Buying: , Selling: '),(202,'Price Added','2016-09-18 15:38:51','For 5','Price Added to 5, previous Price Buying: 0.00, Selling: 0.00. Current Price Buying: , Selling: '),(203,'Price Added','2016-09-18 15:38:51','For 6','Price Added to 6, previous Price Buying: 0.00, Selling: 0.00. Current Price Buying: , Selling: '),(204,'Price Added','2016-09-18 15:38:51','For 7','Price Added to 7, previous Price Buying: 0.00, Selling: 0.00. Current Price Buying: , Selling: '),(205,'Price Added','2016-09-18 15:38:51','For 8','Price Added to 8, previous Price Buying: 0.00, Selling: 0.00. Current Price Buying: , Selling: '),(206,'Price Added','2016-09-18 15:38:51','For 9','Price Added to 9, previous Price Buying: 0.00, Selling: 0.00. Current Price Buying: , Selling: '),(207,'Price Added','2016-09-18 15:38:51','For 10','Price Added to 10, previous Price Buying: 0.00, Selling: 0.00. Current Price Buying: , Selling: '),(208,'Price Added','2016-09-18 15:38:51','For 11','Price Added to 11, previous Price Buying: 0.00, Selling: 0.00. Current Price Buying: , Selling: '),(209,'Price Added','2016-09-18 15:38:51','For 12','Price Added to 12, previous Price Buying: 0.00, Selling: 0.00. Current Price Buying: , Selling: '),(210,'Price Added','2016-09-18 15:38:51','For 13','Price Added to 13, previous Price Buying: 0.00, Selling: 0.00. Current Price Buying: , Selling: '),(211,'Price Added','2016-09-18 15:38:51','For 14','Price Added to 14, previous Price Buying: 0.00, Selling: 0.00. Current Price Buying: , Selling: '),(212,'Price Added','2016-09-18 15:38:51','For 15','Price Added to 15, previous Price Buying: 0.00, Selling: 0.00. Current Price Buying: , Selling: '),(213,'Price Added','2016-09-18 15:38:51','For 16','Price Added to 16, previous Price Buying: 0.00, Selling: 0.00. Current Price Buying: , Selling: '),(214,'Price Added','2016-09-18 15:38:51','For 17','Price Added to 17, previous Price Buying: 0.00, Selling: 0.00. Current Price Buying: , Selling: '),(215,'Price Added','2016-09-18 15:38:51','For 18','Price Added to 18, previous Price Buying: 0.00, Selling: 0.00. Current Price Buying: , Selling: '),(216,'Price Added','2016-09-18 15:38:51','For 19','Price Added to 19, previous Price Buying: 0.00, Selling: 0.00. Current Price Buying: , Selling: '),(217,'Price Added','2016-09-18 15:38:51','For 20','Price Added to 20, previous Price Buying: 0.00, Selling: 0.00. Current Price Buying: , Selling: '),(218,'Price Added','2016-09-18 15:38:51','For 21','Price Added to 21, previous Price Buying: 0.00, Selling: 0.00. Current Price Buying: , Selling: '),(219,'Price Added','2016-09-18 15:38:51','For 22','Price Added to 22, previous Price Buying: 0.00, Selling: 0.00. Current Price Buying: , Selling: '),(220,'Price Added','2016-09-18 15:38:51','For 23','Price Added to 23, previous Price Buying: 0.00, Selling: 0.00. Current Price Buying: , Selling: '),(221,'Price Added','2016-09-18 15:38:51','For 24','Price Added to 24, previous Price Buying: 0.00, Selling: 0.00. Current Price Buying: , Selling: '),(222,'Price Added','2016-09-18 15:38:51','For 25','Price Added to 25, previous Price Buying: 0.00, Selling: 0.00. Current Price Buying: , Selling: '),(223,'Price Added','2016-09-18 15:38:51','For 26','Price Added to 26, previous Price Buying: 0.00, Selling: 0.00. Current Price Buying: , Selling: '),(224,'Price Added','2016-09-18 15:38:51','For 27','Price Added to 27, previous Price Buying: 0.00, Selling: 0.00. Current Price Buying: , Selling: '),(225,'Price Added','2016-09-18 15:38:51','For 28','Price Added to 28, previous Price Buying: 0.00, Selling: 0.00. Current Price Buying: , Selling: '),(226,'Price Added','2016-09-18 15:38:51','For 29','Price Added to 29, previous Price Buying: 0.00, Selling: 0.00. Current Price Buying: , Selling: '),(227,'Price Added','2016-09-18 15:38:51','For 30','Price Added to 30, previous Price Buying: 0.00, Selling: 0.00. Current Price Buying: , Selling: '),(228,'Price Added','2016-09-18 15:38:51','For 31','Price Added to 31, previous Price Buying: 0.00, Selling: 0.00. Current Price Buying: , Selling: '),(229,'Price Added','2016-09-18 15:38:51','For 32','Price Added to 32, previous Price Buying: 0.00, Selling: 0.00. Current Price Buying: , Selling: '),(230,'Price Added','2016-09-18 15:38:51','For 33','Price Added to 33, previous Price Buying: 0.00, Selling: 0.00. Current Price Buying: , Selling: '),(231,'Price Added','2016-09-18 15:38:51','For 34','Price Added to 34, previous Price Buying: 0.00, Selling: 0.00. Current Price Buying: , Selling: '),(232,'Price Added','2016-09-18 15:38:51','For 35','Price Added to 35, previous Price Buying: 0.00, Selling: 0.00. Current Price Buying: , Selling: '),(233,'Price Added','2016-09-18 15:38:51','For 36','Price Added to 36, previous Price Buying: 0.00, Selling: 0.00. Current Price Buying: , Selling: '),(234,'Price Added','2016-09-18 15:38:51','For 37','Price Added to 37, previous Price Buying: 0.00, Selling: 0.00. Current Price Buying: , Selling: '),(235,'Price Added','2016-09-18 15:38:51','For 38','Price Added to 38, previous Price Buying: 0.00, Selling: 0.00. Current Price Buying: , Selling: '),(236,'Price Added','2016-09-18 15:38:51','For 39','Price Added to 39, previous Price Buying: 0.00, Selling: 0.00. Current Price Buying: , Selling: '),(237,'Price Added','2016-09-18 15:38:51','For 40','Price Added to 40, previous Price Buying: 0.00, Selling: 0.00. Current Price Buying: , Selling: '),(238,'Price Added','2016-09-18 15:38:51','For 41','Price Added to 41, previous Price Buying: 0.00, Selling: 0.00. Current Price Buying: , Selling: '),(239,'Price Added','2016-09-18 15:38:51','For 42','Price Added to 42, previous Price Buying: 0.00, Selling: 0.00. Current Price Buying: , Selling: '),(240,'Price Added','2016-09-18 15:38:51','For 43','Price Added to 43, previous Price Buying: 0.00, Selling: 0.00. Current Price Buying: , Selling: '),(241,'Price Added','2016-09-18 15:38:51','For 44','Price Added to 44, previous Price Buying: 0.00, Selling: 0.00. Current Price Buying: , Selling: '),(242,'Price Added','2016-09-18 15:38:51','For 45','Price Added to 45, previous Price Buying: 0.00, Selling: 0.00. Current Price Buying: , Selling: '),(243,'Price Added','2016-09-18 15:38:51','For 46','Price Added to 46, previous Price Buying: 0.00, Selling: 0.00. Current Price Buying: , Selling: '),(244,'Price Added','2016-09-18 15:38:51','For 47','Price Added to 47, previous Price Buying: 0.00, Selling: 0.00. Current Price Buying: , Selling: '),(245,'Price Added','2016-09-18 15:38:51','For 48','Price Added to 48, previous Price Buying: 0.00, Selling: 0.00. Current Price Buying: , Selling: '),(246,'Price Added','2016-09-18 15:38:51','For 49','Price Added to 49, previous Price Buying: 0.00, Selling: 0.00. Current Price Buying: , Selling: '),(247,'Price Added','2016-09-18 15:38:51','For 50','Price Added to 50, previous Price Buying: 0.00, Selling: 0.00. Current Price Buying: , Selling: '),(248,'Price Added','2016-09-18 15:38:51','For 51','Price Added to 51, previous Price Buying: 0.00, Selling: 0.00. Current Price Buying: , Selling: '),(249,'Price Added','2016-09-18 15:38:51','For 52','Price Added to 52, previous Price Buying: 0.00, Selling: 0.00. Current Price Buying: , Selling: '),(250,'Price Added','2016-09-18 15:38:51','For 53','Price Added to 53, previous Price Buying: 0.00, Selling: 0.00. Current Price Buying: , Selling: '),(251,'Price Added','2016-09-18 15:38:52','For 54','Price Added to 54, previous Price Buying: 0.00, Selling: 0.00. Current Price Buying: , Selling: '),(252,'Price Added','2016-09-18 15:38:52','For 55','Price Added to 55, previous Price Buying: 0.00, Selling: 0.00. Current Price Buying: , Selling: '),(253,'Price Added','2016-09-18 15:38:52','For 56','Price Added to 56, previous Price Buying: 0.00, Selling: 0.00. Current Price Buying: , Selling: '),(254,'Price Added','2016-09-18 15:38:52','For 57','Price Added to 57, previous Price Buying: 0.00, Selling: 0.00. Current Price Buying: , Selling: '),(255,'Price Added','2016-09-18 15:38:52','For 58','Price Added to 58, previous Price Buying: 0.00, Selling: 0.00. Current Price Buying: , Selling: '),(256,'Price Added','2016-09-18 15:38:52','For 59','Price Added to 59, previous Price Buying: 0.00, Selling: 0.00. Current Price Buying: , Selling: '),(257,'Price Added','2016-09-18 15:38:52','For 60','Price Added to 60, previous Price Buying: 0.00, Selling: 0.00. Current Price Buying: , Selling: '),(258,'Price Added','2016-09-18 15:38:52','For 61','Price Added to 61, previous Price Buying: 0.00, Selling: 0.00. Current Price Buying: , Selling: '),(259,'Price Added','2016-09-18 15:38:52','For 62','Price Added to 62, previous Price Buying: 0.00, Selling: 0.00. Current Price Buying: , Selling: '),(260,'Price Added','2016-09-18 15:38:52','For 63','Price Added to 63, previous Price Buying: 0.00, Selling: 0.00. Current Price Buying: , Selling: '),(261,'Price Added','2016-09-18 15:38:52','For 64','Price Added to 64, previous Price Buying: 0.00, Selling: 0.00. Current Price Buying: , Selling: '),(262,'Price Added','2016-09-18 15:38:52','For 65','Price Added to 65, previous Price Buying: 0.00, Selling: 0.00. Current Price Buying: , Selling: '),(263,'Price Added','2016-09-18 15:38:52','For 66','Price Added to 66, previous Price Buying: 0.00, Selling: 0.00. Current Price Buying: , Selling: '),(264,'Price Added','2016-09-18 15:38:52','For 67','Price Added to 67, previous Price Buying: 0.00, Selling: 0.00. Current Price Buying: , Selling: '),(265,'Price Added','2016-09-18 15:38:52','For 68','Price Added to 68, previous Price Buying: 0.00, Selling: 0.00. Current Price Buying: , Selling: '),(266,'Price Added','2016-09-18 15:38:52','For 69','Price Added to 69, previous Price Buying: 0.00, Selling: 0.00. Current Price Buying: , Selling: '),(267,'Price Added','2016-09-18 15:38:52','For 70','Price Added to 70, previous Price Buying: 0.00, Selling: 0.00. Current Price Buying: , Selling: '),(268,'Price Added','2016-09-18 15:38:52','For 71','Price Added to 71, previous Price Buying: 0.00, Selling: 0.00. Current Price Buying: , Selling: '),(269,'Price Added','2016-09-18 15:38:52','For 72','Price Added to 72, previous Price Buying: 0.00, Selling: 0.00. Current Price Buying: , Selling: '),(270,'Price Added','2016-09-18 15:38:52','For 73','Price Added to 73, previous Price Buying: 0.00, Selling: 0.00. Current Price Buying: , Selling: '),(271,'Price Added','2016-09-18 15:38:52','For 74','Price Added to 74, previous Price Buying: 0.00, Selling: 0.00. Current Price Buying: , Selling: '),(272,'Price Added','2016-09-18 15:38:52','For 75','Price Added to 75, previous Price Buying: 0.00, Selling: 0.00. Current Price Buying: , Selling: '),(273,'Price Added','2016-09-18 15:38:52','For 76','Price Added to 76, previous Price Buying: 0.00, Selling: 0.00. Current Price Buying: , Selling: '),(274,'Price Added','2016-09-18 15:38:52','For 77','Price Added to 77, previous Price Buying: 0.00, Selling: 0.00. Current Price Buying: , Selling: '),(275,'Price Added','2016-09-18 15:38:52','For 78','Price Added to 78, previous Price Buying: 0.00, Selling: 0.00. Current Price Buying: , Selling: '),(276,'Price Added','2016-09-18 15:38:52','For 79','Price Added to 79, previous Price Buying: 0.00, Selling: 0.00. Current Price Buying: , Selling: '),(277,'Price Added','2016-09-18 15:38:52','For 80','Price Added to 80, previous Price Buying: 0.00, Selling: 0.00. Current Price Buying: , Selling: '),(278,'Price Added','2016-09-18 15:38:52','For 81','Price Added to 81, previous Price Buying: 0.00, Selling: 0.00. Current Price Buying: , Selling: '),(279,'Price Added','2016-09-18 15:38:52','For 82','Price Added to 82, previous Price Buying: 0.00, Selling: 0.00. Current Price Buying: , Selling: '),(280,'Price Added','2016-09-18 15:38:52','For 83','Price Added to 83, previous Price Buying: 0.00, Selling: 0.00. Current Price Buying: , Selling: '),(281,'Price Added','2016-09-18 15:38:52','For 84','Price Added to 84, previous Price Buying: 0.00, Selling: 0.00. Current Price Buying: , Selling: '),(282,'Price Added','2016-09-18 15:38:52','For 85','Price Added to 85, previous Price Buying: 0.00, Selling: 0.00. Current Price Buying: , Selling: '),(283,'Price Added','2016-09-18 15:38:52','For 86','Price Added to 86, previous Price Buying: 0.00, Selling: 0.00. Current Price Buying: , Selling: '),(284,'Price Added','2016-09-18 15:38:52','For 87','Price Added to 87, previous Price Buying: 0.00, Selling: 0.00. Current Price Buying: , Selling: '),(285,'Price Added','2016-09-18 15:38:52','For 88','Price Added to 88, previous Price Buying: 0.00, Selling: 0.00. Current Price Buying: , Selling: '),(286,'Price Added','2016-09-18 15:38:52','For 89','Price Added to 89, previous Price Buying: 0.00, Selling: 0.00. Current Price Buying: , Selling: '),(287,'Price Added','2016-09-18 15:38:52','For 90','Price Added to 90, previous Price Buying: 0.00, Selling: 0.00. Current Price Buying: , Selling: '),(288,'Price Added','2016-09-18 15:38:52','For 91','Price Added to 91, previous Price Buying: 0.00, Selling: 0.00. Current Price Buying: , Selling: '),(289,'Price Added','2016-09-18 15:38:52','For 92','Price Added to 92, previous Price Buying: 0.00, Selling: 0.00. Current Price Buying: , Selling: '),(290,'Price Added','2016-09-18 15:38:52','For 93','Price Added to 93, previous Price Buying: 0.00, Selling: 0.00. Current Price Buying: , Selling: '),(291,'Price Added','2016-09-18 15:38:52','For 94','Price Added to 94, previous Price Buying: 0.00, Selling: 0.00. Current Price Buying: , Selling: '),(292,'Price Added','2016-09-18 15:38:52','For 95','Price Added to 95, previous Price Buying: 0.00, Selling: 0.00. Current Price Buying: , Selling: '),(293,'Price Added','2016-09-18 15:38:52','For 96','Price Added to 96, previous Price Buying: 0.00, Selling: 0.00. Current Price Buying: , Selling: '),(294,'Price Added','2016-09-18 15:38:52','For 97','Price Added to 97, previous Price Buying: 0.00, Selling: 0.00. Current Price Buying: , Selling: '),(295,'Price Added','2016-09-18 15:38:52','For 98','Price Added to 98, previous Price Buying: 0.00, Selling: 0.00. Current Price Buying: , Selling: '),(296,'Price Added','2016-09-18 15:38:52','For 99','Price Added to 99, previous Price Buying: 0.00, Selling: 0.00. Current Price Buying: , Selling: '),(297,'Price Added','2016-09-18 15:38:52','For 100','Price Added to 100, previous Price Buying: 0.00, Selling: 0.00. Current Price Buying: , Selling: '),(298,'Price Added','2016-09-18 15:38:52','For 101','Price Added to 101, previous Price Buying: 0.00, Selling: 0.00. Current Price Buying: , Selling: '),(299,'Price Added','2016-09-18 15:38:52','For 102','Price Added to 102, previous Price Buying: 0.00, Selling: 0.00. Current Price Buying: , Selling: '),(300,'Price Added','2016-09-18 15:38:52','For 103','Price Added to 103, previous Price Buying: 0.00, Selling: 0.00. Current Price Buying: , Selling: '),(301,'Price Added','2016-09-18 15:38:52','For 104','Price Added to 104, previous Price Buying: 0.00, Selling: 0.00. Current Price Buying: , Selling: '),(302,'Price Added','2016-09-18 15:38:52','For 105','Price Added to 105, previous Price Buying: 0.00, Selling: 0.00. Current Price Buying: , Selling: '),(303,'Price Added','2016-09-18 15:38:52','For 106','Price Added to 106, previous Price Buying: 0.00, Selling: 0.00. Current Price Buying: , Selling: '),(304,'Price Added','2016-09-18 15:38:52','For 107','Price Added to 107, previous Price Buying: 0.00, Selling: 0.00. Current Price Buying: , Selling: '),(305,'Price Added','2016-09-18 15:38:52','For 108','Price Added to 108, previous Price Buying: 0.00, Selling: 0.00. Current Price Buying: , Selling: '),(306,'Price Added','2016-09-18 15:38:52','For 109','Price Added to 109, previous Price Buying: 0.00, Selling: 0.00. Current Price Buying: , Selling: '),(307,'Price Added','2016-09-18 15:38:52','For 110','Price Added to 110, previous Price Buying: 0.00, Selling: 0.00. Current Price Buying: , Selling: '),(308,'Price Added','2016-09-18 15:38:52','For 111','Price Added to 111, previous Price Buying: 0.00, Selling: 0.00. Current Price Buying: , Selling: '),(309,'Price Added','2016-09-18 15:38:52','For 112','Price Added to 112, previous Price Buying: 0.00, Selling: 0.00. Current Price Buying: , Selling: '),(310,'Price Added','2016-09-18 15:38:52','For 113','Price Added to 113, previous Price Buying: 0.00, Selling: 0.00. Current Price Buying: , Selling: '),(311,'Price Added','2016-09-18 15:38:52','For 114','Price Added to 114, previous Price Buying: 0.00, Selling: 0.00. Current Price Buying: , Selling: '),(312,'Price Added','2016-09-18 15:38:52','For 115','Price Added to 115, previous Price Buying: 0.00, Selling: 0.00. Current Price Buying: , Selling: '),(313,'Price Added','2016-09-18 15:38:52','For 116','Price Added to 116, previous Price Buying: 0.00, Selling: 0.00. Current Price Buying: , Selling: '),(314,'Price Added','2016-09-18 15:38:52','For 117','Price Added to 117, previous Price Buying: 0.00, Selling: 0.00. Current Price Buying: , Selling: '),(315,'Price Added','2016-09-18 15:38:52','For 118','Price Added to 118, previous Price Buying: 0.00, Selling: 0.00. Current Price Buying: , Selling: '),(316,'Price Added','2016-09-18 15:38:52','For 119','Price Added to 119, previous Price Buying: 0.00, Selling: 0.00. Current Price Buying: , Selling: '),(317,'Price Added','2016-09-18 15:38:52','For 120','Price Added to 120, previous Price Buying: 0.00, Selling: 0.00. Current Price Buying: , Selling: '),(318,'Price Added','2016-09-18 15:38:52','For 121','Price Added to 121, previous Price Buying: 0.00, Selling: 0.00. Current Price Buying: , Selling: '),(319,'Price Added','2016-09-18 15:38:52','For 122','Price Added to 122, previous Price Buying: 0.00, Selling: 0.00. Current Price Buying: , Selling: '),(320,'Price Added','2016-09-18 15:38:52','For 123','Price Added to 123, previous Price Buying: 0.00, Selling: 0.00. Current Price Buying: , Selling: '),(321,'Price Added','2016-09-18 15:38:52','For 124','Price Added to 124, previous Price Buying: 0.00, Selling: 0.00. Current Price Buying: , Selling: '),(322,'Price Added','2016-09-18 15:38:52','For 125','Price Added to 125, previous Price Buying: 0.00, Selling: 0.00. Current Price Buying: , Selling: '),(323,'Price Added','2016-09-18 15:38:52','For 126','Price Added to 126, previous Price Buying: 0.00, Selling: 0.00. Current Price Buying: , Selling: '),(324,'Price Added','2016-09-18 15:38:52','For 127','Price Added to 127, previous Price Buying: 0.00, Selling: 0.00. Current Price Buying: , Selling: '),(325,'Price Added','2016-09-18 15:38:52','For 128','Price Added to 128, previous Price Buying: 0.00, Selling: 0.00. Current Price Buying: , Selling: '),(326,'Price Added','2016-09-18 15:38:52','For 129','Price Added to 129, previous Price Buying: 0.00, Selling: 0.00. Current Price Buying: , Selling: '),(327,'Price Added','2016-09-18 15:38:52','For 130','Price Added to 130, previous Price Buying: 0.00, Selling: 0.00. Current Price Buying: , Selling: '),(328,'Price Added','2016-09-18 15:38:52','For 131','Price Added to 131, previous Price Buying: 0.00, Selling: 0.00. Current Price Buying: , Selling: '),(329,'Price Added','2016-09-18 15:38:52','For 132','Price Added to 132, previous Price Buying: 0.00, Selling: 0.00. Current Price Buying: , Selling: '),(330,'Price Added','2016-09-18 15:38:52','For 133','Price Added to 133, previous Price Buying: 0.00, Selling: 0.00. Current Price Buying: , Selling: '),(331,'Price Added','2016-09-18 15:38:52','For 134','Price Added to 134, previous Price Buying: 0.00, Selling: 0.00. Current Price Buying: , Selling: '),(332,'Price Added','2016-09-18 15:38:52','For 135','Price Added to 135, previous Price Buying: 0.00, Selling: 0.00. Current Price Buying: , Selling: '),(333,'Price Added','2016-09-18 15:38:52','For 136','Price Added to 136, previous Price Buying: 0.00, Selling: 0.00. Current Price Buying: , Selling: '),(334,'Price Added','2016-09-18 15:38:52','For 137','Price Added to 137, previous Price Buying: 0.00, Selling: 0.00. Current Price Buying: , Selling: '),(335,'Price Added','2016-09-18 15:38:52','For 138','Price Added to 138, previous Price Buying: 0.00, Selling: 0.00. Current Price Buying: , Selling: '),(336,'Price Added','2016-09-18 15:38:52','For 139','Price Added to 139, previous Price Buying: 0.00, Selling: 0.00. Current Price Buying: , Selling: '),(337,'Price Added','2016-09-18 15:38:52','For 140','Price Added to 140, previous Price Buying: 0.00, Selling: 0.00. Current Price Buying: , Selling: '),(338,'Price Added','2016-09-18 15:38:52','For 141','Price Added to 141, previous Price Buying: 0.00, Selling: 0.00. Current Price Buying: , Selling: '),(339,'Price Added','2016-09-18 15:38:52','For 142','Price Added to 142, previous Price Buying: 0.00, Selling: 0.00. Current Price Buying: , Selling: '),(340,'Price Added','2016-09-18 15:38:52','For 143','Price Added to 143, previous Price Buying: 0.00, Selling: 0.00. Current Price Buying: , Selling: '),(341,'Price Added','2016-09-18 15:38:52','For 144','Price Added to 144, previous Price Buying: 0.00, Selling: 0.00. Current Price Buying: , Selling: '),(342,'Price Added','2016-09-18 15:38:52','For 145','Price Added to 145, previous Price Buying: 0.00, Selling: 0.00. Current Price Buying: , Selling: '),(343,'Price Added','2016-09-18 15:38:52','For 146','Price Added to 146, previous Price Buying: 0.00, Selling: 0.00. Current Price Buying: , Selling: '),(344,'Price Added','2016-09-18 15:38:52','For 147','Price Added to 147, previous Price Buying: 0.00, Selling: 0.00. Current Price Buying: , Selling: '),(345,'Price Added','2016-09-18 15:38:52','For 148','Price Added to 148, previous Price Buying: 0.00, Selling: 0.00. Current Price Buying: , Selling: '),(346,'Price Added','2016-09-18 15:38:52','For 149','Price Added to 149, previous Price Buying: 0.00, Selling: 0.00. Current Price Buying: , Selling: '),(347,'Price Added','2016-09-18 15:38:52','For 150','Price Added to 150, previous Price Buying: 0.00, Selling: 0.00. Current Price Buying: , Selling: '),(348,'Price Added','2016-09-18 15:38:52','For 151','Price Added to 151, previous Price Buying: 0.00, Selling: 0.00. Current Price Buying: , Selling: '),(349,'Price Added','2016-09-18 15:38:52','For 152','Price Added to 152, previous Price Buying: 0.00, Selling: 0.00. Current Price Buying: , Selling: '),(350,'Price Added','2016-09-18 15:38:52','For 153','Price Added to 153, previous Price Buying: 0.00, Selling: 0.00. Current Price Buying: , Selling: '),(351,'Price Added','2016-09-18 15:38:52','For 154','Price Added to 154, previous Price Buying: 0.00, Selling: 0.00. Current Price Buying: , Selling: '),(352,'Price Added','2016-09-18 15:38:52','For 155','Price Added to 155, previous Price Buying: 0.00, Selling: 0.00. Current Price Buying: , Selling: '),(353,'Price Added','2016-09-18 15:38:52','For 164','Price Added to 164, previous Price Buying: 0.00, Selling: 0.00. Current Price Buying: , Selling: '),(354,'Price Added','2016-09-18 15:38:52','For 165','Price Added to 165, previous Price Buying: 0.00, Selling: 0.00. Current Price Buying: , Selling: '),(355,'Price Added','2016-09-18 15:38:52','For 166','Price Added to 166, previous Price Buying: 0.00, Selling: 0.00. Current Price Buying: 23, Selling: 24'),(356,'Price Added','2016-09-18 15:40:52','For 166','Price Added to 166, previous Price Buying: 23.00, Selling: 24.00. Current Price Buying: 23, Selling: 24'),(357,'Price Added','2016-09-18 15:52:27','For 2','Price Added to 2, previous Price Buying: 0.00, Selling: 0.00. Current Price Buying: , Selling: 2.95'),(358,'Price Added','2016-09-25 20:01:45','For 299','Quantity Updated to 2 from 0.00. Price Added to 299, previous Price Buying: 0.00, Selling: 0.00. Current Price Buying: , Selling: 17'),(359,'Price Added','2016-09-25 20:01:45','For 300','Quantity Updated to 15 from 0.00. Price Added to 300, previous Price Buying: 0.00, Selling: 0.00. Current Price Buying: , Selling: 17'),(360,'Price Added','2016-09-25 20:01:45','For 301','Quantity Updated to 10 from 0.00. Price Added to 301, previous Price Buying: 0.00, Selling: 0.00. Current Price Buying: , Selling: 17'),(361,'Price Added','2016-09-25 20:08:11','For 294','Quantity Updated to 5 from 0.00. Price Added to 294, previous Price Buying: 0.00, Selling: 0.00. Current Price Buying: , Selling: 17'),(362,'Price Added','2016-09-25 20:08:11','For 295','Quantity Updated to 21 from 0.00. Price Added to 295, previous Price Buying: 0.00, Selling: 0.00. Current Price Buying: , Selling: 17'),(363,'Price Added','2016-09-25 20:09:38','For 302','Quantity Updated to 10 from 0.00. Price Added to 302, previous Price Buying: 0.00, Selling: 0.00. Current Price Buying: , Selling: 17'),(364,'Price Added','2016-09-25 20:16:31','For 296','Quantity Updated to 6 from 0.00. Price Added to 296, previous Price Buying: 0.00, Selling: 0.00. Current Price Buying: , Selling: 15.50'),(365,'Price Added','2016-09-25 20:16:31','For 298','Quantity Updated to 1 from 0.00. Price Added to 298, previous Price Buying: 0.00, Selling: 0.00. Current Price Buying: , Selling: 15.50'),(366,'Price Added','2016-09-25 22:27:15','For 1','Quantity Updated to  from 0.00. Price Added to 1, previous Price Buying: 0.00, Selling: 0.00. Current Price Buying: , Selling: 3.5'),(367,'Price Added','2016-09-25 22:27:15','For 3','Quantity Updated to  from 0.00. Price Added to 3, previous Price Buying: 0.00, Selling: 0.00. Current Price Buying: , Selling: 2.2'),(368,'Price Added','2016-10-09 18:55:46','For 1','Quantity Updated to 90 from 0.00. Price Added to 1, previous Price Buying: 0.00, Selling: 0.00. Current Price Buying: 909, Selling: 900');

UNLOCK TABLES;

/*Table structure for table `product_attributes` */

DROP TABLE IF EXISTS `product_attributes`;

CREATE TABLE `product_attributes` (
  `id` int(10) unsigned NOT NULL AUTO_INCREMENT,
  `name` varchar(255) COLLATE utf8_unicode_ci NOT NULL,
  `value` varchar(255) COLLATE utf8_unicode_ci DEFAULT NULL,
  `description` text COLLATE utf8_unicode_ci,
  `position` int(11) NOT NULL DEFAULT '0',
  `created_at` timestamp NULL DEFAULT NULL,
  `updated_at` timestamp NULL DEFAULT NULL,
  PRIMARY KEY (`id`)
) ENGINE=InnoDB DEFAULT CHARSET=utf8 COLLATE=utf8_unicode_ci;

/*Data for the table `product_attributes` */

LOCK TABLES `product_attributes` WRITE;

UNLOCK TABLES;

/*Table structure for table `product_categories` */

DROP TABLE IF EXISTS `product_categories`;

CREATE TABLE `product_categories` (
  `id` int(10) unsigned NOT NULL AUTO_INCREMENT,
  `name` varchar(255) COLLATE utf8_unicode_ci NOT NULL,
  `position` int(11) NOT NULL,
  `created_at` timestamp NULL DEFAULT NULL,
  `updated_at` timestamp NULL DEFAULT NULL,
  PRIMARY KEY (`id`)
) ENGINE=InnoDB AUTO_INCREMENT=25 DEFAULT CHARSET=utf8 COLLATE=utf8_unicode_ci;

/*Data for the table `product_categories` */

LOCK TABLES `product_categories` WRITE;

insert  into `product_categories`(`id`,`name`,`position`,`created_at`,`updated_at`) values (1,'OTHERS',0,NULL,NULL),(2,'NOODLES',0,NULL,NULL),(3,'FREAS MART',0,NULL,NULL),(4,'ROKO',0,NULL,NULL),(5,'ROTI',0,NULL,NULL),(6,'ENERGY DRINKS',0,NULL,NULL),(7,'SOFT DRINKS',0,NULL,NULL),(8,'JUICES',0,NULL,NULL),(9,'BABAS POWDER',0,NULL,NULL),(10,'HOUSE HOLD',0,NULL,NULL),(11,'PICKLE',0,NULL,NULL),(12,'SABUN BAJU',0,NULL,NULL),(13,'TOILTRIES',0,NULL,NULL),(14,'ICE CREAM',0,NULL,NULL),(15,'ELECTRONIC',0,NULL,NULL),(16,'FOOD',0,NULL,NULL),(17,'BISKIT',0,NULL,NULL),(18,'CHOCOLATE',0,NULL,NULL),(19,'TOP UP',0,NULL,NULL),(20,'FRESH MART',0,NULL,NULL),(21,'COOKING OIL',0,NULL,NULL),(22,'RICE',0,NULL,NULL),(23,'NESTLE',0,NULL,NULL),(24,'SHAMPOO',0,NULL,NULL);

UNLOCK TABLES;

/*Table structure for table `product_product_attribute` */

DROP TABLE IF EXISTS `product_product_attribute`;

CREATE TABLE `product_product_attribute` (
  `product_id` int(10) unsigned DEFAULT NULL,
  `product_attribute_id` int(10) unsigned DEFAULT NULL,
  `created_at` timestamp NULL DEFAULT NULL,
  `updated_at` timestamp NULL DEFAULT NULL,
  KEY `product_product_attribute_product_id_foreign` (`product_id`),
  KEY `product_product_attribute_product_attribute_id_foreign` (`product_attribute_id`),
  CONSTRAINT `product_product_attribute_product_attribute_id_foreign` FOREIGN KEY (`product_attribute_id`) REFERENCES `product_attributes` (`id`) ON DELETE CASCADE,
  CONSTRAINT `product_product_attribute_product_id_foreign` FOREIGN KEY (`product_id`) REFERENCES `products` (`id`) ON DELETE CASCADE
) ENGINE=InnoDB DEFAULT CHARSET=utf8 COLLATE=utf8_unicode_ci;

/*Data for the table `product_product_attribute` */

LOCK TABLES `product_product_attribute` WRITE;

UNLOCK TABLES;

/*Table structure for table `product_product_category` */

DROP TABLE IF EXISTS `product_product_category`;

CREATE TABLE `product_product_category` (
  `product_category_id` int(10) unsigned DEFAULT NULL,
  `product_id` int(10) unsigned DEFAULT NULL,
  `created_at` timestamp NULL DEFAULT NULL,
  `updated_at` timestamp NULL DEFAULT NULL,
  KEY `product_product_category_product_category_id_foreign` (`product_category_id`),
  KEY `product_product_category_product_id_foreign` (`product_id`),
  CONSTRAINT `product_product_category_product_category_id_foreign` FOREIGN KEY (`product_category_id`) REFERENCES `product_categories` (`id`) ON DELETE CASCADE,
  CONSTRAINT `product_product_category_product_id_foreign` FOREIGN KEY (`product_id`) REFERENCES `products` (`id`) ON DELETE CASCADE
) ENGINE=InnoDB DEFAULT CHARSET=utf8 COLLATE=utf8_unicode_ci;

/*Data for the table `product_product_category` */

LOCK TABLES `product_product_category` WRITE;

UNLOCK TABLES;

/*Table structure for table `product_update_log` */

DROP TABLE IF EXISTS `product_update_log`;

CREATE TABLE `product_update_log` (
  `id` int(10) unsigned NOT NULL AUTO_INCREMENT,
  `product_id` int(10) unsigned NOT NULL,
  `code` varchar(32) NOT NULL,
  `name` varchar(128) NOT NULL,
  `old_quantity` decimal(10,2) unsigned NOT NULL,
  `new_quantity` decimal(10,2) unsigned NOT NULL,
  `entry_by` int(10) unsigned NOT NULL,
  `entry_time` timestamp NOT NULL DEFAULT CURRENT_TIMESTAMP,
  `remarks` text,
  PRIMARY KEY (`id`)
) ENGINE=InnoDB AUTO_INCREMENT=11 DEFAULT CHARSET=latin1;

/*Data for the table `product_update_log` */

LOCK TABLES `product_update_log` WRITE;

insert  into `product_update_log`(`id`,`product_id`,`code`,`name`,`old_quantity`,`new_quantity`,`entry_by`,`entry_time`,`remarks`) values (1,663,'9556109104442','Dunhill Red','20.00','19.00',1,'2016-09-26 18:06:31',NULL),(2,300,'9556109104480','dunhill green cigarette','15.00','14.00',1,'2016-09-26 18:06:31',NULL),(3,301,'9556109104466','dunhill lite cigarette','10.00','9.00',1,'2016-09-26 18:06:31',NULL),(4,694,'9555059400321','DiGi RM 5','61.00','60.00',1,'2016-09-26 18:07:37',NULL),(5,663,'9556109104442','Dunhill Red','19.00','20.00',1,'2016-09-27 09:17:23',NULL),(6,300,'9556109104480','dunhill green cigarette','14.00','15.00',1,'2016-09-27 09:17:23',NULL),(7,301,'9556109104466','dunhill lite cigarette','9.00','10.00',1,'2016-09-27 09:17:23',NULL),(8,663,'9556109104442','Dunhill Red','20.00','21.00',1,'2016-09-27 09:22:53',NULL),(9,300,'9556109104480','dunhill green cigarette','15.00','16.00',1,'2016-09-27 09:22:53',NULL),(10,301,'9556109104466','dunhill lite cigarette','10.00','11.00',1,'2016-09-27 09:22:53',NULL);

UNLOCK TABLES;

/*Table structure for table `product_uploads` */

DROP TABLE IF EXISTS `product_uploads`;

CREATE TABLE `product_uploads` (
  `id` int(10) unsigned NOT NULL AUTO_INCREMENT,
  `name` varchar(128) NOT NULL,
  `time` datetime NOT NULL,
  `file` varchar(16) NOT NULL,
  `delimiter` varchar(5) NOT NULL,
  `status` enum('Uploaded','Processed','PendingProcessing') NOT NULL DEFAULT 'Uploaded',
  `process_start_time` datetime DEFAULT NULL,
  `process_end_time` datetime DEFAULT NULL,
  PRIMARY KEY (`id`)
) ENGINE=InnoDB DEFAULT CHARSET=latin1;

/*Data for the table `product_uploads` */

LOCK TABLES `product_uploads` WRITE;

UNLOCK TABLES;

/*Table structure for table `products` */

DROP TABLE IF EXISTS `products`;

CREATE TABLE `products` (
  `id` int(10) unsigned NOT NULL AUTO_INCREMENT,
  `name` varchar(255) COLLATE utf8_unicode_ci NOT NULL,
  `code` varchar(255) COLLATE utf8_unicode_ci DEFAULT NULL,
  `category` int(10) unsigned NOT NULL DEFAULT '0',
  `quantity` decimal(10,2) unsigned NOT NULL DEFAULT '0.00',
  `minimum_stock_quantity` decimal(10,2) unsigned NOT NULL DEFAULT '5.00',
  `buying_price` decimal(10,2) NOT NULL DEFAULT '0.00',
  `selling_price` decimal(10,2) NOT NULL DEFAULT '0.00',
  `selling_tax_code` varchar(8) COLLATE utf8_unicode_ci NOT NULL DEFAULT 'SR',
  `selling_tax_value` decimal(4,2) unsigned NOT NULL DEFAULT '0.06',
  `selling_tax` decimal(8,2) unsigned NOT NULL DEFAULT '0.00',
  `price_with_tax` decimal(8,2) unsigned NOT NULL DEFAULT '0.00',
  `tax_inclusive` tinyint(1) unsigned NOT NULL DEFAULT '1',
  `image` varchar(256) COLLATE utf8_unicode_ci DEFAULT NULL,
  `entry_by` int(10) unsigned NOT NULL,
  `entry_time` timestamp NOT NULL DEFAULT CURRENT_TIMESTAMP ON UPDATE CURRENT_TIMESTAMP,
  `modify_by` int(10) unsigned DEFAULT NULL,
  `modify_time` timestamp NULL DEFAULT NULL,
  PRIMARY KEY (`id`),
  UNIQUE KEY `products_code_unique` (`code`)
) ENGINE=InnoDB AUTO_INCREMENT=11901 DEFAULT CHARSET=utf8 COLLATE=utf8_unicode_ci;

/*Data for the table `products` */

LOCK TABLES `products` WRITE;

insert  into `products`(`id`,`name`,`code`,`category`,`quantity`,`minimum_stock_quantity`,`buying_price`,`selling_price`,`selling_tax_code`,`selling_tax_value`,`selling_tax`,`price_with_tax`,`tax_inclusive`,`image`,`entry_by`,`entry_time`,`modify_by`,`modify_time`) values (1,'CUSTOM ITEM',NULL,1,'90.00','5.00','909.00','900.00','SR','0.06','0.00','0.00',1,NULL,0,'2016-10-04 09:01:14',NULL,NULL),(2,'OPEN ITEM',NULL,1,'0.00','5.00','0.00','0.00','SR','0.06','0.00','0.00',1,NULL,0,'2016-10-04 08:57:40',NULL,NULL),(3,'MAGGI KARI 79G','9556001126528',2,'0.00','5.00','0.00','7.00','SR','0.06','0.00','0.00',1,NULL,0,'2016-10-04 08:57:40',NULL,NULL),(4,'MI SEDAAP MI GORENG','8998866606202',2,'0.00','5.00','0.00','3.80','SR','0.06','0.00','0.00',1,NULL,0,'2016-10-04 08:57:40',NULL,NULL),(5,'SAWI',NULL,3,'0.00','5.00','0.00','0.00','SR','0.06','0.00','0.00',1,NULL,0,'2016-10-04 08:57:40',NULL,NULL),(6,'BAYAM',NULL,3,'0.00','5.00','0.00','4.00','SR','0.06','0.00','0.00',1,NULL,0,'2016-10-04 08:57:40',NULL,NULL),(7,'KANGKUNG',NULL,3,'0.00','5.00','0.00','4.00','SR','0.06','0.00','0.00',1,NULL,0,'2016-10-04 08:57:40',NULL,NULL),(8,'DUNHILL RED','9556109104442',4,'0.00','5.00','0.00','17.00','SR','0.06','0.00','0.00',1,NULL,0,'2016-10-04 08:57:40',NULL,NULL),(9,'DUNHILL LIGHT','9556109104466',4,'0.00','5.00','0.00','17.00','SR','0.06','0.00','0.00',1,NULL,0,'2016-10-04 08:57:40',NULL,NULL),(10,'MARLBORO RED','76164217',4,'0.00','5.00','0.00','17.00','SR','0.06','0.00','0.00',1,NULL,0,'2016-10-04 08:57:40',NULL,NULL),(11,'MARLBORO LIGHT','76239878',4,'0.00','5.00','0.00','17.00','SR','0.06','0.00','0.00',1,NULL,0,'2016-10-04 08:57:40',NULL,NULL),(12,'BENSON RED','95502397',4,'0.00','5.00','0.00','17.00','SR','0.06','0.00','0.00',1,NULL,0,'2016-10-04 08:57:40',NULL,NULL),(13,'SALEM MENTOL','01232135',4,'0.00','5.00','0.00','17.00','SR','0.06','0.00','0.00',1,NULL,0,'2016-10-04 08:57:40',NULL,NULL),(14,'SAMPORNA RED','89990568',4,'0.00','5.00','0.00','14.50','SR','0.06','0.00','0.00',1,NULL,0,'2016-10-04 08:57:40',NULL,NULL),(15,'SAMPORNA GREEN','89990469',4,'0.00','5.00','0.00','14.50','SR','0.06','0.00','0.00',1,NULL,0,'2016-10-04 08:57:40',NULL,NULL),(16,'WINSTON RED','01231233',4,'0.00','5.00','0.00','15.50','SR','0.06','0.00','0.00',1,NULL,0,'2016-10-04 08:57:40',NULL,NULL),(17,'WINSTON LIGHT','01231932',4,'0.00','5.00','0.00','15.50','SR','0.06','0.00','0.00',1,NULL,0,'2016-10-04 08:57:40',NULL,NULL),(18,'PALL MALL RED','9556109102769',4,'0.00','5.00','0.00','15.50','SR','0.06','0.00','0.00',1,NULL,0,'2016-10-04 08:57:40',NULL,NULL),(19,'L&M MINT','95510156',4,'0.00','5.00','0.00','15.50','SR','0.06','0.00','0.00',1,NULL,0,'2016-10-04 08:57:40',NULL,NULL),(20,'DUNHILL MENTHOL','9556109104480',4,'0.00','5.00','0.00','17.00','SR','0.06','0.00','0.00',1,NULL,0,'2016-10-04 08:57:40',NULL,NULL),(21,'PALL MALL MINT','9556109102776',4,'0.00','5.00','0.00','15.50','SR','0.06','0.00','0.00',1,NULL,0,'2016-10-04 08:57:40',NULL,NULL),(22,'GARDENIA CLASSIC JUMBO','9556231110045',5,'0.00','5.00','0.00','3.40','SR','0.06','0.00','0.00',1,NULL,0,'2016-10-04 08:57:40',NULL,NULL),(23,'GARDENIA CLASSIC','9556231111110',5,'0.00','5.00','0.00','2.40','SR','0.06','0.00','0.00',1,NULL,0,'2016-10-04 08:57:40',NULL,NULL),(24,'G BUTTERSCOTCH','9556231110236',5,'0.00','5.00','0.00','4.45','SR','0.06','0.00','0.00',1,NULL,0,'2016-10-04 08:57:40',NULL,NULL),(25,'G PANDAN KAYA','9557404250025',5,'0.00','5.00','0.00','2.85','SR','0.06','0.00','0.00',1,NULL,0,'2016-10-04 08:57:40',NULL,NULL),(26,'G JAGUNG','9556641320119',5,'0.00','5.00','0.00','0.85','SR','0.06','0.00','0.00',1,NULL,0,'2016-10-04 08:57:40',NULL,NULL),(27,'G MUFFIN CIP COKLET','9556231130043',5,'0.00','5.00','0.00','1.80','SR','0.06','0.00','0.00',1,NULL,0,'2016-10-04 08:57:40',NULL,NULL),(28,'G CHOC-A-LOT','9556231131033',5,'0.00','5.00','0.00','1.60','SR','0.06','0.00','0.00',1,NULL,0,'2016-10-04 08:57:40',NULL,NULL),(29,'G TWIGGIES RASPBERRY','9556231131170',5,'0.00','5.00','0.00','1.60','SR','0.06','0.00','0.00',1,NULL,0,'2016-10-04 08:57:40',NULL,NULL),(30,'POWER ROOT EXTRA 250ML','9555021501162',6,'0.00','5.00','0.00','3.00','SR','0.06','0.00','0.00',1,NULL,0,'2016-10-04 08:57:40',NULL,NULL),(31,'RED BULL 250 ML','8888307882572',6,'0.00','5.00','0.00','2.80','SR','0.06','0.00','0.00',1,NULL,0,'2016-10-04 08:57:40',NULL,NULL),(32,'ROYAL TIGER 250ML','8941128007408',6,'0.00','5.00','0.00','2.50','SR','0.06','0.00','0.00',1,NULL,0,'2016-10-04 08:57:40',NULL,NULL),(33,'LIVITA HONEY 250ML','9556375163013',6,'0.00','5.00','0.00','2.80','SR','0.06','0.00','0.00',1,NULL,0,'2016-10-04 08:57:40',NULL,NULL),(34,'REVIVE ORIGINAL 325ML','9556404062034',7,'0.00','5.00','0.00','1.50','SR','0.06','0.00','0.00',1,NULL,0,'2016-10-04 08:57:40',NULL,NULL),(35,'7-UP LEMON 325 ML','9556404007035',7,'0.00','5.00','0.00','1.50','SR','0.06','0.00','0.00',1,NULL,0,'2016-10-04 08:57:40',NULL,NULL),(36,'KICKAPOO ORI 325 ML','9556404057030',7,'0.00','5.00','0.00','1.50','SR','0.06','0.00','0.00',1,NULL,0,'2016-10-04 08:57:40',NULL,NULL),(37,'MIRINDA ORANGE 325 ML','9556404002030',7,'0.00','5.00','0.00','1.50','SR','0.06','0.00','0.00',1,NULL,0,'2016-10-04 08:57:40',NULL,NULL),(38,'SEASONS NUTRI WELB 325ML','9556570103371',7,'0.00','5.00','0.00','1.80','SR','0.06','0.00','0.00',1,NULL,0,'2016-10-04 08:57:40',NULL,NULL),(39,'SEASONS ICE LEMON TEA 325ML','9556570103333',7,'0.00','5.00','0.00','1.50','SR','0.06','0.00','0.00',1,NULL,0,'2016-10-04 08:57:40',NULL,NULL),(40,'COCA-COLA 325ML','9555589200385',7,'0.00','5.00','0.00','99.00','SR','0.06','0.00','0.00',1,NULL,0,'2016-10-04 08:57:40',NULL,NULL),(41,'F&N STRAWBERI 325ML','9556570105047',7,'0.00','5.00','0.00','1.80','SR','0.06','0.00','0.00',1,NULL,0,'2016-10-04 08:57:40',NULL,NULL),(42,'SPRITE 325ML','9555589200668',7,'0.00','5.00','0.00','1.50','SR','0.06','0.00','0.00',1,NULL,0,'2016-10-04 08:57:40',NULL,NULL),(43,'100 PLUS 325ML','9556570105139',7,'0.00','5.00','0.00','1.80','SR','0.06','0.00','0.00',1,NULL,0,'2016-10-04 08:57:40',NULL,NULL),(44,'F&N SARSI 325ML','9556570105023',7,'0.00','5.00','0.00','1.80','SR','0.06','0.00','0.00',1,NULL,0,'2016-10-04 08:57:40',NULL,NULL),(45,'PEPSI 325ML','9556404001033',7,'0.00','5.00','0.00','1.50','SR','0.06','0.00','0.00',1,NULL,0,'2016-10-04 08:57:40',NULL,NULL),(46,'MOUNTAIN DEW 325ML','9556404011032',7,'0.00','5.00','0.00','1.50','SR','0.06','0.00','0.00',1,NULL,0,'2016-10-04 08:57:40',NULL,NULL),(47,'SEASONS NUTRI SOY 325ML','9556570103364',7,'0.00','5.00','0.00','1.50','SR','0.06','0.00','0.00',1,NULL,0,'2016-10-04 08:57:40',NULL,NULL),(48,'NESCAFE ORIGINAL 24OML','9556001047175',7,'0.00','5.00','0.00','2.20','SR','0.06','0.00','0.00',1,NULL,0,'2016-10-04 08:57:40',NULL,NULL),(49,'MILO ORIGINAL 325ML','9556001051509',7,'0.00','5.00','0.00','2.20','SR','0.06','0.00','0.00',1,NULL,0,'2016-10-04 08:57:40',NULL,NULL),(50,'ALI CAFE 250ML','9555021501506',7,'0.00','5.00','0.00','2.80','SR','0.06','0.00','0.00',1,NULL,0,'2016-10-04 08:57:40',NULL,NULL),(51,'VEGE COCONUT 300ML','9557297061449',8,'0.00','5.00','0.00','1.80','SR','0.06','0.00','0.00',1,NULL,0,'2016-10-04 08:57:40',NULL,NULL),(52,'VEGE MANGO 300ML','9557297970048',8,'0.00','5.00','0.00','2.00','SR','0.06','0.00','0.00',1,NULL,0,'2016-10-04 08:57:40',NULL,NULL),(53,'RUBAAALY PINEAPPLE 300ML','9557297071561',8,'0.00','5.00','0.00','1.80','SR','0.06','0.00','0.00',1,NULL,0,'2016-10-04 08:57:40',NULL,NULL),(54,'POWER E DRINK 250ML','831730002961',6,'0.00','5.00','0.00','2.00','SR','0.06','0.00','0.00',1,NULL,0,'2016-10-04 08:57:40',NULL,NULL),(55,'DOUTH LADY LOW FAT 200ML','9556166058603',7,'0.00','5.00','0.00','1.80','SR','0.06','0.00','0.00',1,NULL,0,'2016-10-04 08:57:40',NULL,NULL),(56,'YEOS SOY 250ML','9556156001176',7,'0.00','5.00','0.00','1.20','SR','0.06','0.00','0.00',1,NULL,0,'2016-10-04 08:57:40',NULL,NULL),(57,'SEASONS ICE LEMON TEA 250ML','9556570501337',7,'0.00','5.00','0.00','1.20','SR','0.06','0.00','0.00',1,NULL,0,'2016-10-04 08:57:40',NULL,NULL),(58,'SEASONS NUTRI WELB 250ML','9556570501375',7,'0.00','5.00','0.00','1.20','SR','0.06','0.00','0.00',1,NULL,0,'2016-10-04 08:57:40',NULL,NULL),(59,'SEASONS NUTRI WELB 1L','9556570514375',7,'0.00','5.00','0.00','3.50','SR','0.06','0.00','0.00',1,NULL,0,'2016-10-04 08:57:40',NULL,NULL),(60,'SEASONS NUTRI SOY 1L','9556570514368',7,'0.00','5.00','0.00','3.50','SR','0.06','0.00','0.00',1,NULL,0,'2016-10-04 08:57:40',NULL,NULL),(61,'DRINHO LAICHI 1L','9556007000396',7,'0.00','5.00','0.00','3.50','SR','0.06','0.00','0.00',1,NULL,0,'2016-10-04 08:57:40',NULL,NULL),(62,'LIPTON ICE TEA 450ML','9556404049059',7,'0.00','5.00','0.00','2.20','SR','0.06','0.00','0.00',1,NULL,0,'2016-10-04 08:57:40',NULL,NULL),(63,'REVIVE ASLI 500ML','9556404062065',7,'0.00','5.00','0.00','2.20','SR','0.06','0.00','0.00',1,NULL,0,'2016-10-04 08:57:40',NULL,NULL),(64,'100 PLUS 500ML','9556570311134',7,'0.00','5.00','0.00','2.20','SR','0.06','0.00','0.00',1,NULL,0,'2016-10-04 08:57:40',NULL,NULL),(65,'7-UP LEMON 500ML','9556404007059',7,'0.00','5.00','0.00','2.20','SR','0.06','0.00','0.00',1,NULL,0,'2016-10-04 08:57:40',NULL,NULL),(66,'COCA-COLA 500ML','9555589200392',7,'0.00','5.00','0.00','2.50','SR','0.06','0.00','0.00',1,NULL,0,'2016-10-04 08:57:40',NULL,NULL),(67,'PEPSI 500ML','9556404001057',7,'0.00','5.00','0.00','2.20','SR','0.06','0.00','0.00',1,NULL,0,'2016-10-04 08:57:40',NULL,NULL),(68,'F&N OREN 500ML','9556570311011',7,'0.00','5.00','0.00','2.20','SR','0.06','0.00','0.00',1,NULL,0,'2016-10-04 08:57:40',NULL,NULL),(69,'KICKAPOO ORI 500','9556404057061',7,'0.00','5.00','0.00','2.20','SR','0.06','0.00','0.00',1,NULL,0,'2016-10-04 08:57:40',NULL,NULL),(70,'MOUNTAIN DEW 500ML','9556404011056',7,'0.00','5.00','0.00','2.00','SR','0.06','0.00','0.00',1,NULL,0,'2016-10-04 08:57:40',NULL,NULL),(71,'MIRINDA ORANGE 500ML','9556404002054',7,'0.00','5.00','0.00','2.20','SR','0.06','0.00','0.00',1,NULL,0,'2016-10-04 08:57:40',NULL,NULL),(72,'PRAN MANGO 500ML','846656004210',8,'0.00','5.00','0.00','3.00','SR','0.06','0.00','0.00',1,NULL,0,'2016-10-04 08:57:40',NULL,NULL),(73,'PRAN FROOTO 500ML','831730009489',8,'0.00','5.00','0.00','2.50','SR','0.06','0.00','0.00',1,NULL,0,'2016-10-04 08:57:40',NULL,NULL),(74,'PRAN FROOTO 250','9504208009403',8,'0.00','5.00','0.00','1.50','SR','0.06','0.00','0.00',1,NULL,0,'2016-10-04 08:57:40',NULL,NULL),(75,'MILO ORIGINAL 200ML','9556001183538',7,'0.00','5.00','0.00','1.80','SR','0.06','0.00','0.00',1,NULL,0,'2016-10-04 08:57:40',NULL,NULL),(76,'V-SOY MULTI-GRAIN 300ML','8851028001690',7,'0.00','5.00','0.00','2.20','SR','0.06','0.00','0.00',1,NULL,0,'2016-10-04 08:57:40',NULL,NULL),(77,'DOUTH LADY COCKLAT 200ML','9556166058214',7,'0.00','5.00','0.00','1.80','SR','0.06','0.00','0.00',1,NULL,0,'2016-10-04 08:57:40',NULL,NULL),(78,'WONDA KOPI P 240ML','9556404116409',7,'0.00','5.00','0.00','2.20','SR','0.06','0.00','0.00',1,NULL,0,'2016-10-04 08:57:40',NULL,NULL),(79,'TWISTER APPLE 355ML','9556404115143',7,'0.00','5.00','0.00','2.80','SR','0.06','0.00','0.00',1,NULL,0,'2016-10-04 08:57:40',NULL,NULL),(80,'TWISTER FRUIT PULP 355ML','9556404115075',7,'0.00','5.00','0.00','2.50','SR','0.06','0.00','0.00',1,NULL,0,'2016-10-04 08:57:40',NULL,NULL),(81,'TWISTER LAICI 355ML','9556404116218',7,'0.00','5.00','0.00','2.50','SR','0.06','0.00','0.00',1,NULL,0,'2016-10-04 08:57:40',NULL,NULL),(82,'TWISTER ORANGE 355ML','9556404116492',7,'0.00','5.00','0.00','2.50','SR','0.06','0.00','0.00',1,NULL,0,'2016-10-04 08:57:40',NULL,NULL),(83,'TWISTER BLACKCURRANT 355ML','9556404115860',7,'0.00','5.00','0.00','2.50','SR','0.06','0.00','0.00',1,NULL,0,'2016-10-04 08:57:40',NULL,NULL),(84,'PRAN MANGO 260ML','846656002605',8,'0.00','5.00','0.00','1.50','SR','0.06','0.00','0.00',1,NULL,0,'2016-10-04 08:57:40',NULL,NULL),(85,'SUNDROP 260ML','846656009369',8,'0.00','5.00','0.00','1.50','SR','0.06','0.00','0.00',1,NULL,0,'2016-10-04 08:57:40',NULL,NULL),(86,'100 PLUS 1.5L','9556570312131',7,'0.00','5.00','0.00','3.50','SR','0.06','0.00','0.00',1,NULL,0,'2016-10-04 08:57:40',NULL,NULL),(87,'REVIVE ASLI 1.5L','9556404062157',7,'0.00','5.00','0.00','3.80','SR','0.06','0.00','0.00',1,NULL,0,'2016-10-04 08:57:40',NULL,NULL),(88,'F&N OREN 1.5L','9556570312018',7,'0.00','5.00','0.00','3.80','SR','0.06','0.00','0.00',1,NULL,0,'2016-10-04 08:57:40',NULL,NULL),(89,'F&N STRAWBERI 1.5L','9556570312049',7,'0.00','5.00','0.00','3.80','SR','0.06','0.00','0.00',1,NULL,0,'2016-10-04 08:57:40',NULL,NULL),(90,'MIRINDA ORANGE 1.5L','9556404002153',7,'0.00','5.00','0.00','3.50','SR','0.06','0.00','0.00',1,NULL,0,'2016-10-04 08:57:40',NULL,NULL),(91,'BLUE MINERAL WATER 1.5L','9556404102150',7,'0.00','5.00','0.00','2.00','SR','0.06','0.00','0.00',1,NULL,0,'2016-10-04 08:57:40',NULL,NULL),(92,'SEA MASTER 1.5L','9557290166660',7,'0.00','5.00','0.00','1.20','SR','0.06','0.00','0.00',1,NULL,0,'2016-10-04 08:57:40',NULL,NULL),(93,'TWISTER APPLE 1.5L','9556404115112',7,'0.00','5.00','0.00','6.80','SR','0.06','0.00','0.00',1,NULL,0,'2016-10-04 08:57:40',NULL,NULL),(94,'7-UP LEMON 1.5L','9556404007158',7,'0.00','5.00','0.00','3.80','SR','0.06','0.00','0.00',1,NULL,0,'2016-10-04 08:57:40',NULL,NULL),(95,'F&N SARSI 1.5L','9556570312025',7,'0.00','5.00','0.00','3.80','SR','0.06','0.00','0.00',1,NULL,0,'2016-10-04 08:57:40',NULL,NULL),(96,'COCA-COLA 1.5L','9555589200415',7,'0.00','5.00','0.00','3.80','SR','0.06','0.00','0.00',1,NULL,0,'2016-10-04 08:57:40',NULL,NULL),(97,'SPRITE 1.5L','9555589200699',7,'0.00','5.00','0.00','3.80','SR','0.06','0.00','0.00',1,NULL,0,'2016-10-04 08:57:40',NULL,NULL),(98,'MOUNTAIN DEW 1.5L','9556404011155',7,'0.00','5.00','0.00','3.50','SR','0.06','0.00','0.00',1,NULL,0,'2016-10-04 08:57:40',NULL,NULL),(99,'TWISTER FRUIT PULP 1.5L','9556404115044',7,'0.00','5.00','0.00','6.50','SR','0.06','0.00','0.00',1,NULL,0,'2016-10-04 08:57:40',NULL,NULL),(100,'PRAN FROOTO 1.5L','846656002964',7,'0.00','5.00','0.00','6.50','SR','0.06','0.00','0.00',1,NULL,0,'2016-10-04 08:57:40',NULL,NULL),(101,'PRAN FROOTO 1L','831730009755',7,'0.00','5.00','0.00','4.50','SR','0.06','0.00','0.00',1,NULL,0,'2016-10-04 08:57:40',NULL,NULL),(102,'BABAS TEPUNG KACANG 500GM','9556065000147',9,'0.00','5.00','0.00','4.70','SR','0.06','0.00','0.00',1,NULL,0,'2016-10-04 08:57:40',NULL,NULL),(103,'B KUNYIT 125GM','9556065000017',9,'0.00','5.00','0.00','2.60','SR','0.06','0.00','0.00',1,NULL,0,'2016-10-04 08:57:40',NULL,NULL),(104,'B KUNYIT 250GM','9556065000451',9,'0.00','5.00','0.00','5.00','SR','0.06','0.00','0.00',1,NULL,0,'2016-10-04 08:57:40',NULL,NULL),(105,'B IKAN 250GM','9556065235778',9,'0.00','5.00','0.00','4.70','SR','0.06','0.00','0.00',1,NULL,0,'2016-10-04 08:57:40',NULL,NULL),(106,'B DAGING 250GM','9556065022774',9,'0.00','5.00','0.00','4.70','SR','0.06','0.00','0.00',1,NULL,0,'2016-10-04 08:57:40',NULL,NULL),(107,'B IKAN 125GM','9556065000628',9,'0.00','5.00','0.00','2.60','SR','0.06','0.00','0.00',1,NULL,0,'2016-10-04 08:57:40',NULL,NULL),(108,'B JINTAN PUTIH 250GM','9556065000246',9,'0.00','5.00','0.00','5.20','SR','0.06','0.00','0.00',1,NULL,0,'2016-10-04 08:57:40',NULL,NULL),(109,'B KETUMBAR 250GM','9556065000116',9,'0.00','5.00','0.00','4.00','SR','0.06','0.00','0.00',1,NULL,0,'2016-10-04 08:57:40',NULL,NULL),(110,'B KETUMBAR 125GM','9556065000413',9,'0.00','5.00','0.00','2.30','SR','0.06','0.00','0.00',1,NULL,0,'2016-10-04 08:57:40',NULL,NULL),(111,'B GARAM MASALA 70GM','9556065000833',9,'0.00','5.00','0.00','3.70','SR','0.06','0.00','0.00',1,NULL,0,'2016-10-04 08:57:40',NULL,NULL),(112,'B CILI 125GM','9556065197809',9,'0.00','5.00','0.00','2.60','SR','0.06','0.00','0.00',1,NULL,0,'2016-10-04 08:57:40',NULL,NULL),(113,'B DAGING 125GM','9556065000611',9,'0.00','5.00','0.00','2.60','SR','0.06','0.00','0.00',1,NULL,0,'2016-10-04 08:57:40',NULL,NULL),(114,'B JINTAN PUTIH 70GM','9556065000123',9,'0.00','5.00','0.00','2.40','SR','0.06','0.00','0.00',1,NULL,0,'2016-10-04 08:57:40',NULL,NULL),(115,'D ALUMINIUM FOIL 5*45CM','6940524001357',1,'0.00','5.00','0.00','8.00','SR','0.06','0.00','0.00',1,NULL,0,'2016-10-04 08:57:40',NULL,NULL),(116,'KH OXI BLEACH LEMON 500ML','9556444301001',10,'0.00','5.00','0.00','2.80','SR','0.06','0.00','0.00',1,NULL,0,'2016-10-04 08:57:40',NULL,NULL),(117,'SOFTLAN FLORAL 1L','9556031075599',10,'0.00','5.00','0.00','6.00','SR','0.06','0.00','0.00',1,NULL,0,'2016-10-04 08:57:40',NULL,NULL),(118,'F A SERIES','6938216213973',10,'0.00','5.00','0.00','3.00','SR','0.06','0.00','0.00',1,NULL,0,'2016-10-04 08:57:40',NULL,NULL),(119,'UJALA SUPREME 75ML','9555114900025',10,'0.00','5.00','0.00','3.00','SR','0.06','0.00','0.00',1,NULL,0,'2016-10-04 08:57:40',NULL,NULL),(120,'CANDLES CROCODILE','6935005609320',10,'0.00','5.00','0.00','3.50','SR','0.06','0.00','0.00',1,NULL,0,'2016-10-04 08:57:40',NULL,NULL),(121,'TISSUE HELI 70GM','9555200200046',10,'0.00','5.00','0.00','1.50','SR','0.06','0.00','0.00',1,NULL,0,'2016-10-04 08:57:40',NULL,NULL),(122,'ARC SCOURING PAD *4','9555058800160',10,'0.00','5.00','0.00','2.00','SR','0.06','0.00','0.00',1,NULL,0,'2016-10-04 08:57:40',NULL,NULL),(123,'DOWNY INNOCENCE 370ML','4902430371025',10,'0.00','5.00','0.00','6.80','SR','0.06','0.00','0.00',1,NULL,0,'2016-10-04 08:57:40',NULL,NULL),(124,'KBM CROWN *10','9555630102347',10,'0.00','5.00','0.00','5.00','SR','0.06','0.00','0.00',1,NULL,0,'2016-10-04 08:57:40',NULL,NULL),(125,'SCOURING PAD*5','9556892006039',10,'0.00','5.00','0.00','1.50','SR','0.06','0.00','0.00',1,NULL,0,'2016-10-04 08:57:40',NULL,NULL),(126,'BAYGON C CONTROL 270ML','9555222602064',10,'0.00','5.00','0.00','8.50','SR','0.06','0.00','0.00',1,NULL,0,'2016-10-04 08:57:40',NULL,NULL),(127,'CLOTHES ROPE 10M','6958570609373',10,'0.00','5.00','0.00','5.00','SR','0.06','0.00','0.00',1,NULL,0,'2016-10-04 08:57:40',NULL,NULL),(128,'10#ROUND TRAY','9555189703408',10,'0.00','5.00','0.00','3.00','SR','0.06','0.00','0.00',1,NULL,0,'2016-10-04 08:57:40',NULL,NULL),(129,'JOOLY SOAP BOX','9555080403285',10,'0.00','5.00','0.00','2.00','SR','0.06','0.00','0.00',1,NULL,0,'2016-10-04 08:57:40',NULL,NULL),(130,'P MUSTARD OIL 400ML','8941131080047',1,'0.00','5.00','0.00','7.00','SR','0.06','0.00','0.00',1,NULL,0,'2016-10-04 08:57:40',NULL,NULL),(131,'P MUSTARD OIL 200ML','8941131080023',1,'0.00','5.00','0.00','3.50','SR','0.06','0.00','0.00',1,NULL,0,'2016-10-04 08:57:40',NULL,NULL),(132,'P MANGO PICKLE 400GM','8941131080276',11,'0.00','5.00','0.00','5.00','SR','0.06','0.00','0.00',1,NULL,0,'2016-10-04 08:57:40',NULL,NULL),(133,'WENYA SCISORS','6936434710526',10,'0.00','5.00','0.00','2.50','SR','0.06','0.00','0.00',1,NULL,0,'2016-10-04 08:57:40',NULL,NULL),(134,'LHT MOP','9555368105931',10,'0.00','5.00','0.00','10.00','SR','0.06','0.00','0.00',1,NULL,0,'2016-10-04 08:57:40',NULL,NULL),(135,'XIN FLOOR MOP','9555470400078',10,'0.00','5.00','0.00','12.00','SR','0.06','0.00','0.00',1,NULL,0,'2016-10-04 08:57:40',NULL,NULL),(136,'HANGER 999','9555511400067',10,'0.00','5.00','0.00','3.00','SR','0.06','0.00','0.00',1,NULL,0,'2016-10-04 08:57:40',NULL,NULL),(137,'LHT 917','9555368104897',10,'0.00','5.00','0.00','8.50','SR','0.06','0.00','0.00',1,NULL,0,'2016-10-04 08:57:40',NULL,NULL),(138,'LHT 238 SWEEP','6923568680061',10,'0.00','5.00','0.00','7.50','SR','0.06','0.00','0.00',1,NULL,0,'2016-10-04 08:57:40',NULL,NULL),(139,'PCK 606 SWEEP','9555148000562',10,'0.00','5.00','0.00','8.00','SR','0.06','0.00','0.00',1,NULL,0,'2016-10-04 08:57:40',NULL,NULL),(140,'PCK 2880 SWEEP','9555148000241',10,'0.00','5.00','0.00','8.00','SR','0.06','0.00','0.00',1,NULL,0,'2016-10-04 08:57:40',NULL,NULL),(141,'H ACTIVE GEL 500ML','8888071124007',10,'0.00','5.00','0.00','5.20','SR','0.06','0.00','0.00',1,NULL,0,'2016-10-04 08:57:40',NULL,NULL),(142,'K H LEMON BAR 150GM','9556444800405',12,'0.00','5.00','0.00','1.50','SR','0.06','0.00','0.00',1,NULL,0,'2016-10-04 08:57:40',NULL,NULL),(143,'K H LIME BAR 150GM','9556444800399',12,'0.00','5.00','0.00','1.50','SR','0.06','0.00','0.00',1,NULL,0,'2016-10-04 08:57:40',NULL,NULL),(144,'DEALY CLEAN LIME 400 GM','9555225001024',10,'0.00','5.00','0.00','4.50','SR','0.06','0.00','0.00',1,NULL,0,'2016-10-04 08:57:40',NULL,NULL),(145,'K H FLORA 150G','9556444800412',12,'0.00','5.00','0.00','1.50','SR','0.06','0.00','0.00',1,NULL,0,'2016-10-04 08:57:40',NULL,NULL),(146,'K H LEMON 4 KG','9556444301698',12,'0.00','5.00','0.00','16.50','SR','0.06','0.00','0.00',1,NULL,0,'2016-10-04 08:57:40',NULL,NULL),(147,'K H LEMON 2.5KG','9556444301209',12,'0.00','5.00','0.00','11.50','SR','0.06','0.00','0.00',1,NULL,0,'2016-10-04 08:57:40',NULL,NULL),(148,'K H COLOUR BAR 150GM','9556444800429',12,'0.00','5.00','0.00','1.50','SR','0.06','0.00','0.00',1,NULL,0,'2016-10-04 08:57:40',NULL,NULL),(149,'K H AROMA FLORA 2.5KG','9556444301735',12,'0.00','5.00','0.00','11.50','SR','0.06','0.00','0.00',1,NULL,0,'2016-10-04 08:57:40',NULL,NULL),(150,'K H AROMA FLORA 800GM','9556444301445',12,'0.00','5.00','0.00','4.50','SR','0.06','0.00','0.00',1,NULL,0,'2016-10-04 08:57:40',NULL,NULL),(151,'K H OXYGEN 800GM','9556444301728',12,'0.00','5.00','0.00','4.50','SR','0.06','0.00','0.00',1,NULL,0,'2016-10-04 08:57:40',NULL,NULL),(152,'NESCAFE ORIGINAL 3IN1 30STICKS','9556001219756',1,'0.00','5.00','0.00','14.00','SR','0.06','0.00','0.00',1,NULL,0,'2016-10-04 08:57:40',NULL,NULL),(153,'D ORIGINAL 4*110GM','9556111985022',13,'0.00','5.00','0.00','8.50','SR','0.06','0.00','0.00',1,NULL,0,'2016-10-04 08:57:40',NULL,NULL),(154,'CAMAY CHIC 125GM*3','4902430289078',13,'0.00','5.00','0.00','6.80','SR','0.06','0.00','0.00',1,NULL,0,'2016-10-04 08:57:40',NULL,NULL),(155,'LUX AQUA 3*85GM','8999999039530',13,'0.00','5.00','0.00','4.00','SR','0.06','0.00','0.00',1,NULL,0,'2016-10-04 08:57:40',NULL,NULL),(156,'PALMOLIVE N 3*80GM','8850006490907',13,'0.00','5.00','0.00','4.50','SR','0.06','0.00','0.00',1,NULL,0,'2016-10-04 08:57:40',NULL,NULL),(157,'LIFEBOY TOTAL 3*115GM','8999999030810',13,'0.00','5.00','0.00','7.50','SR','0.06','0.00','0.00',1,NULL,0,'2016-10-04 08:57:40',NULL,NULL),(158,'LUX WHITE 3*85GM','8999999039547',13,'0.00','5.00','0.00','4.00','SR','0.06','0.00','0.00',1,NULL,0,'2016-10-04 08:57:40',NULL,NULL),(159,'NIVIA I MOISTURE 400ML','4005808319725',13,'0.00','5.00','0.00','22.00','SR','0.06','0.00','0.00',1,NULL,0,'2016-10-04 08:57:40',NULL,NULL),(160,'NIVIA E HYDRATION 400ML','4005808319794',13,'0.00','5.00','0.00','22.00','SR','0.06','0.00','0.00',1,NULL,0,'2016-10-04 08:57:40',NULL,NULL),(161,'LIFEBOY COOL FRESH 300ML','8999999030209',13,'0.00','5.00','0.00','6.90','SR','0.06','0.00','0.00',1,NULL,0,'2016-10-04 08:57:40',NULL,NULL),(162,'KOOL SHAVING FOAM 200ML','8941100500583',13,'0.00','5.00','0.00','8.50','SR','0.06','0.00','0.00',1,NULL,0,'2016-10-04 08:57:40',NULL,NULL),(163,'SAFI ROS HIP 360ML','9555052712070',13,'0.00','5.00','0.00','0.00','SR','0.06','0.00','0.00',1,NULL,0,'2016-10-04 08:57:40',NULL,NULL),(164,'PANTENE D M REPAIR 340ML','4902430538626',13,'0.00','5.00','0.00','14.00','SR','0.06','0.00','0.00',1,NULL,0,'2016-10-04 08:57:40',NULL,NULL),(165,'C STRONG & SOFT 180 ML','8999999720889',13,'0.00','5.00','0.00','8.50','SR','0.06','0.00','0.00',1,NULL,0,'2016-10-04 08:57:40',NULL,NULL),(166,'SUNSILK N & SMOOTH 160ML','8851932300438',13,'0.00','5.00','0.00','8.50','SR','0.06','0.00','0.00',1,NULL,0,'2016-10-04 08:57:40',NULL,NULL),(167,'SUNSILK DAMAGE RECON 160ML','8851932289320',13,'0.00','5.00','0.00','8.50','SR','0.06','0.00','0.00',1,NULL,0,'2016-10-04 08:57:40',NULL,NULL),(168,'PARACHUTE 200ML','8901200000345',13,'0.00','5.00','0.00','7.00','SR','0.06','0.00','0.00',1,NULL,0,'2016-10-04 08:57:40',NULL,NULL),(169,'PARACHUTE 100ML','8901200003872',13,'0.00','5.00','0.00','4.00','SR','0.06','0.00','0.00',1,NULL,0,'2016-10-04 08:57:40',NULL,NULL),(170,'PANTENE ANTI DANDRUFF 170ML','4902430400947',13,'0.00','5.00','0.00','10.80','SR','0.06','0.00','0.00',1,NULL,0,'2016-10-04 08:57:40',NULL,NULL),(171,'HEAD & S SMOOTH & SLIKY 170ML','4902430396028',13,'0.00','5.00','0.00','13.00','SR','0.06','0.00','0.00',1,NULL,0,'2016-10-04 08:57:40',NULL,NULL),(172,'SUNSILK S B SHINE 160ML','8851932300445',13,'0.00','5.00','0.00','8.50','SR','0.06','0.00','0.00',1,NULL,0,'2016-10-04 08:57:40',NULL,NULL),(173,'SUNSILK A SOLUTION 160ML','8851932299855',13,'0.00','5.00','0.00','8.50','SR','0.06','0.00','0.00',1,NULL,0,'2016-10-04 08:57:40',NULL,NULL),(174,'SUNSILK H F SOLUTION 320ML','8851932299787',13,'0.00','5.00','0.00','13.50','SR','0.06','0.00','0.00',1,NULL,0,'2016-10-04 08:57:40',NULL,NULL),(175,'DOVE N SOLUTION 175ML','8851932231084',13,'0.00','5.00','0.00','12.00','SR','0.06','0.00','0.00',1,NULL,0,'2016-10-04 08:57:40',NULL,NULL),(176,'SUNSILK S & MANAGEABLE 320ML','8851932300391',13,'0.00','5.00','0.00','13.50','SR','0.06','0.00','0.00',1,NULL,0,'2016-10-04 08:57:40',NULL,NULL),(177,'REJOICE 2 IN 1 400ML','6922932311280',13,'0.00','5.00','0.00','9.00','SR','0.06','0.00','0.00',1,NULL,0,'2016-10-04 08:57:40',NULL,NULL),(178,'REJOICE A FRIZZ 170ML','4902430429368',13,'0.00','5.00','0.00','8.50','SR','0.06','0.00','0.00',1,NULL,0,'2016-10-04 08:57:40',NULL,NULL),(179,'HEAD & S DRY S CARE 180ML','4902430397100',13,'0.00','5.00','0.00','13.00','SR','0.06','0.00','0.00',1,NULL,0,'2016-10-04 08:57:40',NULL,NULL),(180,'ENCHANTEUR M SILK 500ML','8888202045898',13,'0.00','5.00','0.00','15.00','SR','0.06','0.00','0.00',1,NULL,0,'2016-10-04 08:57:40',NULL,NULL),(181,'ENCHANTEUR CHARMING 250ML','8888202045713',13,'0.00','5.00','0.00','8.00','SR','0.06','0.00','0.00',1,NULL,0,'2016-10-04 08:57:40',NULL,NULL),(182,'LIFEBOY COOLFRESH 100ML','8999999001216',13,'0.00','5.00','0.00','4.90','SR','0.06','0.00','0.00',1,NULL,0,'2016-10-04 08:57:40',NULL,NULL),(183,'LIFEBOY NATUREPURE 100ML','8999999001223',13,'0.00','5.00','0.00','4.90','SR','0.06','0.00','0.00',1,NULL,0,'2016-10-04 08:57:40',NULL,NULL),(184,'HEAD & S ANTI B80ML','4902430289023',13,'0.00','5.00','0.00','4.00','SR','0.06','0.00','0.00',1,NULL,0,'2016-10-04 08:57:40',NULL,NULL),(185,'SUNSILK A SOLUTION 70ML','8851932299886',13,'0.00','5.00','0.00','4.50','SR','0.06','0.00','0.00',1,NULL,0,'2016-10-04 08:57:40',NULL,NULL),(186,'REJOICE RICH 70ML','4902430429405',13,'0.00','5.00','0.00','4.00','SR','0.06','0.00','0.00',1,NULL,0,'2016-10-04 08:57:40',NULL,NULL),(187,'PANTENE S & LIFE 70ML','4902430451475',13,'0.00','5.00','0.00','5.00','SR','0.06','0.00','0.00',1,NULL,0,'2016-10-04 08:57:40',NULL,NULL),(188,'FAIR & HANFSOME 30GM','8901248253109',13,'0.00','5.00','0.00','7.00','SR','0.06','0.00','0.00',1,NULL,0,'2016-10-04 08:57:40',NULL,NULL),(189,'REXONA MEN V8 40GM','4800888147929',13,'0.00','5.00','0.00','6.00','SR','0.06','0.00','0.00',1,NULL,0,'2016-10-04 08:57:40',NULL,NULL),(190,'REXONA MEN AD 40GM','4800888158499',13,'0.00','5.00','0.00','6.00','SR','0.06','0.00','0.00',1,NULL,0,'2016-10-04 08:57:40',NULL,NULL),(191,'REXONA W CRYSTAL 80GM','4800888167910',13,'0.00','5.00','0.00','6.00','SR','0.06','0.00','0.00',1,NULL,0,'2016-10-04 08:57:40',NULL,NULL),(192,'REXONA W WHITENING 80GM','4800888165435',13,'0.00','5.00','0.00','6.00','SR','0.06','0.00','0.00',1,NULL,0,'2016-10-04 08:57:40',NULL,NULL),(193,'BIO CLEAN GEL','9555303808316',13,'0.00','5.00','0.00','6.00','SR','0.06','0.00','0.00',1,NULL,0,'2016-10-04 08:57:40',NULL,NULL),(194,'FLORA GEL 260ML','6932500400667',13,'0.00','5.00','0.00','5.50','SR','0.06','0.00','0.00',1,NULL,0,'2016-10-04 08:57:40',NULL,NULL),(195,'S HD 10 BLUE','4902870729134',13,'0.00','5.00','0.00','6.00','SR','0.06','0.00','0.00',1,NULL,0,'2016-10-04 08:57:40',NULL,NULL),(196,'TOOTHPICK','6935438500102',13,'0.00','5.00','0.00','2.50','SR','0.06','0.00','0.00',1,NULL,0,'2016-10-04 08:57:40',NULL,NULL),(197,'ELITE STAPLER','9557109008334',10,'0.00','5.00','0.00','5.00','SR','0.06','0.00','0.00',1,NULL,0,'2016-10-04 08:57:40',NULL,NULL),(198,'FAVFRGE 100ML','70890300',13,'0.00','5.00','0.00','9.50','SR','0.06','0.00','0.00',1,NULL,0,'2016-10-04 08:57:40',NULL,NULL),(199,'SEORET','6922691416684',13,'0.00','5.00','0.00','12.00','SR','0.06','0.00','0.00',1,NULL,0,'2016-10-04 08:57:40',NULL,NULL),(200,'RED ROSE','6948330580967',13,'0.00','5.00','0.00','15.00','SR','0.06','0.00','0.00',1,NULL,0,'2016-10-04 08:57:40',NULL,NULL),(201,'COOL','6932646811440',13,'0.00','5.00','0.00','10.00','SR','0.06','0.00','0.00',1,NULL,0,'2016-10-04 08:57:40',NULL,NULL),(202,'POCO SPORT','70560400',13,'0.00','5.00','0.00','11.50','SR','0.06','0.00','0.00',1,NULL,0,'2016-10-04 08:57:40',NULL,NULL),(203,'REDDOOR','6936832890738',13,'0.00','5.00','0.00','12.00','SR','0.06','0.00','0.00',1,NULL,0,'2016-10-04 08:57:40',NULL,NULL),(204,'INSTRUCTION','70460400',13,'0.00','5.00','0.00','11.00','SR','0.06','0.00','0.00',1,NULL,0,'2016-10-04 08:57:40',NULL,NULL),(205,'BOOS','6955872581048',13,'0.00','5.00','0.00','9.00','SR','0.06','0.00','0.00',1,NULL,0,'2016-10-04 08:57:40',NULL,NULL),(206,'ONE MAN O','6946730836202',13,'0.00','5.00','0.00','9.50','SR','0.06','0.00','0.00',1,NULL,0,'2016-10-04 08:57:40',NULL,NULL),(207,'ANGELO','6927691580434',13,'0.00','5.00','0.00','12.00','SR','0.06','0.00','0.00',1,NULL,0,'2016-10-04 08:57:40',NULL,NULL),(208,'MAJIK P','8941100500033',13,'0.00','5.00','0.00','4.00','SR','0.06','0.00','0.00',1,NULL,0,'2016-10-04 08:57:40',NULL,NULL),(209,'ANGELO D','70690100',13,'0.00','5.00','0.00','12.00','SR','0.06','0.00','0.00',1,NULL,0,'2016-10-04 08:57:40',NULL,NULL),(210,'GK','6955872580362',13,'0.00','5.00','0.00','11.00','SR','0.06','0.00','0.00',1,NULL,0,'2016-10-04 08:57:40',NULL,NULL),(211,'N ONE','70550600',13,'0.00','5.00','0.00','9.50','SR','0.06','0.00','0.00',1,NULL,0,'2016-10-04 08:57:40',NULL,NULL),(212,'BOOS 2','6936832890158',13,'0.00','5.00','0.00','9.50','SR','0.06','0.00','0.00',1,NULL,0,'2016-10-04 08:57:40',NULL,NULL),(213,'BOOS C','6948330706138',13,'0.00','5.00','0.00','9.00','SR','0.06','0.00','0.00',1,NULL,0,'2016-10-04 08:57:40',NULL,NULL),(214,'S M SPRAY 600ML','9556111175270',10,'0.00','5.00','0.00','11.50','SR','0.06','0.00','0.00',1,NULL,0,'2016-10-04 08:57:40',NULL,NULL),(215,'RIDSECT ADV 600ML','9555222607311',10,'0.00','5.00','0.00','12.50','SR','0.06','0.00','0.00',1,NULL,0,'2016-10-04 08:57:40',NULL,NULL),(216,'PETER STUYVESANT','9556109105715',4,'0.00','5.00','0.00','15.50','SR','0.06','0.00','0.00',1,NULL,0,'2016-10-04 08:57:40',NULL,NULL),(217,'KENT RED','9556109102462',4,'0.00','5.00','0.00','17.00','SR','0.06','0.00','0.00',1,NULL,0,'2016-10-04 08:57:40',NULL,NULL),(218,'BLEU 600ML','9556404101603',1,'0.00','5.00','0.00','1.20','SR','0.06','0.00','0.00',1,NULL,0,'2016-10-04 08:57:40',NULL,NULL),(219,'MAG_A_CONE VANILA','9556040973855',14,'0.00','5.00','0.00','2.30','SR','0.06','0.00','0.00',1,NULL,0,'2016-10-04 08:57:40',NULL,NULL),(220,'BITES COOKIE MONSTER','9556757400330',14,'0.00','5.00','0.00','2.10','SR','0.06','0.00','0.00',1,NULL,0,'2016-10-04 08:57:40',NULL,NULL),(221,'CRAVIO CHOCO NUT','9556040921788',14,'0.00','5.00','0.00','1.30','SR','0.06','0.00','0.00',1,NULL,0,'2016-10-04 08:57:40',NULL,NULL),(222,'POTONG RED BEAN KACANG MERAH','9556757400033',14,'0.00','5.00','0.00','1.30','SR','0.06','0.00','0.00',1,NULL,0,'2016-10-04 08:57:40',NULL,NULL),(223,'TROPICAL SLING JOLLY','9556040490338',14,'0.00','5.00','0.00','1.30','SR','0.06','0.00','0.00',1,NULL,0,'2016-10-04 08:57:40',NULL,NULL),(224,'GOTCHA COLOUR PENCIL','8888200602970',14,'0.00','5.00','0.00','0.60','SR','0.06','0.00','0.00',1,NULL,0,'2016-10-04 08:57:40',NULL,NULL),(225,'GOTCHA FRUITO','8852047510415',14,'0.00','5.00','0.00','1.10','SR','0.06','0.00','0.00',1,NULL,0,'2016-10-04 08:57:40',NULL,NULL),(226,'NEAPOLITAN BAR','9556757400316',14,'0.00','5.00','0.00','1.70','SR','0.06','0.00','0.00',1,NULL,0,'2016-10-04 08:57:40',NULL,NULL),(227,'WAFER ICE CREAM SANDUICH','9556757302023',14,'0.00','5.00','0.00','1.00','SR','0.06','0.00','0.00',1,NULL,0,'2016-10-04 08:57:40',NULL,NULL),(228,'MAGIC CUP','9556757306021',14,'0.00','5.00','0.00','2.00','SR','0.06','0.00','0.00',1,NULL,0,'2016-10-04 08:57:40',NULL,NULL),(229,'GOTCHA ZOO CUP','8888200603793',14,'0.00','5.00','0.00','1.10','SR','0.06','0.00','0.00',1,NULL,0,'2016-10-04 08:57:40',NULL,NULL),(230,'NEAPOLITAN CUP','8888200603724',14,'0.00','5.00','0.00','1.60','SR','0.06','0.00','0.00',1,NULL,0,'2016-10-04 08:57:40',NULL,NULL),(231,'KING JAGUAR FLASHLIGHT','6936554222336',15,'0.00','5.00','0.00','125.00','SR','0.06','0.00','0.00',1,NULL,0,'2016-10-04 08:57:40',NULL,NULL),(232,'DARLIE EASY CLEAN','4891338005814',13,'0.00','5.00','0.00','4.00','SR','0.06','0.00','0.00',1,NULL,0,'2016-10-04 08:57:40',NULL,NULL),(233,'COLGATE','6903388620003',13,'0.00','5.00','0.00','4.00','SR','0.06','0.00','0.00',1,NULL,0,'2016-10-04 08:57:40',NULL,NULL),(234,'ORAL_B SHINY CLEAN','3014260786847',13,'0.00','5.00','0.00','3.50','SR','0.06','0.00','0.00',1,NULL,0,'2016-10-04 08:57:40',NULL,NULL),(235,'MINT DARLIE DOUBLE ACTION 175G','4891338000079',13,'0.00','5.00','0.00','9.00','SR','0.06','0.00','0.00',1,NULL,0,'2016-10-04 08:57:40',NULL,NULL),(236,'CLOSEUP DEEP ACTION 160G','8999999707859',13,'0.00','5.00','0.00','6.00','SR','0.06','0.00','0.00',1,NULL,0,'2016-10-04 08:57:40',NULL,NULL),(237,'COLGATE M C PROTECTION 175GM','9556031159503',13,'0.00','5.00','0.00','9.00','SR','0.06','0.00','0.00',1,NULL,0,'2016-10-04 08:57:40',NULL,NULL),(238,'COLGATE F C MINT 75GM','9556031159473',13,'0.00','5.00','0.00','4.50','SR','0.06','0.00','0.00',1,NULL,0,'2016-10-04 08:57:40',NULL,NULL),(239,'COLGATE G R FLAVOR 75GM','9556031159466',13,'0.00','5.00','0.00','5.00','SR','0.06','0.00','0.00',1,NULL,0,'2016-10-04 08:57:40',NULL,NULL),(240,'PEPSODENT 190G','8999999706180',13,'0.00','5.00','0.00','6.50','SR','0.06','0.00','0.00',1,NULL,0,'2016-10-04 08:57:40',NULL,NULL),(241,'P HERBAL 120GM','8999999710873',13,'0.00','5.00','0.00','4.50','SR','0.06','0.00','0.00',1,NULL,0,'2016-10-04 08:57:40',NULL,NULL),(242,'D D ACTION 50GM','4891338000109',13,'0.00','5.00','0.00','4.00','SR','0.06','0.00','0.00',1,NULL,0,'2016-10-04 08:57:40',NULL,NULL),(243,'CLOSEUP DEEP ACTION 65G','8999999707835',13,'0.00','5.00','0.00','4.00','SR','0.06','0.00','0.00',1,NULL,0,'2016-10-04 08:57:40',NULL,NULL),(244,'S CREAM 60GM','813903000264',13,'0.00','5.00','0.00','6.50','SR','0.06','0.00','0.00',1,NULL,0,'2016-10-04 08:57:40',NULL,NULL),(245,'KOOL SHAVING CREAM 50GM','8941100500439',13,'0.00','5.00','0.00','4.00','SR','0.06','0.00','0.00',1,NULL,0,'2016-10-04 08:57:40',NULL,NULL),(246,'NAVARATNA OIL 200ML','8901248104128',13,'0.00','5.00','0.00','11.00','SR','0.06','0.00','0.00',1,NULL,0,'2016-10-04 08:57:40',NULL,NULL),(247,'M & S C MILK 200ML','9556093012013',16,'0.00','5.00','0.00','2.90','SR','0.06','0.00','0.00',1,NULL,0,'2016-10-04 08:57:40',NULL,NULL),(248,'RASA ENAK 50G','9555111701014',16,'0.00','5.00','0.00','1.70','SR','0.06','0.00','0.00',1,NULL,0,'2016-10-04 08:57:40',NULL,NULL),(249,'GELIGA 20G','8993176812022',13,'0.00','5.00','0.00','5.00','SR','0.06','0.00','0.00',1,NULL,0,'2016-10-04 08:57:40',NULL,NULL),(250,'DETTOL A CAIR 100ML','8993560022020',13,'0.00','5.00','0.00','7.50','SR','0.06','0.00','0.00',1,NULL,0,'2016-10-04 08:57:40',NULL,NULL),(251,'DETTOL A CAIR 50ML','8993560022006',13,'0.00','5.00','0.00','4.50','SR','0.06','0.00','0.00',1,NULL,0,'2016-10-04 08:57:40',NULL,NULL),(252,'PETANI 60ML','9555217408022',13,'0.00','5.00','0.00','6.00','SR','0.06','0.00','0.00',1,NULL,0,'2016-10-04 08:57:40',NULL,NULL),(253,'J P CARD','9555076003536',1,'0.00','5.00','0.00','2.00','SR','0.06','0.00','0.00',1,NULL,0,'2016-10-04 08:57:40',NULL,NULL),(254,'C M ORIGINAL 85GM','9556068724811',17,'0.00','5.00','0.00','2.70','SR','0.06','0.00','0.00',1,NULL,0,'2016-10-04 08:57:40',NULL,NULL),(255,'C M HAZELNUTS 85GM','9556068724910',17,'0.00','5.00','0.00','2.70','SR','0.06','0.00','0.00',1,NULL,0,'2016-10-04 08:57:40',NULL,NULL),(256,'C M D CHOC 85GM','9556068598146',17,'0.00','5.00','0.00','2.70','SR','0.06','0.00','0.00',1,NULL,0,'2016-10-04 08:57:40',NULL,NULL),(257,'C M ORIGINAL 40GM','9556068705681',17,'0.00','5.00','0.00','1.30','SR','0.06','0.00','0.00',1,NULL,0,'2016-10-04 08:57:40',NULL,NULL),(258,'TIGER B CHOC 66G','7622210025616',17,'0.00','5.00','0.00','1.20','SR','0.06','0.00','0.00',1,NULL,0,'2016-10-04 08:57:40',NULL,NULL),(259,'TIGER BISKUAT 75G','9556068673447',17,'0.00','5.00','0.00','1.80','SR','0.06','0.00','0.00',1,NULL,0,'2016-10-04 08:57:40',NULL,NULL),(260,'TIGER BISKUAT 66G','7622210025999',17,'0.00','5.00','0.00','1.20','SR','0.06','0.00','0.00',1,NULL,0,'2016-10-04 08:57:40',NULL,NULL),(261,'TIGER CREAM CHOCOLATE 175G','9556068013137',17,'0.00','5.00','0.00','4.00','SR','0.06','0.00','0.00',1,NULL,0,'2016-10-04 08:57:40',NULL,NULL),(262,'TIGER BISKUAT SUSU 175G','9556068673478',17,'0.00','5.00','0.00','3.50','SR','0.06','0.00','0.00',1,NULL,0,'2016-10-04 08:57:40',NULL,NULL),(263,'OREO C V CREAM 137G','8992760221028',17,'0.00','5.00','0.00','3.70','SR','0.06','0.00','0.00',1,NULL,0,'2016-10-04 08:57:40',NULL,NULL),(264,'TIGER BISKUAT CHOC 198G','7622210026040',17,'0.00','5.00','0.00','3.50','SR','0.06','0.00','0.00',1,NULL,0,'2016-10-04 08:57:40',NULL,NULL),(265,'TIGER BISKUAT 198G','7622210026026',17,'0.00','5.00','0.00','3.50','SR','0.06','0.00','0.00',1,NULL,0,'2016-10-04 08:57:40',NULL,NULL),(266,'TIGER MARIE BISCUITS 320G','9556068673126',17,'0.00','5.00','0.00','4.50','SR','0.06','0.00','0.00',1,NULL,0,'2016-10-04 08:57:40',NULL,NULL),(267,'TIGER CREAM CRACKERS 378G','9556068671122',17,'0.00','5.00','0.00','4.50','SR','0.06','0.00','0.00',1,NULL,0,'2016-10-04 08:57:40',NULL,NULL),(268,'NIPS NIPS CHOCOLATE COATED PEANUT 90G','9556196001617',18,'0.00','5.00','0.00','3.00','SR','0.06','0.00','0.00',1,NULL,0,'2016-10-04 08:57:40',NULL,NULL),(269,'DAIRY MILK CHOCOLATE 40G','9556182104001',18,'0.00','5.00','0.00','2.60','SR','0.06','0.00','0.00',1,NULL,0,'2016-10-04 08:57:40',NULL,NULL),(270,'DAIRY MILK ROAST ALMOND 40G','9556182104018',18,'0.00','5.00','0.00','2.60','SR','0.06','0.00','0.00',1,NULL,0,'2016-10-04 08:57:40',NULL,NULL),(271,'NIPS CHOCOLATE COATED PEANUTS & RAISINS 90G','9556196006308',18,'0.00','5.00','0.00','2.50','SR','0.06','0.00','0.00',1,NULL,0,'2016-10-04 08:57:40',NULL,NULL),(272,'DAIRY MILK HAZELNUT 40G','9556182104025',18,'0.00','5.00','0.00','2.60','SR','0.06','0.00','0.00',1,NULL,0,'2016-10-04 08:57:40',NULL,NULL),(273,'APOLLO MILK WAFER CREAM 12PCS','726165673049',18,'0.00','5.00','0.00','3.50','SR','0.06','0.00','0.00',1,NULL,0,'2016-10-04 08:57:40',NULL,NULL),(274,'ORANGE CREAM BISCUIT','831730006815',17,'0.00','5.00','0.00','1.40','SR','0.06','0.00','0.00',1,NULL,0,'2016-10-04 08:57:40',NULL,NULL),(275,'FIT CRAKERS','846656004890',17,'0.00','5.00','0.00','1.30','SR','0.06','0.00','0.00',1,NULL,0,'2016-10-04 08:57:40',NULL,NULL),(276,'STICK BISCUIT','846656008591',17,'0.00','5.00','0.00','1.50','SR','0.06','0.00','0.00',1,NULL,0,'2016-10-04 08:57:40',NULL,NULL),(277,'ENERGY BISCUIT','831730006655',17,'0.00','5.00','0.00','1.00','SR','0.06','0.00','0.00',1,NULL,0,'2016-10-04 08:57:40',NULL,NULL),(278,'PINEAPPLE BISCUIT','831730006709',17,'0.00','5.00','0.00','1.50','SR','0.06','0.00','0.00',1,NULL,0,'2016-10-04 08:57:40',NULL,NULL),(279,'ORANGE TEA BREAK BISCUIT','831730006716',17,'0.00','5.00','0.00','4.00','SR','0.06','0.00','0.00',1,NULL,0,'2016-10-04 08:57:40',NULL,NULL),(280,'BUTTER SUGAR TOAST','8941117000861',17,'0.00','5.00','0.00','4.00','SR','0.06','0.00','0.00',1,NULL,0,'2016-10-04 08:57:40',NULL,NULL),(281,'BABY TOAST','8951713013875',17,'0.00','5.00','0.00','3.50','SR','0.06','0.00','0.00',1,NULL,0,'2016-10-04 08:57:40',NULL,NULL),(282,'MANGO CREAM BISCUIT','846656003534',17,'0.00','5.00','0.00','3.50','SR','0.06','0.00','0.00',1,NULL,0,'2016-10-04 08:57:40',NULL,NULL),(283,'CRISBI CHOCOLATE BISCUIT','4713705050312',17,'0.00','5.00','0.00','3.50','SR','0.06','0.00','0.00',1,NULL,0,'2016-10-04 08:57:40',NULL,NULL),(284,'SPECIAL TOAST','831730006907',17,'0.00','5.00','0.00','4.00','SR','0.06','0.00','0.00',1,NULL,0,'2016-10-04 08:57:40',NULL,NULL),(285,'SWEET TOAST','831730007256',17,'0.00','5.00','0.00','4.50','SR','0.06','0.00','0.00',1,NULL,0,'2016-10-04 08:57:40',NULL,NULL),(286,'DIGI 10.60','9555055200147',19,'0.00','5.00','0.00','10.60','SR','0.06','0.00','0.00',1,NULL,0,'2016-10-04 08:57:40',NULL,NULL),(287,'CELCOM','9555055200291',19,'0.00','5.00','0.00','10.60','SR','0.06','0.00','0.00',1,NULL,0,'2016-10-04 08:57:40',NULL,NULL),(288,'DIGI','9555055200086',19,'0.00','5.00','0.00','5.30','SR','0.06','0.00','0.00',1,NULL,0,'2016-10-04 08:57:40',NULL,NULL),(289,'L&M RED','95509778',4,'0.00','5.00','0.00','15.50','SR','0.06','0.00','0.00',1,NULL,0,'2016-10-04 08:57:40',NULL,NULL),(290,'MARLBORO ADVANCE','76164248',4,'0.00','5.00','0.00','17.00','SR','0.06','0.00','0.00',1,NULL,0,'2016-10-04 08:57:40',NULL,NULL),(291,'MARLBORO ICE','95509839',4,'0.00','5.00','0.00','17.00','SR','0.06','0.00','0.00',1,NULL,0,'2016-10-04 08:57:40',NULL,NULL),(292,'MAXIS','9555055200475',19,'0.00','5.00','0.00','5.30','SR','0.06','0.00','0.00',1,NULL,0,'2016-10-04 08:57:40',NULL,NULL),(293,'MAXIS','9555055200437',19,'0.00','5.00','0.00','10.60','SR','0.06','0.00','0.00',1,NULL,0,'2016-10-04 08:57:40',NULL,NULL),(294,'UMOBILE','9555055204459',19,'0.00','5.00','0.00','10.60','SR','0.06','0.00','0.00',1,NULL,0,'2016-10-04 08:57:40',NULL,NULL),(295,'CENCARU',NULL,3,'0.00','5.00','0.00','8.50','SR','0.06','0.00','0.00',1,NULL,0,'2016-10-04 08:57:40',NULL,NULL),(296,'AYAM SEGAR',NULL,3,'0.00','5.00','0.00','11.00','SR','0.06','0.00','0.00',1,NULL,0,'2016-10-04 08:57:40',NULL,NULL),(297,'TOMATO',NULL,20,'0.00','5.00','0.00','4.50','SR','0.06','0.00','0.00',1,NULL,0,'2016-10-04 08:57:40',NULL,NULL),(298,'KELI',NULL,3,'0.00','5.00','0.00','6.50','SR','0.06','0.00','0.00',1,NULL,0,'2016-10-04 08:57:40',NULL,NULL),(299,'KERANG',NULL,3,'0.00','5.00','0.00','3.50','SR','0.06','0.00','0.00',1,NULL,0,'2016-10-04 08:57:40',NULL,NULL),(300,'STG BESAR',NULL,3,'0.00','5.00','0.00','20.00','SR','0.06','0.00','0.00',1,NULL,0,'2016-10-04 08:57:40',NULL,NULL),(301,'AYAM PUTIH',NULL,1,'0.00','5.00','0.00','7.50','SR','0.06','0.00','0.00',1,NULL,0,'2016-10-04 08:57:40',NULL,NULL),(302,'AYAM TUA',NULL,3,'0.00','5.00','0.00','8.00','SR','0.06','0.00','0.00',1,NULL,0,'2016-10-04 08:57:40',NULL,NULL),(303,'PERUT',NULL,3,'0.00','5.00','0.00','12.00','SR','0.06','0.00','0.00',1,NULL,0,'2016-10-04 08:57:40',NULL,NULL),(304,'PARU',NULL,3,'0.00','5.00','0.00','22.00','SR','0.06','0.00','0.00',1,NULL,0,'2016-10-04 08:57:40',NULL,NULL),(305,'JELAWAT',NULL,3,'0.00','5.00','0.00','12.00','SR','0.06','0.00','0.00',1,NULL,0,'2016-10-04 08:57:40',NULL,NULL),(306,'KBG BESAR',NULL,3,'0.00','5.00','0.00','14.50','SR','0.06','0.00','0.00',1,NULL,0,'2016-10-04 08:57:40',NULL,NULL),(307,'DURI',NULL,3,'0.00','5.00','0.00','6.80','SR','0.06','0.00','0.00',1,NULL,0,'2016-10-04 08:57:40',NULL,NULL),(308,'KERISI',NULL,3,'0.00','5.00','0.00','8.00','SR','0.06','0.00','0.00',1,NULL,0,'2016-10-04 08:57:40',NULL,NULL),(309,'RUHO',NULL,3,'0.00','5.00','0.00','8.00','SR','0.06','0.00','0.00',1,NULL,0,'2016-10-04 08:57:40',NULL,NULL),(310,'GELAMA',NULL,3,'0.00','5.00','0.00','9.00','SR','0.06','0.00','0.00',1,NULL,0,'2016-10-04 08:57:40',NULL,NULL),(311,'T MERAH',NULL,3,'0.00','5.00','0.00','12.00','SR','0.06','0.00','0.00',1,NULL,0,'2016-10-04 08:57:40',NULL,NULL),(312,'T HITAM',NULL,3,'0.00','5.00','0.00','7.00','SR','0.06','0.00','0.00',1,NULL,0,'2016-10-04 08:57:40',NULL,NULL),(313,'PACU',NULL,3,'0.00','5.00','0.00','8.00','SR','0.06','0.00','0.00',1,NULL,0,'2016-10-04 08:57:40',NULL,NULL),(314,'SELAR BESAR',NULL,3,'0.00','5.00','0.00','11.00','SR','0.06','0.00','0.00',1,NULL,0,'2016-10-04 08:57:40',NULL,NULL),(315,'IKAN SUSU',NULL,3,'0.00','5.00','0.00','12.00','SR','0.06','0.00','0.00',1,NULL,0,'2016-10-04 08:57:40',NULL,NULL),(316,'SARDIN',NULL,3,'0.00','5.00','0.00','10.50','SR','0.06','0.00','0.00',1,NULL,0,'2016-10-04 08:57:40',NULL,NULL),(317,'SIAKAP',NULL,3,'0.00','5.00','0.00','14.50','SR','0.06','0.00','0.00',1,NULL,0,'2016-10-04 08:57:40',NULL,NULL),(318,'BELADA',NULL,3,'0.00','5.00','0.00','12.00','SR','0.06','0.00','0.00',1,NULL,0,'2016-10-04 08:57:40',NULL,NULL),(319,'RTGGRI AIS',NULL,3,'0.00','5.00','0.00','17.00','SR','0.06','0.00','0.00',1,NULL,0,'2016-10-04 08:57:40',NULL,NULL),(320,'BAWAL AIS',NULL,3,'0.00','5.00','0.00','14.80','SR','0.06','0.00','0.00',1,NULL,0,'2016-10-04 08:57:40',NULL,NULL),(321,'JENAHAK',NULL,3,'0.00','5.00','0.00','22.50','SR','0.06','0.00','0.00',1,NULL,0,'2016-10-04 08:57:40',NULL,NULL),(322,'SEPAT MASIN',NULL,3,'0.00','5.00','0.00','19.00','SR','0.06','0.00','0.00',1,NULL,0,'2016-10-04 08:57:40',NULL,NULL),(323,'DURI MASIN',NULL,3,'0.00','5.00','0.00','13.00','SR','0.06','0.00','0.00',1,NULL,0,'2016-10-04 08:57:40',NULL,NULL),(324,'B FROZEN',NULL,3,'0.00','5.00','0.00','16.50','SR','0.06','0.00','0.00',1,NULL,0,'2016-10-04 08:57:40',NULL,NULL),(325,'KERAPU',NULL,3,'0.00','5.00','0.00','16.50','SR','0.06','0.00','0.00',1,NULL,0,'2016-10-04 08:57:40',NULL,NULL),(326,'KETAM',NULL,3,'0.00','5.00','0.00','22.00','SR','0.06','0.00','0.00',1,NULL,0,'2016-10-04 08:57:40',NULL,NULL),(327,'UDG GALA',NULL,3,'0.00','5.00','0.00','30.00','SR','0.06','0.00','0.00',1,NULL,0,'2016-10-04 08:57:40',NULL,NULL),(328,'K FROZEN',NULL,3,'0.00','5.00','0.00','19.00','SR','0.06','0.00','0.00',1,NULL,0,'2016-10-04 08:57:40',NULL,NULL),(329,'STH KG PUTIH',NULL,3,'0.00','5.00','0.00','17.50','SR','0.06','0.00','0.00',1,NULL,0,'2016-10-04 08:57:40',NULL,NULL),(330,'UBI KAYU',NULL,3,'0.00','5.00','0.00','2.60','SR','0.06','0.00','0.00',1,NULL,0,'2016-10-04 08:57:40',NULL,NULL),(331,'SARDIN AIS',NULL,3,'0.00','5.00','0.00','6.80','SR','0.06','0.00','0.00',1,NULL,0,'2016-10-04 08:57:40',NULL,NULL),(332,'TONKOL AIS',NULL,3,'0.00','5.00','0.00','7.80','SR','0.06','0.00','0.00',1,NULL,0,'2016-10-04 08:57:40',NULL,NULL),(333,'TONGSAN',NULL,3,'0.00','5.00','0.00','8.00','SR','0.06','0.00','0.00',1,NULL,0,'2016-10-04 08:57:40',NULL,NULL),(334,'TKL PUTIH',NULL,3,'0.00','5.00','0.00','10.00','SR','0.06','0.00','0.00',1,NULL,0,'2016-10-04 08:57:40',NULL,NULL),(335,'IKAN POYU',NULL,3,'0.00','5.00','0.00','18.00','SR','0.06','0.00','0.00',1,NULL,0,'2016-10-04 08:57:40',NULL,NULL),(336,'BATA',NULL,3,'0.00','5.00','0.00','9.50','SR','0.06','0.00','0.00',1,NULL,0,'2016-10-04 08:57:40',NULL,NULL),(337,'AIR MAS',NULL,3,'0.00','5.00','0.00','15.00','SR','0.06','0.00','0.00',1,NULL,0,'2016-10-04 08:57:40',NULL,NULL),(338,'UDANG BESAR',NULL,3,'0.00','5.00','0.00','25.00','SR','0.06','0.00','0.00',1,NULL,0,'2016-10-04 08:57:40',NULL,NULL),(339,'UDANG PUTIH',NULL,3,'0.00','5.00','0.00','22.00','SR','0.06','0.00','0.00',1,NULL,0,'2016-10-04 08:57:40',NULL,NULL),(340,'DAGING FRESH',NULL,3,'0.00','5.00','0.00','22.00','SR','0.06','0.00','0.00',1,NULL,0,'2016-10-04 08:57:40',NULL,NULL),(341,'LEKO',NULL,20,'0.00','5.00','0.00','13.00','SR','0.06','0.00','0.00',1,NULL,0,'2016-10-04 08:57:40',NULL,NULL),(342,'BAYAM MERAH',NULL,3,'0.00','5.00','0.00','4.00','SR','0.06','0.00','0.00',1,NULL,0,'2016-10-04 08:57:40',NULL,NULL),(343,'BENDI',NULL,3,'0.00','5.00','0.00','6.00','SR','0.06','0.00','0.00',1,NULL,0,'2016-10-04 08:57:40',NULL,NULL),(344,'BTG SUP',NULL,3,'0.00','5.00','0.00','10.00','SR','0.06','0.00','0.00',1,NULL,0,'2016-10-04 08:57:40',NULL,NULL),(345,'BUNCIS',NULL,20,'0.00','5.00','0.00','8.00','SR','0.06','0.00','0.00',1,NULL,0,'2016-10-04 08:57:40',NULL,NULL),(346,'CARROT',NULL,3,'0.00','5.00','0.00','5.00','SR','0.06','0.00','0.00',1,NULL,0,'2016-10-04 08:57:40',NULL,NULL),(347,'C API KG',NULL,3,'0.00','5.00','0.00','15.50','SR','0.06','0.00','0.00',1,NULL,0,'2016-10-04 08:57:40',NULL,NULL),(348,'CILI MERAH',NULL,3,'0.00','5.00','0.00','11.00','SR','0.06','0.00','0.00',1,NULL,0,'2016-10-04 08:57:40',NULL,NULL),(349,'C HEJAU',NULL,3,'0.00','5.00','0.00','8.00','SR','0.06','0.00','0.00',1,NULL,0,'2016-10-04 08:57:40',NULL,NULL),(350,'D SALAD',NULL,3,'0.00','5.00','0.00','10.00','SR','0.06','0.00','0.00',1,NULL,0,'2016-10-04 08:57:40',NULL,NULL),(351,'SALAD BULAT',NULL,3,'0.00','5.00','0.00','7.00','SR','0.06','0.00','0.00',1,NULL,0,'2016-10-04 08:57:40',NULL,NULL),(352,'SUP BAWANG',NULL,3,'0.00','5.00','0.00','10.00','SR','0.06','0.00','0.00',1,NULL,0,'2016-10-04 08:57:40',NULL,NULL),(353,'D KETUMBER',NULL,3,'0.00','5.00','0.00','19.00','SR','0.06','0.00','0.00',1,NULL,0,'2016-10-04 08:57:40',NULL,NULL),(354,'HALIA',NULL,3,'0.00','5.00','0.00','8.00','SR','0.06','0.00','0.00',1,NULL,0,'2016-10-04 08:57:40',NULL,NULL),(355,'KAILAN',NULL,20,'0.00','5.00','0.00','8.00','SR','0.06','0.00','0.00',1,NULL,0,'2016-10-04 08:57:40',NULL,NULL),(356,'SIM',NULL,20,'0.00','5.00','0.00','9.00','SR','0.06','0.00','0.00',1,NULL,0,'2016-10-04 08:57:40',NULL,NULL),(357,'POTOL',NULL,3,'0.00','5.00','0.00','8.00','SR','0.06','0.00','0.00',1,NULL,0,'2016-10-04 08:57:40',NULL,NULL),(358,'KOBIS BULAT',NULL,3,'0.00','5.00','0.00','3.00','SR','0.06','0.00','0.00',1,NULL,0,'2016-10-04 08:57:40',NULL,NULL),(359,'KOBIS BUNGA',NULL,3,'0.00','5.00','0.00','8.00','SR','0.06','0.00','0.00',1,NULL,0,'2016-10-04 08:57:40',NULL,NULL),(360,'KAKROL',NULL,3,'0.00','5.00','0.00','8.00','SR','0.06','0.00','0.00',1,NULL,0,'2016-10-04 08:57:40',NULL,NULL),(361,'KUNYT',NULL,3,'0.00','5.00','0.00','6.50','SR','0.06','0.00','0.00',1,NULL,0,'2016-10-04 08:57:40',NULL,NULL),(362,'KELADIK',NULL,3,'0.00','5.00','0.00','6.00','SR','0.06','0.00','0.00',1,NULL,0,'2016-10-04 08:57:40',NULL,NULL),(363,'KACANG PNJ',NULL,20,'0.00','5.00','0.00','5.00','SR','0.06','0.00','0.00',1,NULL,0,'2016-10-04 08:57:40',NULL,NULL),(364,'LABU AIR',NULL,3,'0.00','5.00','0.00','3.80','SR','0.06','0.00','0.00',1,NULL,0,'2016-10-04 08:57:40',NULL,NULL),(365,'LABU MANIS',NULL,3,'0.00','5.00','0.00','3.00','SR','0.06','0.00','0.00',1,NULL,0,'2016-10-04 08:57:40',NULL,NULL),(366,'LANKUAS',NULL,3,'0.00','5.00','0.00','6.00','SR','0.06','0.00','0.00',1,NULL,0,'2016-10-04 08:57:40',NULL,NULL),(367,'L KASTURI',NULL,3,'0.00','5.00','0.00','12.00','SR','0.06','0.00','0.00',1,NULL,0,'2016-10-04 08:57:40',NULL,NULL),(368,'L LIPIS',NULL,3,'0.00','5.00','0.00','10.00','SR','0.06','0.00','0.00',1,NULL,0,'2016-10-04 08:57:40',NULL,NULL),(369,'PERIA B',NULL,3,'0.00','5.00','0.00','8.50','SR','0.06','0.00','0.00',1,NULL,0,'2016-10-04 08:57:40',NULL,NULL),(370,'PERIA KATA',NULL,20,'0.00','5.00','0.00','5.00','SR','0.06','0.00','0.00',1,NULL,0,'2016-10-04 08:57:40',NULL,NULL),(371,'PETOLA',NULL,3,'0.00','5.00','0.00','6.00','SR','0.06','0.00','0.00',1,NULL,0,'2016-10-04 08:57:40',NULL,NULL),(372,'PETOLA ULAR',NULL,3,'0.00','5.00','0.00','5.00','SR','0.06','0.00','0.00',1,NULL,0,'2016-10-04 08:57:40',NULL,NULL),(373,'REBONG',NULL,3,'0.00','5.00','0.00','4.50','SR','0.06','0.00','0.00',1,NULL,0,'2016-10-04 08:57:40',NULL,NULL),(374,'SAWI PUTIH',NULL,3,'0.00','5.00','0.00','5.50','SR','0.06','0.00','0.00',1,NULL,0,'2016-10-04 08:57:40',NULL,NULL),(375,'DUNDOL',NULL,3,'0.00','5.00','0.00','5.50','SR','0.06','0.00','0.00',1,NULL,0,'2016-10-04 08:57:40',NULL,NULL),(376,'B KLADI',NULL,3,'0.00','5.00','0.00','7.00','SR','0.06','0.00','0.00',1,NULL,0,'2016-10-04 08:57:40',NULL,NULL),(377,'TERUNG PNJ',NULL,3,'0.00','5.00','0.00','7.00','SR','0.06','0.00','0.00',1,NULL,0,'2016-10-04 08:57:40',NULL,NULL),(378,'TERUNG BULAT',NULL,20,'0.00','5.00','0.00','7.00','SR','0.06','0.00','0.00',1,NULL,0,'2016-10-04 08:57:40',NULL,NULL),(379,'TIMUN',NULL,20,'0.00','5.00','0.00','3.00','SR','0.06','0.00','0.00',1,NULL,0,'2016-10-04 08:57:40',NULL,NULL),(380,'U KELADI',NULL,3,'0.00','5.00','0.00','8.00','SR','0.06','0.00','0.00',1,NULL,0,'2016-10-04 08:57:40',NULL,NULL),(381,'LUBA PUTIH',NULL,3,'0.00','5.00','0.00','4.50','SR','0.06','0.00','0.00',1,NULL,0,'2016-10-04 08:57:40',NULL,NULL),(382,'JALI',NULL,3,'0.00','5.00','0.00','4.00','SR','0.06','0.00','0.00',1,NULL,0,'2016-10-04 08:57:40',NULL,NULL),(383,'TAUGE',NULL,3,'0.00','5.00','0.00','1.50','SR','0.06','0.00','0.00',1,NULL,0,'2016-10-04 08:57:40',NULL,NULL),(384,'CILI BUAH',NULL,3,'0.00','5.00','0.00','8.50','SR','0.06','0.00','0.00',1,NULL,0,'2016-10-04 08:57:40',NULL,NULL),(385,'C GEMUK M',NULL,3,'0.00','5.00','0.00','15.00','SR','0.06','0.00','0.00',1,NULL,0,'2016-10-04 08:57:40',NULL,NULL),(386,'C KIRING',NULL,3,'0.00','5.00','0.00','16.00','SR','0.06','0.00','0.00',1,NULL,0,'2016-10-04 08:57:40',NULL,NULL),(387,'PETEH',NULL,3,'0.00','5.00','0.00','3.00','SR','0.06','0.00','0.00',1,NULL,0,'2016-10-04 08:57:40',NULL,NULL),(388,'P BAYAM',NULL,3,'0.00','5.00','0.00','4.00','SR','0.06','0.00','0.00',1,NULL,0,'2016-10-04 08:57:40',NULL,NULL),(389,'ASAM KEPING',NULL,3,'0.00','5.00','0.00','17.00','SR','0.06','0.00','0.00',1,NULL,0,'2016-10-04 08:57:40',NULL,NULL),(390,'STG KIRING',NULL,3,'0.00','5.00','0.00','22.00','SR','0.06','0.00','0.00',1,NULL,0,'2016-10-04 08:57:40',NULL,NULL),(391,'OPEN ITEM',NULL,3,'0.00','5.00','0.00','0.00','SR','0.06','0.00','0.00',1,NULL,0,'2016-10-04 08:57:40',NULL,NULL),(392,'OPEN ITEM',NULL,3,'0.00','5.00','0.00','0.00','SR','0.06','0.00','0.00',1,NULL,0,'2016-10-04 08:57:40',NULL,NULL),(393,'BILIS KOPE HALUS',NULL,3,'0.00','5.00','0.00','26.00','SR','0.06','0.00','0.00',1,NULL,0,'2016-10-04 08:57:40',NULL,NULL),(394,'KENTAN KOTAK',NULL,3,'0.00','5.00','0.00','7.50','SR','0.06','0.00','0.00',1,NULL,0,'2016-10-04 08:57:40',NULL,NULL),(395,'KENTAN KOTAK',NULL,3,'0.00','5.00','0.00','2.50','SR','0.06','0.00','0.00',1,NULL,0,'2016-10-04 08:57:40',NULL,NULL),(396,'BWG HOLLAND',NULL,3,'0.00','5.00','0.00','4.50','SR','0.06','0.00','0.00',1,NULL,0,'2016-10-04 08:57:40',NULL,NULL),(397,'BWG PUTIH',NULL,3,'0.00','5.00','0.00','6.00','SR','0.06','0.00','0.00',1,NULL,0,'2016-10-04 08:57:40',NULL,NULL),(398,'BWG P GUNI',NULL,3,'0.00','5.00','0.00','15.00','SR','0.06','0.00','0.00',1,NULL,0,'2016-10-04 08:57:40',NULL,NULL),(399,'BWG ROS',NULL,3,'0.00','5.00','0.00','4.80','SR','0.06','0.00','0.00',1,NULL,0,'2016-10-04 08:57:40',NULL,NULL),(400,'BWG BESAR',NULL,3,'0.00','5.00','0.00','2.50','SR','0.06','0.00','0.00',1,NULL,0,'2016-10-04 08:57:40',NULL,NULL),(401,'API MERAH',NULL,3,'0.00','5.00','0.00','11.00','SR','0.06','0.00','0.00',1,NULL,0,'2016-10-04 08:57:40',NULL,NULL),(402,'BROCOLI',NULL,3,'0.00','5.00','0.00','13.00','SR','0.06','0.00','0.00',1,NULL,0,'2016-10-04 08:57:40',NULL,NULL),(403,'PSG KARI',NULL,3,'0.00','5.00','0.00','7.00','SR','0.06','0.00','0.00',1,NULL,0,'2016-10-04 08:57:40',NULL,NULL),(404,'TEROBOK',NULL,3,'0.00','5.00','0.00','24.00','SR','0.06','0.00','0.00',1,NULL,0,'2016-10-04 08:57:40',NULL,NULL),(405,'NESCAFE CLASSIC 200G','9556001140241',16,'0.00','5.00','0.00','19.50','SR','0.06','0.00','0.00',1,NULL,0,'2016-10-04 08:57:40',NULL,NULL),(406,'LIPTON UNCANG TEKO TEH 40P','9556126648066',16,'0.00','5.00','0.00','6.50','SR','0.06','0.00','0.00',1,NULL,0,'2016-10-04 08:57:40',NULL,NULL),(407,'INDOCAFE 110G','9311931616095',16,'0.00','5.00','0.00','10.00','SR','0.06','0.00','0.00',1,NULL,0,'2016-10-04 08:57:40',NULL,NULL),(408,'KAPAL API 180G','8991002105508',16,'0.00','5.00','0.00','4.50','SR','0.06','0.00','0.00',1,NULL,0,'2016-10-04 08:57:40',NULL,NULL),(409,'LIPTON YELLOW LABEL TEA 200G','9556126202121',16,'0.00','5.00','0.00','7.50','SR','0.06','0.00','0.00',1,NULL,0,'2016-10-04 08:57:40',NULL,NULL),(410,'LIPTON YELLOW LABEL TEA 400G','9556126202220',16,'0.00','5.00','0.00','11.50','SR','0.06','0.00','0.00',1,NULL,0,'2016-10-04 08:57:40',NULL,NULL),(411,'AYAM BRAND KACANG PEA 425G TO 255G','9556041603409',16,'0.00','5.00','0.00','2.80','SR','0.06','0.00','0.00',1,NULL,0,'2016-10-04 08:57:40',NULL,NULL),(412,'GOGO MAS WHOLE KERNEL CORN 425G','9556106010395',16,'0.00','5.00','0.00','2.50','SR','0.06','0.00','0.00',1,NULL,0,'2016-10-04 08:57:40',NULL,NULL),(413,'AYAM BRAND SARDINES 425G','9556041601221',16,'0.00','5.00','0.00','8.00','SR','0.06','0.00','0.00',1,NULL,0,'2016-10-04 08:57:40',NULL,NULL),(414,'REX KACANG PANGGANG 425G','9556505275883',16,'0.00','5.00','0.00','2.80','SR','0.06','0.00','0.00',1,NULL,0,'2016-10-04 08:57:40',NULL,NULL),(415,'AYAM BRAND MACKEREL 425G','9556041601269',16,'0.00','5.00','0.00','8.40','SR','0.06','0.00','0.00',1,NULL,0,'2016-10-04 08:57:40',NULL,NULL),(416,'HOBE RED KIDNEY BEANS 425G','9556440000601',16,'0.00','5.00','0.00','2.80','SR','0.06','0.00','0.00',1,NULL,0,'2016-10-04 08:57:40',NULL,NULL),(417,'TST KACANG HIJAU 255G TO 425G','9556191020439',16,'0.00','5.00','0.00','2.80','SR','0.06','0.00','0.00',1,NULL,0,'2016-10-04 08:57:40',NULL,NULL),(418,'GOGO MAS SWEET CORN CREAM STYLE 425G','9557998301691',16,'0.00','5.00','0.00','2.50','SR','0.06','0.00','0.00',1,NULL,0,'2016-10-04 08:57:40',NULL,NULL),(419,'AYAM BRAND KACANG PANGGANG 425G','9556041602198',16,'0.00','5.00','0.00','3.50','SR','0.06','0.00','0.00',1,NULL,0,'2016-10-04 08:57:40',NULL,NULL),(420,'SOLERO SPLIT','8851932336857',14,'0.00','5.00','0.00','1.00','SR','0.06','0.00','0.00',1,NULL,0,'2016-10-04 08:57:40',NULL,NULL),(421,'MAGNUM CLASSIC','8999999005689',14,'0.00','5.00','0.00','4.00','SR','0.06','0.00','0.00',1,NULL,0,'2016-10-04 08:57:40',NULL,NULL),(422,'MAGNUM ALMOND','8999999005610',14,'0.00','5.00','0.00','4.00','SR','0.06','0.00','0.00',1,NULL,0,'2016-10-04 08:57:40',NULL,NULL),(423,'GARAM HALUS','9556663163015',16,'0.00','5.00','0.00','1.00','SR','0.06','0.00','0.00',1,NULL,0,'2016-10-04 08:57:40',NULL,NULL),(424,'AJI-NO-MOTO','9556045100430',16,'0.00','5.00','0.00','1.00','SR','0.06','0.00','0.00',1,NULL,0,'2016-10-04 08:57:40',NULL,NULL),(425,'AJI-NO-MOTO- 300G','9556045100904',16,'0.00','5.00','0.00','6.00','SR','0.06','0.00','0.00',1,NULL,0,'2016-10-04 08:57:40',NULL,NULL),(426,'AJI-NO-MOTO- 500G','9556045101208',16,'0.00','5.00','0.00','8.00','SR','0.06','0.00','0.00',1,NULL,0,'2016-10-04 08:57:40',NULL,NULL),(427,'SANTAN MAS SEGERA','9555053201146',16,'0.00','5.00','0.00','1.70','SR','0.06','0.00','0.00',1,NULL,0,'2016-10-04 08:57:40',NULL,NULL),(428,'CILI BABAS 250','9556065231190',9,'0.00','5.00','0.00','4.70','SR','0.06','0.00','0.00',1,NULL,0,'2016-10-04 08:57:40',NULL,NULL),(429,'MAGGI TOM YAM','9556001126542',2,'0.00','5.00','0.00','5.00','SR','0.06','0.00','0.00',1,NULL,0,'2016-10-04 08:57:40',NULL,NULL),(430,'INDOMIE MI GORENG','089686180626',2,'0.00','5.00','0.00','4.80','SR','0.06','0.00','0.00',1,NULL,0,'2016-10-04 08:57:40',NULL,NULL),(431,'INDOMIE MI GORENG SPECIAL','089686180640',2,'0.00','5.00','0.00','4.50','SR','0.06','0.00','0.00',1,NULL,0,'2016-10-04 08:57:40',NULL,NULL),(432,'MAGGI AYAM','9556001177278',2,'0.00','5.00','0.00','4.50','SR','0.06','0.00','0.00',1,NULL,0,'2016-10-04 08:57:40',NULL,NULL),(433,'MAGGI ASAM LAKSA','9556001126450',2,'0.00','5.00','0.00','5.50','SR','0.06','0.00','0.00',1,NULL,0,'2016-10-04 08:57:40',NULL,NULL),(434,'MILO 200G','9556001004635',16,'0.00','5.00','0.00','6.50','SR','0.06','0.00','0.00',1,NULL,0,'2016-10-04 08:57:40',NULL,NULL),(435,'SUSU TEPUNG EVERY DAY 550G','9556001184733',16,'0.00','5.00','0.00','19.99','SR','0.06','0.00','0.00',1,NULL,0,'2016-10-04 08:57:40',NULL,NULL),(436,'SUSU TEPUNG NESPRAY 300G','9556001202147',16,'0.00','5.00','0.00','11.00','SR','0.06','0.00','0.00',1,NULL,0,'2016-10-04 08:57:40',NULL,NULL),(437,'TEA BOH 240G','9556015010196',16,'0.00','5.00','0.00','15.90','SR','0.06','0.00','0.00',1,NULL,0,'2016-10-04 08:57:40',NULL,NULL),(438,'KOPI JANTAN','9555260000358',16,'0.00','5.00','0.00','18.50','SR','0.06','0.00','0.00',1,NULL,0,'2016-10-04 08:57:40',NULL,NULL),(439,'MILO PACKET 30 STICK','9556001128072',16,'0.00','5.00','0.00','22.50','SR','0.06','0.00','0.00',1,NULL,0,'2016-10-04 08:57:40',NULL,NULL),(440,'POWER ROOT ALI CAFE','9555021501391',16,'0.00','5.00','0.00','16.00','SR','0.06','0.00','0.00',1,NULL,0,'2016-10-04 08:57:40',NULL,NULL),(441,'NESCAFE ORIGINAL 3IN1 30STICKS','9556001201492',16,'0.00','5.00','0.00','13.50','SR','0.06','0.00','0.00',1,NULL,0,'2016-10-04 08:57:40',NULL,NULL),(442,'SUNQUICK 330ML','9556107301300',16,'0.00','5.00','0.00','6.90','SR','0.06','0.00','0.00',1,NULL,0,'2016-10-04 08:57:40',NULL,NULL),(443,'IBUMIE ALWAYS MI GORENG ORIGINAL','9555050305199',2,'0.00','5.00','0.00','4.50','SR','0.06','0.00','0.00',1,NULL,0,'2016-10-04 08:57:40',NULL,NULL),(444,'NESCAFE CLASSIC 100G','9556001140296',16,'0.00','5.00','0.00','10.50','SR','0.06','0.00','0.00',1,NULL,0,'2016-10-04 08:57:40',NULL,NULL),(445,'INDOCAFE 100G','9311931216097',16,'0.00','5.00','0.00','10.00','SR','0.06','0.00','0.00',1,NULL,0,'2016-10-04 08:57:40',NULL,NULL),(446,'TEA BOH 250G','9556015010028',16,'0.00','5.00','0.00','7.50','SR','0.06','0.00','0.00',1,NULL,0,'2016-10-04 08:57:40',NULL,NULL),(447,'TEA BOH 50G','95503912',16,'0.00','5.00','0.00','2.50','SR','0.06','0.00','0.00',1,NULL,0,'2016-10-04 08:57:40',NULL,NULL),(448,'TEA LIPTON 100G','9556126202022',16,'0.00','5.00','0.00','4.00','SR','0.06','0.00','0.00',1,NULL,0,'2016-10-04 08:57:40',NULL,NULL),(449,'ADABI KARI KAMBING 280G','9556252251130',16,'0.00','5.00','0.00','8.50','SR','0.06','0.00','0.00',1,NULL,0,'2016-10-04 08:57:40',NULL,NULL),(450,'AYAM BRAND SARDINES 155G','95500515',16,'0.00','5.00','0.00','4.50','SR','0.06','0.00','0.00',1,NULL,0,'2016-10-04 08:57:40',NULL,NULL),(451,'KAYA BUTTER','9556463200323',16,'0.00','5.00','0.00','2.90','SR','0.06','0.00','0.00',1,NULL,0,'2016-10-04 08:57:40',NULL,NULL),(452,'SUNSTAR KARI LEMBU 155G','9556463201399',16,'0.00','5.00','0.00','4.00','SR','0.06','0.00','0.00',1,NULL,0,'2016-10-04 08:57:40',NULL,NULL),(453,'AYAM BRAND TUNA HOT MAYONNAISE 185G','9556041604260',16,'0.00','5.00','0.00','5.50','SR','0.06','0.00','0.00',1,NULL,0,'2016-10-04 08:57:40',NULL,NULL),(454,'YEOS KARI AYAM 280G','9556156000971',16,'0.00','5.00','0.00','7.80','SR','0.06','0.00','0.00',1,NULL,0,'2016-10-04 08:57:40',NULL,NULL),(455,'AYAM BRAND DELI-SPREAD WITH SALMON 170G','9556041604147',16,'0.00','5.00','0.00','6.00','SR','0.06','0.00','0.00',1,NULL,0,'2016-10-04 08:57:40',NULL,NULL),(456,'AYAM BRAND SARDINES 230G','95500539',16,'0.00','5.00','0.00','6.00','SR','0.06','0.00','0.00',1,NULL,0,'2016-10-04 08:57:40',NULL,NULL),(457,'GOGO MAS KAYA 480G','9556106003229',16,'0.00','5.00','0.00','5.50','SR','0.06','0.00','0.00',1,NULL,0,'2016-10-04 08:57:40',NULL,NULL),(458,'LADY\'S CHOICE REAL MAYONNAISE 470ML','9556024707605',16,'0.00','5.00','0.00','11.90','SR','0.06','0.00','0.00',1,NULL,0,'2016-10-04 08:57:40',NULL,NULL),(459,'LADY\'S CHOICE REAL MAYONNAISE 230ML','9556024707582',16,'0.00','5.00','0.00','6.60','SR','0.06','0.00','0.00',1,NULL,0,'2016-10-04 08:57:40',NULL,NULL),(460,'LADY\'S CHOICE FRUIT SALAD DRESSING 250ML','9556024707568',16,'0.00','5.00','0.00','8.00','SR','0.06','0.00','0.00',1,NULL,0,'2016-10-04 08:57:40',NULL,NULL),(461,'LADY\'S CHOICE THOUSAND ISLAND 250ML','9556024707551',16,'0.00','5.00','0.00','8.00','SR','0.06','0.00','0.00',1,NULL,0,'2016-10-04 08:57:40',NULL,NULL),(462,'LADY\'S CHOICE COLESLAW DRESSING 250ML','9556024707544',16,'0.00','5.00','0.00','8.00','SR','0.06','0.00','0.00',1,NULL,0,'2016-10-04 08:57:40',NULL,NULL),(463,'DAISY MARJERIN 240G','9556046200092',16,'0.00','5.00','0.00','5.50','SR','0.06','0.00','0.00',1,NULL,0,'2016-10-04 08:57:40',NULL,NULL),(464,'PLANTA MARJERIN 480G','9556126618373',16,'0.00','5.00','0.00','9.80','SR','0.06','0.00','0.00',1,NULL,0,'2016-10-04 08:57:40',NULL,NULL),(465,'M & S COCONUT MILK 1000ML','9556093012303',16,'0.00','5.00','0.00','11.00','SR','0.06','0.00','0.00',1,NULL,0,'2016-10-04 08:57:40',NULL,NULL),(466,'AYAM BRAND COCONUT MILK 1L','9556041608763',16,'0.00','5.00','0.00','10.50','SR','0.06','0.00','0.00',1,NULL,0,'2016-10-04 08:57:40',NULL,NULL),(467,'SAJI COOKING OIL 2KG','3557161100447',16,'0.00','5.00','0.00','7.50','SR','0.06','0.00','0.00',1,NULL,0,'2016-10-04 08:57:40',NULL,NULL),(468,'SERI MURNI COOKING OIL 2KG','9556755000334',16,'0.00','5.00','0.00','7.50','SR','0.06','0.00','0.00',1,NULL,0,'2016-10-04 08:57:40',NULL,NULL),(469,'SAJI COOKING OIL 5KG','9557561100461',16,'0.00','5.00','0.00','14.50','SR','0.06','0.00','0.00',1,NULL,0,'2016-10-04 08:57:40',NULL,NULL),(470,'PUTERI MARJERIN 1KG','9556046201020',16,'0.00','5.00','0.00','5.00','SR','0.06','0.00','0.00',1,NULL,0,'2016-10-04 08:57:40',NULL,NULL),(471,'LIFE SOS CILI 340G','9556086011900',16,'0.00','5.00','0.00','3.00','SR','0.06','0.00','0.00',1,NULL,0,'2016-10-04 08:57:40',NULL,NULL),(472,'LIFE SOS TOMATO 330G','9556086010507',16,'0.00','5.00','0.00','2.90','SR','0.06','0.00','0.00',1,NULL,0,'2016-10-04 08:57:40',NULL,NULL),(473,'MAGGI SOS TOMATO 325G','9556001601407',16,'0.00','5.00','0.00','3.50','SR','0.06','0.00','0.00',1,NULL,0,'2016-10-04 08:57:40',NULL,NULL),(474,'MAGGI SOS CILI THAI 350G','9556001030740',16,'0.00','5.00','0.00','4.50','SR','0.06','0.00','0.00',1,NULL,0,'2016-10-04 08:57:40',NULL,NULL),(475,'MAGGI SOS CILI 340G','9556001601506',16,'0.00','5.00','0.00','3.50','SR','0.06','0.00','0.00',1,NULL,0,'2016-10-04 08:57:40',NULL,NULL),(476,'ABC SWEET SAUCE','711844110076',16,'0.00','5.00','0.00','5.50','SR','0.06','0.00','0.00',1,NULL,0,'2016-10-04 08:57:40',NULL,NULL),(477,'TAMIN CUKA BUATAN','9556051300015',16,'0.00','5.00','0.00','2.00','SR','0.06','0.00','0.00',1,NULL,0,'2016-10-04 08:57:40',NULL,NULL),(478,'TAMIN SWEET SOY SAUCE','9556051110058',16,'0.00','5.00','0.00','4.20','SR','0.06','0.00','0.00',1,NULL,0,'2016-10-04 08:57:40',NULL,NULL),(479,'HABHAL\'S SOYA BEAN SAUCE (BESAR)','9556151021117',16,'0.00','5.00','0.00','10.50','SR','0.06','0.00','0.00',1,NULL,0,'2016-10-04 08:57:40',NULL,NULL),(480,'HABHAL\'S SALTY SAUCE','9556151031123',16,'0.00','5.00','0.00','6.90','SR','0.06','0.00','0.00',1,NULL,0,'2016-10-04 08:57:40',NULL,NULL),(481,'GULA PASIR KASAR 1KG','9556058000031',16,'0.00','5.00','0.00','2.90','SR','0.06','0.00','0.00',1,NULL,0,'2016-10-04 08:57:40',NULL,NULL),(482,'DAIRY MILK CHOCOLATE 40G','9556182104162',18,'0.00','5.00','0.00','2.60','SR','0.06','0.00','0.00',1,NULL,0,'2016-10-04 08:57:40',NULL,NULL),(483,'APOLLO MILK WAFER CREAM 12PCS','726165663040',18,'0.00','5.00','0.00','3.50','SR','0.06','0.00','0.00',1,NULL,0,'2016-10-04 08:57:40',NULL,NULL),(484,'MISTER POTATO BARBECUE 75G','9557062401630',16,'0.00','5.00','0.00','3.20','SR','0.06','0.00','0.00',1,NULL,0,'2016-10-04 08:57:40',NULL,NULL),(485,'MISTER POTATO HOT & SPICY 75G','9557062401623',16,'0.00','5.00','0.00','3.20','SR','0.06','0.00','0.00',1,NULL,0,'2016-10-04 08:57:40',NULL,NULL),(486,'MISTER POTATO TOMATO 75G','9557062401616',16,'0.00','5.00','0.00','3.20','SR','0.06','0.00','0.00',1,NULL,0,'2016-10-04 08:57:40',NULL,NULL),(487,'MISTER POTATO ORIGINAL 75G','9557062401609',16,'0.00','5.00','0.00','3.20','SR','0.06','0.00','0.00',1,NULL,0,'2016-10-04 08:57:40',NULL,NULL),(488,'BIKA CHICKEN FLAVOURED 70G','9556378303065',16,'0.00','5.00','0.00','2.00','SR','0.06','0.00','0.00',1,NULL,0,'2016-10-04 08:57:40',NULL,NULL),(489,'TWISTIES CHEESE','7622210270108',16,'0.00','5.00','0.00','2.20','SR','0.06','0.00','0.00',1,NULL,0,'2016-10-04 08:57:40',NULL,NULL),(490,'CHEEZELS BBQ CHEESE','9556072170055',16,'0.00','5.00','0.00','2.90','SR','0.06','0.00','0.00',1,NULL,0,'2016-10-04 08:57:40',NULL,NULL),(491,'SUPER RING','9556023331597',16,'0.00','5.00','0.00','2.00','SR','0.06','0.00','0.00',1,NULL,0,'2016-10-04 08:57:40',NULL,NULL),(492,'CHEEZELS ORIGINAL CHEESE','9556072080057',16,'0.00','5.00','0.00','2.90','SR','0.06','0.00','0.00',1,NULL,0,'2016-10-04 08:57:40',NULL,NULL),(493,'TWISTIES BBQ CURRY DUDE','7622210270092',16,'0.00','5.00','0.00','2.00','SR','0.06','0.00','0.00',1,NULL,0,'2016-10-04 08:57:40',NULL,NULL),(494,'DOUBLE DECKER CHEESE 60G','9557062400671',16,'0.00','5.00','0.00','2.00','SR','0.06','0.00','0.00',1,NULL,0,'2016-10-04 08:57:40',NULL,NULL),(495,'MISTER POTATO HOT & SPICY 15G','051325114149',16,'0.00','5.00','0.00','0.50','SR','0.06','0.00','0.00',1,NULL,0,'2016-10-04 08:57:40',NULL,NULL),(496,'KACANG MENGLEMBU NGAN YIN 60G','9556042001235',16,'0.00','5.00','0.00','2.60','SR','0.06','0.00','0.00',1,NULL,0,'2016-10-04 08:57:40',NULL,NULL),(497,'TWISTIES LIME CHILI','7622210278142',16,'0.00','5.00','0.00','2.20','SR','0.06','0.00','0.00',1,NULL,0,'2016-10-04 08:57:40',NULL,NULL),(498,'TWISTIES CHILI CHEESE','7622210278159',16,'0.00','5.00','0.00','2.20','SR','0.06','0.00','0.00',1,NULL,0,'2016-10-04 08:57:40',NULL,NULL),(499,'CHACHOS SPICY CURRY','9556072080026',16,'0.00','5.00','0.00','2.70','SR','0.06','0.00','0.00',1,NULL,0,'2016-10-04 08:57:40',NULL,NULL),(500,'CHACHOS CHEESY CHEESE','9556072070027',16,'0.00','5.00','0.00','2.70','SR','0.06','0.00','0.00',1,NULL,0,'2016-10-04 08:57:40',NULL,NULL),(501,'CHACHOS BBQ BONANZA','9556072090025',16,'0.00','5.00','0.00','2.70','SR','0.06','0.00','0.00',1,NULL,0,'2016-10-04 08:57:40',NULL,NULL),(502,'TY (GAS GAN)','9555258604674',15,'0.00','5.00','0.00','6.50','SR','0.06','0.00','0.00',1,NULL,0,'2016-10-04 08:57:40',NULL,NULL),(503,'FXWJ ( LOCK 2)','6941398100375',15,'0.00','5.00','0.00','3.50','SR','0.06','0.00','0.00',1,NULL,0,'2016-10-04 08:57:40',NULL,NULL),(504,'FXWJ ( LOCK 4)','6941398100337',15,'0.00','5.00','0.00','4.50','SR','0.06','0.00','0.00',1,NULL,0,'2016-10-04 08:57:40',NULL,NULL),(505,'BOLT LOCK','88880124',15,'0.00','5.00','0.00','4.50','SR','0.06','0.00','0.00',1,NULL,0,'2016-10-04 08:57:40',NULL,NULL),(506,'HACKSAW','888800509',15,'0.00','5.00','0.00','4.50','SR','0.06','0.00','0.00',1,NULL,0,'2016-10-04 08:57:40',NULL,NULL),(507,'PLUG TOP PSE SIRIM','888800031',15,'0.00','5.00','0.00','4.00','SR','0.06','0.00','0.00',1,NULL,0,'2016-10-04 08:57:40',NULL,NULL),(508,'LAMP HOLDER ES (BLACK)','88881659',15,'0.00','5.00','0.00','1.50','SR','0.06','0.00','0.00',1,NULL,0,'2016-10-04 08:57:40',NULL,NULL),(509,'LAMP HOLDER BC (BLACK)','88881660',15,'0.00','5.00','0.00','1.20','SR','0.06','0.00','0.00',1,NULL,0,'2016-10-04 08:57:40',NULL,NULL),(510,'WALL HOLDER BC','88880457',15,'0.00','5.00','0.00','2.99','SR','0.06','0.00','0.00',1,NULL,0,'2016-10-04 08:57:40',NULL,NULL),(511,'HASPS & STAPLES','88880250',15,'0.00','5.00','0.00','2.99','SR','0.06','0.00','0.00',1,NULL,0,'2016-10-04 08:57:40',NULL,NULL),(512,'SCREW DRIVER 6MM X 5 (+)','88880707',15,'0.00','5.00','0.00','2.50','SR','0.06','0.00','0.00',1,NULL,0,'2016-10-04 08:57:40',NULL,NULL),(513,'HASPS & STAPLES','88880248',15,'0.00','5.00','0.00','2.30','SR','0.06','0.00','0.00',1,NULL,0,'2016-10-04 08:57:40',NULL,NULL),(514,'HEAVY DUTY LOCK (50)','6930957080180',15,'0.00','5.00','0.00','12.00','SR','0.06','0.00','0.00',1,NULL,0,'2016-10-04 08:57:40',NULL,NULL),(515,'HEAVY DUTY LOCK (38)','6930957080173',15,'0.00','5.00','0.00','8.80','SR','0.06','0.00','0.00',1,NULL,0,'2016-10-04 08:57:40',NULL,NULL),(516,'SCISSORS 1085','6936434710854',15,'0.00','5.00','0.00','4.50','SR','0.06','0.00','0.00',1,NULL,0,'2016-10-04 08:57:40',NULL,NULL),(517,'SCISSORS 1051','6936434710519',15,'0.00','5.00','0.00','2.00','SR','0.06','0.00','0.00',1,NULL,0,'2016-10-04 08:57:40',NULL,NULL),(518,'SCISSORS 101','888800195',15,'0.00','5.00','0.00','1.20','SR','0.06','0.00','0.00',1,NULL,0,'2016-10-04 08:57:40',NULL,NULL),(519,'SELLEYS SUPA GLUE','9300697110411',15,'0.00','5.00','0.00','3.00','SR','0.06','0.00','0.00',1,NULL,0,'2016-10-04 08:57:40',NULL,NULL),(520,'JINGONG SUPER GLUE','6926035005787',15,'0.00','5.00','0.00','2.50','SR','0.06','0.00','0.00',1,NULL,0,'2016-10-04 08:57:40',NULL,NULL),(521,'HASPS & STAPLES 38MM','88880743',15,'0.00','5.00','0.00','2.00','SR','0.06','0.00','0.00',1,NULL,0,'2016-10-04 08:57:40',NULL,NULL),(522,'HASPS & STAPLES 65MM','88880249',15,'0.00','5.00','0.00','2.50','SR','0.06','0.00','0.00',1,NULL,0,'2016-10-04 08:57:40',NULL,NULL),(523,'TAP GREEN','888800897',15,'0.00','5.00','0.00','10.50','SR','0.06','0.00','0.00',1,NULL,0,'2016-10-04 08:57:40',NULL,NULL),(524,'TAP GREEN 1','888800862',15,'0.00','5.00','0.00','9.00','SR','0.06','0.00','0.00',1,NULL,0,'2016-10-04 08:57:40',NULL,NULL),(525,'CHOKE 40W WITH SIRIM','88880187',15,'0.00','5.00','0.00','7.50','SR','0.06','0.00','0.00',1,NULL,0,'2016-10-04 08:57:40',NULL,NULL),(526,'AV AUDIO/VIDEO CABLE 1.5M','88880150',15,'0.00','5.00','0.00','6.50','SR','0.06','0.00','0.00',1,NULL,0,'2016-10-04 08:57:40',NULL,NULL),(527,'AUDIO CABLE (YELLOW)','888800069',15,'0.00','5.00','0.00','5.50','SR','0.06','0.00','0.00',1,NULL,0,'2016-10-04 08:57:40',NULL,NULL),(528,'MAXRENO LAMP 5 WATT','888800756',15,'0.00','5.00','0.00','1.50','SR','0.06','0.00','0.00',1,NULL,0,'2016-10-04 08:57:40',NULL,NULL),(529,'CABLE COMPUTER','888800225',15,'0.00','5.00','0.00','11.50','SR','0.06','0.00','0.00',1,NULL,0,'2016-10-04 08:57:40',NULL,NULL),(530,'AUDIO CABLE 2 PIN (BLACK)','88880149',15,'0.00','5.00','0.00','3.90','SR','0.06','0.00','0.00',1,NULL,0,'2016-10-04 08:57:40',NULL,NULL),(531,'E-SAFE TRAVEL ADAPTOR','88880182',15,'0.00','5.00','0.00','12.50','SR','0.06','0.00','0.00',1,NULL,0,'2016-10-04 08:57:40',NULL,NULL),(532,'PLUG TOP SIRIM (AEROTECH)','88881594',15,'0.00','5.00','0.00','3.00','SR','0.06','0.00','0.00',1,NULL,0,'2016-10-04 08:57:40',NULL,NULL),(533,'SWITCH SOCKET SIRIM','88881278',15,'0.00','5.00','0.00','4.50','SR','0.06','0.00','0.00',1,NULL,0,'2016-10-04 08:57:40',NULL,NULL),(534,'SWITCH SOCKET 1W1G','88880195',15,'0.00','5.00','0.00','4.50','SR','0.06','0.00','0.00',1,NULL,0,'2016-10-04 08:57:40',NULL,NULL),(535,'SWITCH SOCKET 1W2G','88881284',15,'0.00','5.00','0.00','6.50','SR','0.06','0.00','0.00',1,NULL,0,'2016-10-04 08:57:40',NULL,NULL),(536,'SWITCH SOCKET 1W3G','88880196',15,'0.00','5.00','0.00','9.00','SR','0.06','0.00','0.00',1,NULL,0,'2016-10-04 08:57:40',NULL,NULL),(537,'ADAPTOR 13A SIRIM(BLACK)','888800558',15,'0.00','5.00','0.00','11.00','SR','0.06','0.00','0.00',1,NULL,0,'2016-10-04 08:57:40',NULL,NULL),(538,'PLUG TOP 3 PIN TRAVEL ADAPTOR','88880281',15,'0.00','5.00','0.00','2.90','SR','0.06','0.00','0.00',1,NULL,0,'2016-10-04 08:57:40',NULL,NULL),(539,'ADAPTOR E-SAFE (NEON)','88880481',15,'0.00','5.00','0.00','3.99','SR','0.06','0.00','0.00',1,NULL,0,'2016-10-04 08:57:40',NULL,NULL),(540,'ADAPTOR 13A 3 WAY','88881653',15,'0.00','5.00','0.00','3.50','SR','0.06','0.00','0.00',1,NULL,0,'2016-10-04 08:57:40',NULL,NULL),(541,'ADAPTOR 3 WAY SIRIM','88880476',15,'0.00','5.00','0.00','8.90','SR','0.06','0.00','0.00',1,NULL,0,'2016-10-04 08:57:40',NULL,NULL),(542,'ADAPTOR -2PIN BLACK','888800962',15,'0.00','5.00','0.00','2.00','SR','0.06','0.00','0.00',1,NULL,0,'2016-10-04 08:57:40',NULL,NULL),(543,'CABLE CLIPS 6MM','88880158',15,'0.00','5.00','0.00','1.30','SR','0.06','0.00','0.00',1,NULL,0,'2016-10-04 08:57:40',NULL,NULL),(544,'CABLE CLIPS 7MM','88880159',15,'0.00','5.00','0.00','1.30','SR','0.06','0.00','0.00',1,NULL,0,'2016-10-04 08:57:40',NULL,NULL),(545,'CABLE CLIPS 8MM','88880160',15,'0.00','5.00','0.00','1.30','SR','0.06','0.00','0.00',1,NULL,0,'2016-10-04 08:57:40',NULL,NULL),(546,'DETTOL COOL BUY 3 FREE 1','9556111985053',1,'0.00','5.00','0.00','8.50','SR','0.06','0.00','0.00',1,NULL,0,'2016-10-04 08:57:40',NULL,NULL),(547,'PROTEX ICY COOL BUY 3 FREE 1','8850006490778',13,'0.00','5.00','0.00','6.50','SR','0.06','0.00','0.00',1,NULL,0,'2016-10-04 08:57:40',NULL,NULL),(548,'LUX AQUA SPARKLE BUY 3 FREE 1','8999999039646',13,'0.00','5.00','0.00','4.00','SR','0.06','0.00','0.00',1,NULL,0,'2016-10-04 08:57:40',NULL,NULL),(549,'LUX MAGICAL SPELL BUY 3 FREE 1','8999999039639',13,'0.00','5.00','0.00','4.00','SR','0.06','0.00','0.00',1,NULL,0,'2016-10-04 08:57:40',NULL,NULL),(550,'LUX SOFT TOUCH BUY 3 FREE 1','8999999039615',13,'0.00','5.00','0.00','4.00','SR','0.06','0.00','0.00',1,NULL,0,'2016-10-04 08:57:40',NULL,NULL),(551,'LUX WHITE IMPRESS BUY 3 FREE 1','8999999039653',13,'0.00','5.00','0.00','4.00','SR','0.06','0.00','0.00',1,NULL,0,'2016-10-04 08:57:40',NULL,NULL),(552,'GIV ROSE OIL','8998866888622',13,'0.00','5.00','0.00','1.50','SR','0.06','0.00','0.00',1,NULL,0,'2016-10-04 08:57:40',NULL,NULL),(553,'GIV WARM OLIVE OIL','8998866602389',13,'0.00','5.00','0.00','1.50','SR','0.06','0.00','0.00',1,NULL,0,'2016-10-04 08:57:40',NULL,NULL),(554,'PROME MANGO','8941117000670',16,'0.00','5.00','0.00','5.50','SR','0.06','0.00','0.00',1,NULL,0,'2016-10-04 08:57:40',NULL,NULL),(555,'PROME MANGO','8941117000809',16,'0.00','5.00','0.00','17.00','SR','0.06','0.00','0.00',1,NULL,0,'2016-10-04 08:57:40',NULL,NULL),(556,'PROME ORANGE','8941117000595',16,'0.00','5.00','0.00','17.00','SR','0.06','0.00','0.00',1,NULL,0,'2016-10-04 08:57:40',NULL,NULL),(557,'PALMOLIVE SMOOTH & MOISTURE','8850006490914',13,'0.00','5.00','0.00','4.50','SR','0.06','0.00','0.00',1,NULL,0,'2016-10-04 08:57:40',NULL,NULL),(558,'NAVARATNA OIL 100ML','8901248104036',13,'0.00','5.00','0.00','8.00','SR','0.06','0.00','0.00',1,NULL,0,'2016-10-04 08:57:40',NULL,NULL),(559,'NAVARATNA OIL 300ML','8901248104135',13,'0.00','5.00','0.00','13.00','SR','0.06','0.00','0.00',1,NULL,0,'2016-10-04 08:57:40',NULL,NULL),(560,'DABUR AMLA HAIR OIL 200ML','5022496102001',13,'0.00','5.00','0.00','11.00','SR','0.06','0.00','0.00',1,NULL,0,'2016-10-04 08:57:40',NULL,NULL),(561,'PEPSODENT 20G','8999999706173',13,'0.00','5.00','0.00','4.50','SR','0.06','0.00','0.00',1,NULL,0,'2016-10-04 08:57:40',NULL,NULL),(562,'KOOL SHAVING CREAM 50GM','8941100500989',13,'0.00','5.00','0.00','5.50','SR','0.06','0.00','0.00',1,NULL,0,'2016-10-04 08:57:40',NULL,NULL),(563,'MINYAK ANGIN CAP KAPAK 14ML','8888115000137',13,'0.00','5.00','0.00','7.00','SR','0.06','0.00','0.00',1,NULL,0,'2016-10-04 08:57:40',NULL,NULL),(564,'MINYAK ANGIN CAP KAPAK 5ML','9556301000153',13,'0.00','5.00','0.00','4.00','SR','0.06','0.00','0.00',1,NULL,0,'2016-10-04 08:57:40',NULL,NULL),(565,'SHOWER CREAM GOAT MILK 1000ML','9557887179301',13,'0.00','5.00','0.00','8.00','SR','0.06','0.00','0.00',1,NULL,0,'2016-10-04 08:57:40',NULL,NULL),(566,'SHOWER CREAM GREEN TEA 1000ML','9557887179448',13,'0.00','5.00','0.00','9.00','SR','0.06','0.00','0.00',1,NULL,0,'2016-10-04 08:57:40',NULL,NULL),(567,'GATSBY SUPER HARD 75G','8992222050203',13,'0.00','5.00','0.00','3.70','SR','0.06','0.00','0.00',1,NULL,0,'2016-10-04 08:57:40',NULL,NULL),(568,'GATSBY HARD 75G','8992222050142',13,'0.00','5.00','0.00','3.70','SR','0.06','0.00','0.00',1,NULL,0,'2016-10-04 08:57:40',NULL,NULL),(569,'GATSBY HYPER SOLID 75G','8992222052993',13,'0.00','5.00','0.00','3.70','SR','0.06','0.00','0.00',1,NULL,0,'2016-10-04 08:57:40',NULL,NULL),(570,'GATSBY SOFT 75G','8992222050098',13,'0.00','5.00','0.00','3.70','SR','0.06','0.00','0.00',1,NULL,0,'2016-10-04 08:57:40',NULL,NULL),(571,'GATSBY SOFT 150G','8992222050043',13,'0.00','5.00','0.00','6.50','SR','0.06','0.00','0.00',1,NULL,0,'2016-10-04 08:57:40',NULL,NULL),(572,'GATSBY HARD 150G','8992222050104',13,'0.00','5.00','0.00','6.50','SR','0.06','0.00','0.00',1,NULL,0,'2016-10-04 08:57:40',NULL,NULL),(573,'GATSBY ANTI-DANDRUFF 70G','8992222050616',13,'0.00','5.00','0.00','3.50','SR','0.06','0.00','0.00',1,NULL,0,'2016-10-04 08:57:40',NULL,NULL),(574,'GATSBY NORMAL 70G','8992222050241',13,'0.00','5.00','0.00','3.50','SR','0.06','0.00','0.00',1,NULL,0,'2016-10-04 08:57:40',NULL,NULL),(575,'GATSBY ANTI-DANDRUFF 125G','8992222050623',13,'0.00','5.00','0.00','5.00','SR','0.06','0.00','0.00',1,NULL,0,'2016-10-04 08:57:40',NULL,NULL),(576,'RUCHI CHANACHUR HOT 350G','8941100513019',16,'0.00','5.00','0.00','4.50','SR','0.06','0.00','0.00',1,NULL,0,'2016-10-04 08:57:40',NULL,NULL),(577,'RUCHI CHANACHUR HOT 150G','8941100513163',16,'0.00','5.00','0.00','2.50','SR','0.06','0.00','0.00',1,NULL,0,'2016-10-04 08:57:40',NULL,NULL),(578,'DOWNY SUNRISE FRESH 400ML','4902430963251',13,'0.00','5.00','0.00','6.80','SR','0.06','0.00','0.00',1,NULL,0,'2016-10-04 08:57:40',NULL,NULL),(579,'DOWNY PARFUM COLLECTION 370ML','4902430276429',13,'0.00','5.00','0.00','6.80','SR','0.06','0.00','0.00',1,NULL,0,'2016-10-04 08:57:40',NULL,NULL),(580,'DOWNY MYSTIQUE 370ML','4902430504539',13,'0.00','5.00','0.00','6.80','SR','0.06','0.00','0.00',1,NULL,0,'2016-10-04 08:57:40',NULL,NULL),(581,'DAIA SOFTENER PEACH SENSATION 1800ML','8998866802598',13,'0.00','5.00','0.00','6.00','SR','0.06','0.00','0.00',1,NULL,0,'2016-10-04 08:57:40',NULL,NULL),(582,'DAIA SOFTENER MORNING MIST 1800ML','8998866802543',13,'0.00','5.00','0.00','6.50','SR','0.06','0.00','0.00',1,NULL,0,'2016-10-04 08:57:40',NULL,NULL),(583,'WIN TANGY LEMON LIQUID 900ML','9556444700972',13,'0.00','5.00','0.00','4.50','SR','0.06','0.00','0.00',1,NULL,0,'2016-10-04 08:57:40',NULL,NULL),(584,'WIN COOL LIME LIQUID 900ML','9556444700965',13,'0.00','5.00','0.00','4.50','SR','0.06','0.00','0.00',1,NULL,0,'2016-10-04 08:57:40',NULL,NULL),(585,'TEMAN LIME LIQUID 1L','9555642706267',13,'0.00','5.00','0.00','6.50','SR','0.06','0.00','0.00',1,NULL,0,'2016-10-04 08:57:40',NULL,NULL),(586,'TEMAN LEMON LIQUID 1L','9555642706274',13,'0.00','5.00','0.00','6.50','SR','0.06','0.00','0.00',1,NULL,0,'2016-10-04 08:57:40',NULL,NULL),(587,'K1000 DISHWASHING LIQUID 900ML','9556444701214',13,'0.00','5.00','0.00','3.80','SR','0.06','0.00','0.00',1,NULL,0,'2016-10-04 08:57:40',NULL,NULL),(588,'KH OXI BLEACH REGULAR 500ML','9556444300042',10,'0.00','5.00','0.00','2.80','SR','0.06','0.00','0.00',1,NULL,0,'2016-10-04 08:57:40',NULL,NULL),(589,'DOVE FRESH TOUCH','8717163989876',13,'0.00','5.00','0.00','3.70','SR','0.06','0.00','0.00',1,NULL,0,'2016-10-04 08:57:40',NULL,NULL),(590,'DOVE RESTORE','8711700966610',13,'0.00','5.00','0.00','3.50','SR','0.06','0.00','0.00',1,NULL,0,'2016-10-04 08:57:40',NULL,NULL),(591,'DOVE BEAUTY CREAM BAR','8717163566282',13,'0.00','5.00','0.00','3.50','SR','0.06','0.00','0.00',1,NULL,0,'2016-10-04 08:57:40',NULL,NULL),(592,'DOVE PINK BEAUTY CREAM BAR','8717163616468',13,'0.00','5.00','0.00','3.50','SR','0.06','0.00','0.00',1,NULL,0,'2016-10-04 08:57:40',NULL,NULL),(593,'DETTOL FRESH 4X105G','9556111985046',13,'0.00','5.00','0.00','8.50','SR','0.06','0.00','0.00',1,NULL,0,'2016-10-04 08:57:40',NULL,NULL),(594,'FM HAIR CREAM','9556171406031',13,'0.00','5.00','0.00','7.50','SR','0.06','0.00','0.00',1,NULL,0,'2016-10-04 08:57:40',NULL,NULL),(595,'FM HAIR GEL','9556171404013',13,'0.00','5.00','0.00','6.50','SR','0.06','0.00','0.00',1,NULL,0,'2016-10-04 08:57:40',NULL,NULL),(596,'FM HAIR CREAM STRONG HOLD','9556171406154',13,'0.00','5.00','0.00','8.60','SR','0.06','0.00','0.00',1,NULL,0,'2016-10-04 08:57:40',NULL,NULL),(597,'REJOICE SOFT & SMOOTH SHAMPOO','4902430450362',13,'0.00','5.00','0.00','10.00','SR','0.06','0.00','0.00',1,NULL,0,'2016-10-04 08:57:40',NULL,NULL),(598,'REJOICE ANTI-FRIZZ SHAMPOO','4902430450393',13,'0.00','5.00','0.00','13.50','SR','0.06','0.00','0.00',1,NULL,0,'2016-10-04 08:57:40',NULL,NULL),(599,'REJOICE RICH SHAMPOO','4902430450355',13,'0.00','5.00','0.00','13.50','SR','0.06','0.00','0.00',1,NULL,0,'2016-10-04 08:57:40',NULL,NULL),(600,'REJOICE ANTI-DANDRUFF 70ML','4902430428309',13,'0.00','5.00','0.00','4.00','SR','0.06','0.00','0.00',1,NULL,0,'2016-10-04 08:57:40',NULL,NULL),(601,'REJOICE MANAGEABLE BLACK 70ML','4902430428385',13,'0.00','5.00','0.00','4.00','SR','0.06','0.00','0.00',1,NULL,0,'2016-10-04 08:57:40',NULL,NULL),(602,'REJOICE SOFT & SMOOTH 70ML','4902430432245',13,'0.00','5.00','0.00','4.00','SR','0.06','0.00','0.00',1,NULL,0,'2016-10-04 08:57:40',NULL,NULL),(603,'REJOICE ANTI-HAIR FALL 70ML','4902430428361',13,'0.00','5.00','0.00','4.00','SR','0.06','0.00','0.00',1,NULL,0,'2016-10-04 08:57:40',NULL,NULL),(604,'REJOICE 3 IN 1 ANTI DANDRUFF 70ML','4902430429399',13,'0.00','5.00','0.00','4.00','SR','0.06','0.00','0.00',1,NULL,0,'2016-10-04 08:57:40',NULL,NULL),(605,'MINYAK SAPI GHEE 125G','9557366100215',16,'0.00','5.00','0.00','5.50','SR','0.06','0.00','0.00',1,NULL,0,'2016-10-04 08:57:40',NULL,NULL),(606,'PRAN GHEE','831730007355',16,'0.00','5.00','0.00','7.00','SR','0.06','0.00','0.00',1,NULL,0,'2016-10-04 08:57:40',NULL,NULL),(607,'GINGER PASTE','846656013915',16,'0.00','5.00','0.00','5.00','SR','0.06','0.00','0.00',1,NULL,0,'2016-10-04 08:57:40',NULL,NULL),(608,'GARLIC PASTE','846656013908',16,'0.00','5.00','0.00','5.00','SR','0.06','0.00','0.00',1,NULL,0,'2016-10-04 08:57:40',NULL,NULL),(609,'RADHUNI OIL','8941100512654',16,'0.00','5.00','0.00','7.00','SR','0.06','0.00','0.00',1,NULL,0,'2016-10-04 08:57:40',NULL,NULL),(610,'RADHUNI OIL','8941100512647',16,'0.00','5.00','0.00','4.00','SR','0.06','0.00','0.00',1,NULL,0,'2016-10-04 08:57:40',NULL,NULL),(611,'MIXED VEGETABLE PICKLE','8941131080252',16,'0.00','5.00','0.00','4.50','SR','0.06','0.00','0.00',1,NULL,0,'2016-10-04 08:57:40',NULL,NULL),(612,'PRAN OLIVE PICKLE','831730001711',16,'0.00','5.00','0.00','5.00','SR','0.06','0.00','0.00',1,NULL,0,'2016-10-04 08:57:40',NULL,NULL),(613,'PRAN MIXED PICKLE','831730001926',16,'0.00','5.00','0.00','5.00','SR','0.06','0.00','0.00',1,NULL,0,'2016-10-04 08:57:40',NULL,NULL),(614,'PRAN MANGO PICKLE','831730001636',16,'0.00','5.00','0.00','5.00','SR','0.06','0.00','0.00',1,NULL,0,'2016-10-04 08:57:40',NULL,NULL),(615,'GOLD COIN CREAMER','9556040060029',16,'0.00','5.00','0.00','3.30','SR','0.06','0.00','0.00',1,NULL,0,'2016-10-04 08:57:40',NULL,NULL),(616,'F & N CREAMER','9556040060036',16,'0.00','5.00','0.00','3.30','SR','0.06','0.00','0.00',1,NULL,0,'2016-10-04 08:57:40',NULL,NULL),(617,'F & N KRIMER SEJAT','9556040310049',16,'0.00','5.00','0.00','3.50','SR','0.06','0.00','0.00',1,NULL,0,'2016-10-04 08:57:40',NULL,NULL),(618,'BLENDED RICE FLOUR 500G','9557105000066',16,'0.00','5.00','0.00','2.50','SR','0.06','0.00','0.00',1,NULL,0,'2016-10-04 08:57:40',NULL,NULL),(619,'CORN STARCH 400G','9557014000072',16,'0.00','5.00','0.00','1.80','SR','0.06','0.00','0.00',1,NULL,0,'2016-10-04 08:57:40',NULL,NULL),(620,'FLATTEND RICE 500G','8914755215843',16,'0.00','5.00','0.00','4.00','SR','0.06','0.00','0.00',1,NULL,0,'2016-10-04 08:57:40',NULL,NULL),(621,'PROME SUGAR CANE','8951713016845',16,'0.00','5.00','0.00','4.00','SR','0.06','0.00','0.00',1,NULL,0,'2016-10-04 08:57:40',NULL,NULL),(622,'PROME FLATTEND RICE 200G','8941713011858',16,'0.00','5.00','0.00','2.50','SR','0.06','0.00','0.00',1,NULL,0,'2016-10-04 08:57:40',NULL,NULL),(623,'PROME HOT CHANACHUR 300G','8941713011179',16,'0.00','5.00','0.00','4.50','SR','0.06','0.00','0.00',1,NULL,0,'2016-10-04 08:57:40',NULL,NULL),(624,'PROME HOT CHANACHUR 150G','8941131080764',16,'0.00','5.00','0.00','2.50','SR','0.06','0.00','0.00',1,NULL,0,'2016-10-04 08:57:40',NULL,NULL),(625,'PRAN HOT CHANACHUR 150G','831730003739',16,'0.00','5.00','0.00','2.00','SR','0.06','0.00','0.00',1,NULL,0,'2016-10-04 08:57:40',NULL,NULL),(626,'RUCHI CHANACHUR BBQ FLAVOR 150G','8941100513194',16,'0.00','5.00','0.00','2.50','SR','0.06','0.00','0.00',1,NULL,0,'2016-10-04 08:57:40',NULL,NULL),(627,'SUNSILK HAIR FALL SOLUTION 160ML','8851932299831',13,'0.00','5.00','0.00','8.00','SR','0.06','0.00','0.00',1,NULL,0,'2016-10-04 08:57:40',NULL,NULL),(628,'CUSTARD POWDER 300G','4808647220029',16,'0.00','5.00','0.00','4.50','SR','0.06','0.00','0.00',1,NULL,0,'2016-10-04 08:57:40',NULL,NULL),(629,'CADBARY ZIP STRAWBERRY FLAVOUR','7622210164537',18,'0.00','5.00','0.00','3.99','SR','0.06','0.00','0.00',1,NULL,0,'2016-10-04 08:57:40',NULL,NULL),(630,'MINI OREO CHOCOLATE FLAVOURED','7622300761363',18,'0.00','5.00','0.00','4.50','SR','0.06','0.00','0.00',1,NULL,0,'2016-10-04 08:57:40',NULL,NULL),(631,'MINI OREO VANILLA FLAVOURED','7622300761349',18,'0.00','5.00','0.00','4.50','SR','0.06','0.00','0.00',1,NULL,0,'2016-10-04 08:57:40',NULL,NULL),(632,'CLORETS ACTIZOL PLUS','8850338002953',18,'0.00','5.00','0.00','2.30','SR','0.06','0.00','0.00',1,NULL,0,'2016-10-04 08:57:40',NULL,NULL),(633,'CADBARY CHOCLAIRS','6915288000496',18,'0.00','5.00','0.00','2.00','SR','0.06','0.00','0.00',1,NULL,0,'2016-10-04 08:57:40',NULL,NULL),(634,'MENTOS SOUR MIX','6921211102298',18,'0.00','5.00','0.00','1.40','SR','0.06','0.00','0.00',1,NULL,0,'2016-10-04 08:57:40',NULL,NULL),(635,'CADBARY ZIP CHOCOLATE FLAVOUR','9556182012146',18,'0.00','5.00','0.00','1.70','SR','0.06','0.00','0.00',1,NULL,0,'2016-10-04 08:57:40',NULL,NULL),(636,'CADBARY ZIP STRAWBERRY FLAVOUR','9556182018841',18,'0.00','5.00','0.00','1.70','SR','0.06','0.00','0.00',1,NULL,0,'2016-10-04 08:57:40',NULL,NULL),(637,'MENTOS MINT','6921211101017',18,'0.00','5.00','0.00','1.40','SR','0.06','0.00','0.00',1,NULL,0,'2016-10-04 08:57:40',NULL,NULL),(638,'CLORETS COOL MINT','6924513910004',18,'0.00','5.00','0.00','1.20','SR','0.06','0.00','0.00',1,NULL,0,'2016-10-04 08:57:40',NULL,NULL),(639,'MENTOS FRUIT FLAVOUR','6921211101154',18,'0.00','5.00','0.00','1.40','SR','0.06','0.00','0.00',1,NULL,0,'2016-10-04 08:57:40',NULL,NULL),(640,'MENTOS RAINBOW','6921211104629',18,'0.00','5.00','0.00','1.40','SR','0.06','0.00','0.00',1,NULL,0,'2016-10-04 08:57:40',NULL,NULL),(641,'CADBARY CRUNCHIE','9300617322863',18,'0.00','5.00','0.00','3.60','SR','0.06','0.00','0.00',1,NULL,0,'2016-10-04 08:57:40',NULL,NULL),(642,'CADBARY PICNIC','9300617408642',18,'0.00','5.00','0.00','3.50','SR','0.06','0.00','0.00',1,NULL,0,'2016-10-04 08:57:40',NULL,NULL),(643,'CADBARY BOOST','9300617302834',18,'0.00','5.00','0.00','3.30','SR','0.06','0.00','0.00',1,NULL,0,'2016-10-04 08:57:40',NULL,NULL),(644,'HALLS EXTRA STRONG CANDY','6924513905598',18,'0.00','5.00','0.00','1.50','SR','0.06','0.00','0.00',1,NULL,0,'2016-10-04 08:57:40',NULL,NULL),(645,'CLORETS OCEAN MINT','6924513910158',18,'0.00','5.00','0.00','1.20','SR','0.06','0.00','0.00',1,NULL,0,'2016-10-04 08:57:40',NULL,NULL),(646,'E-JUSS ANGGUR','8993058104016',16,'0.00','5.00','0.00','2.50','SR','0.06','0.00','0.00',1,NULL,0,'2016-10-04 08:57:40',NULL,NULL),(647,'NIPS CHOCOLATE COATED PEANUTS 35G','9556196001624',18,'0.00','5.00','0.00','1.00','SR','0.06','0.00','0.00',1,NULL,0,'2016-10-04 08:57:40',NULL,NULL),(648,'WOODS PEPPERMINT ORIGINAL','8992858687101',18,'0.00','5.00','0.00','1.50','SR','0.06','0.00','0.00',1,NULL,0,'2016-10-04 08:57:40',NULL,NULL),(649,'WOODS P.MINT HONEY LEMON','8992858688214',18,'0.00','5.00','0.00','1.50','SR','0.06','0.00','0.00',1,NULL,0,'2016-10-04 08:57:40',NULL,NULL),(650,'NANONANO UNIQUE FLAVOUR','8998685900420',18,'0.00','5.00','0.00','1.20','SR','0.06','0.00','0.00',1,NULL,0,'2016-10-04 08:57:40',NULL,NULL),(651,'CITRA LASTING GLOW 120ML','8999999003661',13,'0.00','5.00','0.00','4.00','SR','0.06','0.00','0.00',1,NULL,0,'2016-10-04 08:57:40',NULL,NULL),(652,'CITRA LASTING WHITE UV 120ML','8999999003708',13,'0.00','5.00','0.00','4.50','SR','0.06','0.00','0.00',1,NULL,0,'2016-10-04 08:57:40',NULL,NULL),(653,'CITRA PEARLY WHITE UV 120ML','8999999003722',13,'0.00','5.00','0.00','4.50','SR','0.06','0.00','0.00',1,NULL,0,'2016-10-04 08:57:40',NULL,NULL),(654,'CITRA NIGHT WHITENING 120ML','8999999029937',13,'0.00','5.00','0.00','4.50','SR','0.06','0.00','0.00',1,NULL,0,'2016-10-04 08:57:40',NULL,NULL),(655,'CITRA FRESH RADIANCE 250ML','8999999003777',13,'0.00','5.00','0.00','7.99','SR','0.06','0.00','0.00',1,NULL,0,'2016-10-04 08:57:40',NULL,NULL),(656,'CITRA LASTING WHITE UV 250ML','8999999003753',13,'0.00','5.00','0.00','7.00','SR','0.06','0.00','0.00',1,NULL,0,'2016-10-04 08:57:40',NULL,NULL),(657,'CITRA PEARLY WHITE UV 250ML','8999999003760',13,'0.00','5.00','0.00','8.50','SR','0.06','0.00','0.00',1,NULL,0,'2016-10-04 08:57:40',NULL,NULL),(658,'CITRA NIGHT WHITENING 250ML','8999999029920',13,'0.00','5.00','0.00','7.50','SR','0.06','0.00','0.00',1,NULL,0,'2016-10-04 08:57:40',NULL,NULL),(659,'PARACHUTE 240ML','8901088035279',13,'0.00','5.00','0.00','7.50','SR','0.06','0.00','0.00',1,NULL,0,'2016-10-04 08:57:40',NULL,NULL),(660,'FRUISER H.WASH GOAT\'S MILK 500ML','9557887165250',13,'0.00','5.00','0.00','5.50','SR','0.06','0.00','0.00',1,NULL,0,'2016-10-04 08:57:40',NULL,NULL),(661,'SHENG LONG','6522502502676',13,'0.00','5.00','0.00','4.50','SR','0.06','0.00','0.00',1,NULL,0,'2016-10-04 08:57:40',NULL,NULL),(662,'FRUISER H.WASH ALOE VERA 500ML','9557887165267',13,'0.00','5.00','0.00','5.50','SR','0.06','0.00','0.00',1,NULL,0,'2016-10-04 08:57:40',NULL,NULL),(663,'FRUISER H.WASH STRAWBERRY 500ML','9557887165137',13,'0.00','5.00','0.00','5.50','SR','0.06','0.00','0.00',1,NULL,0,'2016-10-04 08:57:40',NULL,NULL),(664,'ENCHANTEUR ROMANTIC 250ML','8888202045768',13,'0.00','5.00','0.00','8.00','SR','0.06','0.00','0.00',1,NULL,0,'2016-10-04 08:57:40',NULL,NULL),(665,'ENCHANTEUR DESIRE 250ML','8888202045621',13,'0.00','5.00','0.00','8.00','SR','0.06','0.00','0.00',1,NULL,0,'2016-10-04 08:57:40',NULL,NULL),(666,'ENCHANTEUR DESIRE 500ML','8888202045751',13,'0.00','5.00','0.00','14.99','SR','0.06','0.00','0.00',1,NULL,0,'2016-10-04 08:57:40',NULL,NULL),(667,'FM MEN BODY SPRAY RED','95501604',13,'0.00','5.00','0.00','6.50','SR','0.06','0.00','0.00',1,NULL,0,'2016-10-04 08:57:40',NULL,NULL),(668,'FM MEN BODY SPRAY WHITE','95501994',13,'0.00','5.00','0.00','6.50','SR','0.06','0.00','0.00',1,NULL,0,'2016-10-04 08:57:40',NULL,NULL),(669,'FM MEN BODY SPRAY YELLOW','95501598',13,'0.00','5.00','0.00','6.50','SR','0.06','0.00','0.00',1,NULL,0,'2016-10-04 08:57:40',NULL,NULL),(670,'NIVEA PEARL & BEAUTY 150ML','4005808837311',13,'0.00','5.00','0.00','11.50','SR','0.06','0.00','0.00',1,NULL,0,'2016-10-04 08:57:40',NULL,NULL),(671,'NIVEA BLACK & WHITE 150ML','4005900034724',13,'0.00','5.00','0.00','11.50','SR','0.06','0.00','0.00',1,NULL,0,'2016-10-04 08:57:40',NULL,NULL),(672,'NIVEA MEN DRY IMPACT PLUS','4005808298334',13,'0.00','5.00','0.00','8.00','SR','0.06','0.00','0.00',1,NULL,0,'2016-10-04 08:57:40',NULL,NULL),(673,'MEN\'S BIORE ACNE SOLUTION 100G','8934681919998',13,'0.00','5.00','0.00','13.50','SR','0.06','0.00','0.00',1,NULL,0,'2016-10-04 08:57:40',NULL,NULL),(674,'MEN\'S BIORE DEEP CLEAN 100G','8934681812411',13,'0.00','5.00','0.00','14.00','SR','0.06','0.00','0.00',1,NULL,0,'2016-10-04 08:57:40',NULL,NULL),(675,'FAIR & HANDSOME 50G','8901248253116',13,'0.00','5.00','0.00','10.00','SR','0.06','0.00','0.00',1,NULL,0,'2016-10-04 08:57:40',NULL,NULL),(676,'S/S KITCHEN CLEANERS','888800287',10,'0.00','5.00','0.00','1.20','SR','0.06','0.00','0.00',1,NULL,0,'2016-10-04 08:57:40',NULL,NULL),(677,'COLGATE ZIG ZAG PLUS S','8850006264027',13,'0.00','5.00','0.00','4.00','SR','0.06','0.00','0.00',1,NULL,0,'2016-10-04 08:57:40',NULL,NULL),(678,'ORAL_B EXCEED','3014260276782',13,'0.00','5.00','0.00','6.00','SR','0.06','0.00','0.00',1,NULL,0,'2016-10-04 08:57:40',NULL,NULL),(679,'CSR COARSE SUGAR 1KG','9556434100010',16,'0.00','5.00','0.00','3.30','SR','0.06','0.00','0.00',1,NULL,0,'2016-10-04 08:57:40',NULL,NULL),(680,'ALAGAPPA\'S TEPUNG MURUKKU 400G','9556717009429',16,'0.00','5.00','0.00','4.50','SR','0.06','0.00','0.00',1,NULL,0,'2016-10-04 08:57:40',NULL,NULL),(681,'KH AROMATERAPI 800G','9556444301476',10,'0.00','5.00','0.00','4.50','SR','0.06','0.00','0.00',1,NULL,0,'2016-10-04 08:57:40',NULL,NULL),(682,'KH LEMON 800G','9556444301452',10,'0.00','5.00','0.00','4.50','SR','0.06','0.00','0.00',1,NULL,0,'2016-10-04 08:57:40',NULL,NULL),(683,'KH AROMA ROSES 800G','9556444302039',10,'0.00','5.00','0.00','4.50','SR','0.06','0.00','0.00',1,NULL,0,'2016-10-04 08:57:40',NULL,NULL),(684,'KH LEMON ZIP 200G','9556444600104',13,'0.00','5.00','0.00','2.00','SR','0.06','0.00','0.00',1,NULL,0,'2016-10-04 08:57:40',NULL,NULL),(685,'KH LIME ZIP 200G','9556444600098',13,'0.00','5.00','0.00','2.00','SR','0.06','0.00','0.00',1,NULL,0,'2016-10-04 08:57:40',NULL,NULL),(686,'KH MANIK MIKRO 400G','9556444800221',13,'0.00','5.00','0.00','3.50','SR','0.06','0.00','0.00',1,NULL,0,'2016-10-04 08:57:40',NULL,NULL),(687,'KH LEMON ZIP 400G','9556444600012',13,'0.00','5.00','0.00','3.50','SR','0.06','0.00','0.00',1,NULL,0,'2016-10-04 08:57:40',NULL,NULL),(688,'TELUR GRED C',NULL,1,'0.00','5.00','0.00','11.00','SR','0.06','0.00','0.00',1,NULL,0,'2016-10-04 08:57:40',NULL,NULL),(689,'DRYCAKE BISK CLUB',NULL,17,'0.00','5.00','0.00','6.00','SR','0.06','0.00','0.00',1,NULL,0,'2016-10-04 08:57:40',NULL,NULL),(690,'DRYCAKE','846656006559',17,'0.00','5.00','0.00','6.00','SR','0.06','0.00','0.00',1,NULL,0,'2016-10-04 08:57:40',NULL,NULL),(691,'BABAS BRIYANI 70G','9556065000543',9,'0.00','5.00','0.00','4.60','SR','0.06','0.00','0.00',1,NULL,0,'2016-10-04 08:57:40',NULL,NULL),(692,'MEVIUS LIGHT','4902210200804',4,'0.00','5.00','0.00','17.00','SR','0.06','0.00','0.00',1,NULL,0,'2016-10-04 08:57:40',NULL,NULL),(693,'PETER STUYVESANT LIGHT','9556109105722',4,'0.00','5.00','0.00','15.50','SR','0.06','0.00','0.00',1,NULL,0,'2016-10-04 08:57:40',NULL,NULL),(694,'KENT BLUE','9556109100710',4,'0.00','5.00','0.00','17.00','SR','0.06','0.00','0.00',1,NULL,0,'2016-10-04 08:57:40',NULL,NULL),(695,'L&M FILTER','95509785',4,'0.00','5.00','0.00','15.50','SR','0.06','0.00','0.00',1,NULL,0,'2016-10-04 08:57:40',NULL,NULL),(696,'MEVIUS RESEAL','01239730',4,'0.00','5.00','0.00','17.00','SR','0.06','0.00','0.00',1,NULL,0,'2016-10-04 08:57:40',NULL,NULL),(697,'PALL MALL LIGHT','9556109102783',4,'0.00','5.00','0.00','15.50','SR','0.06','0.00','0.00',1,NULL,0,'2016-10-04 08:57:40',NULL,NULL),(698,'L&M MENTHOL','95509792',4,'0.00','5.00','0.00','15.50','SR','0.06','0.00','0.00',1,NULL,0,'2016-10-04 08:57:40',NULL,NULL),(699,'SHIELDTOX MOSQUITO SPRAY 800 ML','9556111984094',1,'0.00','5.00','0.00','12.50','SR','0.06','0.00','0.00',1,NULL,0,'2016-10-04 08:57:40',NULL,NULL),(700,'SHIELDTOX MOSQUITO SPRAY 270 ML','9556111175232',1,'0.00','5.00','0.00','6.50','SR','0.06','0.00','0.00',1,NULL,0,'2016-10-04 08:57:40',NULL,NULL),(701,'BAYGON COCKROACH CONTROL 380G','9555222602187',1,'0.00','5.00','0.00','12.50','SR','0.06','0.00','0.00',1,NULL,0,'2016-10-04 08:57:40',NULL,NULL),(702,'RED BULL 250 ML ORGINAL','90376245',6,'0.00','5.00','0.00','5.50','SR','0.06','0.00','0.00',1,NULL,0,'2016-10-04 08:57:40',NULL,NULL),(703,'DUTCH LADY MILK LOW FAT 1L','9556166058160',7,'0.00','5.00','0.00','6.99','SR','0.06','0.00','0.00',1,NULL,0,'2016-10-04 08:57:40',NULL,NULL),(704,'DRINHO SOYABEAN MILK 1L','9556007000310',7,'0.00','5.00','0.00','3.50','SR','0.06','0.00','0.00',1,NULL,0,'2016-10-04 08:57:40',NULL,NULL),(705,'RED BULL LESS SUGER 250 ML','8888307070252',6,'0.00','5.00','0.00','2.80','SR','0.06','0.00','0.00',1,NULL,0,'2016-10-04 08:57:40',NULL,NULL),(706,'LIVITA GETS YOU GOING 150ML','9556375150501',6,'0.00','5.00','0.00','2.20','SR','0.06','0.00','0.00',1,NULL,0,'2016-10-04 08:57:40',NULL,NULL),(707,'RED BULL 150 ML','8888307881506',6,'0.00','5.00','0.00','2.00','SR','0.06','0.00','0.00',1,NULL,0,'2016-10-04 08:57:40',NULL,NULL),(708,'STING BERRY BLAST 330 ML','9556404060054',6,'0.00','5.00','0.00','3.00','SR','0.06','0.00','0.00',1,NULL,0,'2016-10-04 08:57:40',NULL,NULL),(709,'STING GOLD RUSH 330 ML','9556404059058',6,'0.00','5.00','0.00','3.00','SR','0.06','0.00','0.00',1,NULL,0,'2016-10-04 08:57:40',NULL,NULL),(710,'YEOS TEH KRISANTIMUM 1L','9556156006294',7,'0.00','5.00','0.00','3.50','SR','0.06','0.00','0.00',1,NULL,0,'2016-10-04 08:57:40',NULL,NULL),(711,'MR MUSCLE GLASS CLEANER 500G','9555222603788',1,'0.00','5.00','0.00','7.50','SR','0.06','0.00','0.00',1,NULL,0,'2016-10-04 08:57:40',NULL,NULL),(712,'AJAX APPLE FRESH 1L','9556031076527',1,'0.00','5.00','0.00','8.00','SR','0.06','0.00','0.00',1,NULL,0,'2016-10-04 08:57:40',NULL,NULL),(713,'AJAX ROSE FRESH 1L','9556031089053',1,'0.00','5.00','0.00','8.00','SR','0.06','0.00','0.00',1,NULL,0,'2016-10-04 08:57:40',NULL,NULL),(714,'AJAX LIME FRESH 1L','9556031095009',1,'0.00','5.00','0.00','8.00','SR','0.06','0.00','0.00',1,NULL,0,'2016-10-04 08:57:40',NULL,NULL),(715,'DETTOL MULTI ACTION CLEANER 4 IN 1 1500ML','9556111637549',1,'0.00','5.00','0.00','13.00','SR','0.06','0.00','0.00',1,NULL,0,'2016-10-04 08:57:40',NULL,NULL),(716,'DETTOL ORANGE MULTI ACTION CLEANER 4 IN 1 1500ML','9556111637525',1,'0.00','5.00','0.00','77.00','SR','0.06','0.00','0.00',1,NULL,0,'2016-10-04 08:57:40',NULL,NULL),(717,'M&S COCONUT MILK 500ML','9556093012037',16,'0.00','5.00','0.00','6.50','SR','0.06','0.00','0.00',1,NULL,0,'2016-10-04 08:57:40',NULL,NULL),(718,'AMBI PUR LAVENDER BREEZE AIR FRESHENER 300ML','9556076005445',1,'0.00','5.00','0.00','8.50','SR','0.06','0.00','0.00',1,NULL,0,'2016-10-04 08:57:40',NULL,NULL),(719,'AMBI PUR PINK FLOWERS AIR FRESHENER 300ML','9556076001447',1,'0.00','5.00','0.00','8.50','SR','0.06','0.00','0.00',1,NULL,0,'2016-10-04 08:57:40',NULL,NULL),(720,'AMBI PUR GREEN TEA AIR FRESHENER 300ML','9556076004349',1,'0.00','5.00','0.00','8.50','SR','0.06','0.00','0.00',1,NULL,0,'2016-10-04 08:57:40',NULL,NULL),(721,'AMBI PUR FRESH&PURE FRESHENER 300ML','9556076011040',1,'0.00','5.00','0.00','8.50','SR','0.06','0.00','0.00',1,NULL,0,'2016-10-04 08:57:40',NULL,NULL),(722,'AMBI PUR BLUE OCEAN FRESHENER 300ML','9556076004356',1,'0.00','5.00','0.00','8.50','SR','0.06','0.00','0.00',1,NULL,0,'2016-10-04 08:57:40',NULL,NULL),(723,'LIPTON YELLOW LABEL TEA 50 BAGS','8888086022008',1,'0.00','5.00','0.00','11.90','SR','0.06','0.00','0.00',1,NULL,0,'2016-10-04 08:57:40',NULL,NULL),(724,'LIPTON YELLOW LABEL TEA 50G','9556126202923',1,'0.00','5.00','0.00','2.60','SR','0.06','0.00','0.00',1,NULL,0,'2016-10-04 08:57:40',NULL,NULL),(725,'BURUH REFINED COOKING OIL 500G','9556046111008',21,'0.00','5.00','0.00','2.90','SR','0.06','0.00','0.00',1,NULL,0,'2016-10-04 08:57:40',NULL,NULL),(726,'SERI MURNI COOKING OIL 1L','9556755000310',21,'0.00','5.00','0.00','4.50','SR','0.06','0.00','0.00',1,NULL,0,'2016-10-04 08:57:40',NULL,NULL),(727,'DETTOL FRESH 4PIC','9556111987903',1,'0.00','5.00','0.00','8.50','SR','0.06','0.00','0.00',1,NULL,0,'2016-10-04 08:57:40',NULL,NULL),(728,'DETTOL LASTING FRESH 4PIC','9556111985862',1,'0.00','5.00','0.00','8.50','SR','0.06','0.00','0.00',1,NULL,0,'2016-10-04 08:57:40',NULL,NULL),(729,'DETTOL ACTIVE 4PIC','9556111987934',1,'0.00','5.00','0.00','8.50','SR','0.06','0.00','0.00',1,NULL,0,'2016-10-04 08:57:40',NULL,NULL),(730,'DETTOL SKINCARE 4PIC','9556111987941',1,'0.00','5.00','0.00','8.50','SR','0.06','0.00','0.00',1,NULL,0,'2016-10-04 08:57:40',NULL,NULL),(731,'DETTOL OLIVE & ALMOND 4PICDETTOL SKINCARE 4PIC','9556111987880',1,'0.00','5.00','0.00','8.50','SR','0.06','0.00','0.00',1,NULL,0,'2016-10-04 08:57:40',NULL,NULL),(732,'MILO 1LITER','9556001183477',7,'0.00','5.00','0.00','6.50','SR','0.06','0.00','0.00',1,NULL,0,'2016-10-04 08:57:40',NULL,NULL),(733,'KOKOKRUNCH CHOCOLATEY 170G','4800361002851',16,'0.00','5.00','0.00','5.90','SR','0.06','0.00','0.00',1,NULL,0,'2016-10-04 08:57:40',NULL,NULL),(734,'HONEY STARS 150G','4800361002936',16,'0.00','5.00','0.00','5.90','SR','0.06','0.00','0.00',1,NULL,0,'2016-10-04 08:57:40',NULL,NULL),(735,'NESTLE MILO 170G','4800361002974',16,'0.00','5.00','0.00','5.90','SR','0.06','0.00','0.00',1,NULL,0,'2016-10-04 08:57:40',NULL,NULL),(736,'HONEY STARS 300G','4800361028165',16,'0.00','5.00','0.00','11.00','SR','0.06','0.00','0.00',1,NULL,0,'2016-10-04 08:57:40',NULL,NULL),(737,'KOKOKRUNCH CHOCOLATEY 330G','4800361000239',16,'0.00','5.00','0.00','11.00','SR','0.06','0.00','0.00',1,NULL,0,'2016-10-04 08:57:40',NULL,NULL),(738,'CORN FLAKES 175G','4800361388153',16,'0.00','5.00','0.00','5.90','SR','0.06','0.00','0.00',1,NULL,0,'2016-10-04 08:57:40',NULL,NULL),(739,'NESTLE MILO 330G','4800361291446',16,'0.00','5.00','0.00','11.00','SR','0.06','0.00','0.00',1,NULL,0,'2016-10-04 08:57:40',NULL,NULL),(740,'MILO POWDER 1KG','9556001201447',16,'0.00','5.00','0.00','22.00','SR','0.06','0.00','0.00',1,NULL,0,'2016-10-04 08:57:40',NULL,NULL),(741,'MILO POWDER 480G','9556001209665',16,'0.00','5.00','0.00','10.50','SR','0.06','0.00','0.00',1,NULL,0,'2016-10-04 08:57:40',NULL,NULL),(742,'MILO POWDER 200G','9556001200143',16,'0.00','5.00','0.00','6.50','SR','0.06','0.00','0.00',1,NULL,0,'2016-10-04 08:57:40',NULL,NULL),(743,'MAGGI SARAWAK SAMBAL LAKSA','9556001215444',16,'0.00','5.00','0.00','7.80','SR','0.06','0.00','0.00',1,NULL,0,'2016-10-04 08:57:40',NULL,NULL),(744,'MAGGI KOREAN SPICY BRAISED BEEF','9556001207555',16,'0.00','5.00','0.00','7.80','SR','0.06','0.00','0.00',1,NULL,0,'2016-10-04 08:57:40',NULL,NULL),(745,'MAGGI JOHOR SEAFOOD LAKSA','9556001227379',16,'0.00','5.00','0.00','7.80','SR','0.06','0.00','0.00',1,NULL,0,'2016-10-04 08:57:40',NULL,NULL),(746,'MAGGI HOT CUP SUP AYAM SPECIAL 63G','9556001177339',16,'0.00','5.00','0.00','1.90','SR','0.06','0.00','0.00',1,NULL,0,'2016-10-04 08:57:40',NULL,NULL),(747,'MAGGI HOT CUP ASAM LAKSA 60G','9556001228543',16,'0.00','5.00','0.00','2.00','SR','0.06','0.00','0.00',1,NULL,0,'2016-10-04 08:57:40',NULL,NULL),(748,'MAGGI HOT CUP GORENG 65G','9556001185198',16,'0.00','5.00','0.00','2.20','SR','0.06','0.00','0.00',1,NULL,0,'2016-10-04 08:57:40',NULL,NULL),(749,'NESTLE EVERY DAY MILK POWDER 300G','9556001184559',16,'0.00','5.00','0.00','12.00','SR','0.06','0.00','0.00',1,NULL,0,'2016-10-04 08:57:40',NULL,NULL),(750,'MAGGI LETUP GORENG KARI 64G','9556001227997',16,'0.00','5.00','0.00','2.50','SR','0.06','0.00','0.00',1,NULL,0,'2016-10-04 08:57:40',NULL,NULL),(751,'MAGGI KARI KICK 64G','9556001002747',16,'0.00','5.00','0.00','1.90','SR','0.06','0.00','0.00',1,NULL,0,'2016-10-04 08:57:40',NULL,NULL),(752,'MAGGI KARI LETUP 79G','9556001126597',16,'0.00','5.00','0.00','5.50','SR','0.06','0.00','0.00',1,NULL,0,'2016-10-04 08:57:40',NULL,NULL),(753,'MAGGI LETUP KARI CILI API 110G','9556001207524',16,'0.00','5.00','0.00','7.50','SR','0.06','0.00','0.00',1,NULL,0,'2016-10-04 08:57:40',NULL,NULL),(754,'MAGGI LETUP GORENG KARI BERASAP 119G','9556001227959',16,'0.00','5.00','0.00','7.50','SR','0.06','0.00','0.00',1,NULL,0,'2016-10-04 08:57:40',NULL,NULL),(755,'MAGGI AYAM 5+1PEK 77G','9556001205964',16,'0.00','5.00','0.00','5.00','SR','0.06','0.00','0.00',1,NULL,0,'2016-10-04 08:57:40',NULL,NULL),(756,'MAGGI BIG KARI 5+1PEK 111G','9556001227867',16,'0.00','5.00','0.00','6.00','SR','0.06','0.00','0.00',1,NULL,0,'2016-10-04 08:57:40',NULL,NULL),(757,'MAGGI KARI 5+1PEK 79G','9556001129741',16,'0.00','5.00','0.00','5.00','SR','0.06','0.00','0.00',1,NULL,0,'2016-10-04 08:57:40',NULL,NULL),(758,'MILO ORIGINAL 200ML 5+1PEK','9556001183552',7,'0.00','5.00','0.00','9.60','SR','0.06','0.00','0.00',1,NULL,0,'2016-10-04 08:57:40',NULL,NULL),(759,'NESCAFE KOPI O 240ML','9556001047243',7,'0.00','5.00','0.00','2.50','SR','0.06','0.00','0.00',1,NULL,0,'2016-10-04 08:57:40',NULL,NULL),(760,'WHITE COFFEE 240ML','9556001138293',7,'0.00','5.00','0.00','2.60','SR','0.06','0.00','0.00',1,NULL,0,'2016-10-04 08:57:40',NULL,NULL),(761,'NESCAFE CREAMY ROAST 240ML','9556001218476',7,'0.00','5.00','0.00','2.50','SR','0.06','0.00','0.00',1,NULL,0,'2016-10-04 08:57:40',NULL,NULL),(762,'NESCAFE LATTE 240ML','9556001025272',7,'0.00','5.00','0.00','2.20','SR','0.06','0.00','0.00',1,NULL,0,'2016-10-04 08:57:40',NULL,NULL),(763,'MILO MOCHA 240ML','9556001081322',7,'0.00','5.00','0.00','2.50','SR','0.06','0.00','0.00',1,NULL,0,'2016-10-04 08:57:40',NULL,NULL),(764,'NESCAFE MOCHA 240ML','9556001054005',7,'0.00','5.00','0.00','2.20','SR','0.06','0.00','0.00',1,NULL,0,'2016-10-04 08:57:40',NULL,NULL),(765,'NESCAFE ICE 300ML','9556001032492',7,'0.00','5.00','0.00','2.50','SR','0.06','0.00','0.00',1,NULL,0,'2016-10-04 08:57:40',NULL,NULL),(766,'NESCAFE SMOOVLATTE 190ML','8850127061697',7,'0.00','5.00','0.00','2.80','SR','0.06','0.00','0.00',1,NULL,0,'2016-10-04 08:57:40',NULL,NULL),(767,'MILO 190ML','9556001220479',7,'0.00','5.00','0.00','2.80','SR','0.06','0.00','0.00',1,NULL,0,'2016-10-04 08:57:40',NULL,NULL),(768,'FAIR & HANDSOME 25G','5060068526923',1,'0.00','5.00','0.00','8.00','SR','0.06','0.00','0.00',1,NULL,0,'2016-10-04 08:57:40',NULL,NULL),(769,'FAIR & LOVELY 50G','8901030486326',1,'0.00','5.00','0.00','8.50','SR','0.06','0.00','0.00',1,NULL,0,'2016-10-04 08:57:40',NULL,NULL),(770,'FAIR & LOVELY 80G','8901030486333',1,'0.00','5.00','0.00','12.00','SR','0.06','0.00','0.00',1,NULL,0,'2016-10-04 08:57:40',NULL,NULL),(771,'MEVIUS ORGINAL','49401196',4,'0.00','5.00','0.00','17.00','SR','0.06','0.00','0.00',1,NULL,0,'2016-10-04 08:57:40',NULL,NULL),(772,'DUNHILL SWITCH','9556109106019',4,'0.00','5.00','0.00','17.00','SR','0.06','0.00','0.00',1,NULL,0,'2016-10-04 08:57:40',NULL,NULL),(773,'DUNHILL ICE','9556109106194',4,'0.00','5.00','0.00','17.00','SR','0.06','0.00','0.00',1,NULL,0,'2016-10-04 08:57:40',NULL,NULL),(774,'DUNHILL LEMON','9556109106323',4,'0.00','5.00','0.00','17.00','SR','0.06','0.00','0.00',1,NULL,0,'2016-10-04 08:57:40',NULL,NULL),(775,'AJI-NO-MOTO 1KG','9556045106104',1,'0.00','5.00','0.00','12.50','SR','0.06','0.00','0.00',1,NULL,0,'2016-10-04 08:57:40',NULL,NULL),(776,'INDOMIE CHICKEN CURRY 74G X5','089686182095',1,'0.00','5.00','0.00','4.00','SR','0.06','0.00','0.00',1,NULL,0,'2016-10-04 08:57:40',NULL,NULL),(777,'INDOMIE PERISA SOTO 78G X5','089686182033',1,'0.00','5.00','0.00','4.50','SR','0.06','0.00','0.00',1,NULL,0,'2016-10-04 08:57:40',NULL,NULL),(778,'INDOMIE HOT & SPICY 80G X5','089686171686',1,'0.00','5.00','0.00','4.50','SR','0.06','0.00','0.00',1,NULL,0,'2016-10-04 08:57:40',NULL,NULL),(779,'INDOMIE CILI HIJAU 85G X5','089686171969',1,'0.00','5.00','0.00','4.50','SR','0.06','0.00','0.00',1,NULL,0,'2016-10-04 08:57:40',NULL,NULL),(780,'WONDA KOPI MOCHA 240ML','9556404116447',7,'0.00','5.00','0.00','2.20','SR','0.06','0.00','0.00',1,NULL,0,'2016-10-04 08:57:40',NULL,NULL),(781,'WONDA KOPI LATTE 240ML','9556404116423',7,'0.00','5.00','0.00','2.20','SR','0.06','0.00','0.00',1,NULL,0,'2016-10-04 08:57:40',NULL,NULL),(782,'100 PLUS LEMON LIME 325ML','9556570105207',6,'0.00','5.00','0.00','1.80','SR','0.06','0.00','0.00',1,NULL,0,'2016-10-04 08:57:40',NULL,NULL),(783,'TRAC DRY IRON TR-231IR','9555493002853',15,'0.00','5.00','0.00','44.99','SR','0.06','0.00','0.00',1,NULL,0,'2016-10-04 08:57:40',NULL,NULL),(784,'TRAC 1.8L ELECTRIC JUG KETTLE TR-1688JK','9555493009913',15,'0.00','5.00','0.00','38.00','SR','0.06','0.00','0.00',1,NULL,0,'2016-10-04 08:57:40',NULL,NULL),(785,'PHILUX 0.6L RICE COOKER PL-06','9555243702149',15,'0.00','5.00','0.00','67.00','SR','0.06','0.00','0.00',1,NULL,0,'2016-10-04 08:57:40',NULL,NULL),(786,'PHILUX 3.2L RICE COOKER ST:7053/14','9555243701128',15,'0.00','5.00','0.00','110.00','SR','0.06','0.00','0.00',1,NULL,0,'2016-10-04 08:57:40',NULL,NULL),(787,'PHILUX 14 TABLE FAN PL-12TF','9555243702361',15,'0.00','5.00','0.00','92.00','SR','0.06','0.00','0.00',1,NULL,0,'2016-10-04 08:57:40',NULL,NULL),(788,'PHILUX 1.0L RICE COOKER PL-10','9555243700381',15,'0.00','5.00','0.00','63.50','SR','0.06','0.00','0.00',1,NULL,0,'2016-10-04 08:57:40',NULL,NULL),(789,'PHILUX 2.2L RICE COOKER PL-26','9555243700398',15,'0.00','5.00','0.00','94.00','SR','0.06','0.00','0.00',1,NULL,0,'2016-10-04 08:57:40',NULL,NULL),(790,'AEROTECH 2.8L RICE COOKER AT-D2008RC','9555493004567',15,'0.00','5.00','0.00','110.00','SR','0.06','0.00','0.00',1,NULL,0,'2016-10-04 08:57:40',NULL,NULL),(791,'PHILUX GAS EFFICIENT BURNER PH-18','9555243700183',15,'0.00','5.00','0.00','47.00','SR','0.06','0.00','0.00',1,NULL,0,'2016-10-04 08:57:40',NULL,NULL),(792,'PHILUX GAS STOVE PH-28','9555243700671',15,'0.00','5.00','0.00','70.00','SR','0.06','0.00','0.00',1,NULL,0,'2016-10-04 08:57:40',NULL,NULL),(793,'PHILUX 1.8L RICE COOKER PL-18','9556886891702',15,'0.00','5.00','0.00','90.50','SR','0.06','0.00','0.00',1,NULL,0,'2016-10-04 08:57:40',NULL,NULL),(794,'PHILUX 12 TABLE FAN PL-12TF','9555243702279',15,'0.00','5.00','0.00','84.00','SR','0.06','0.00','0.00',1,NULL,0,'2016-10-04 08:57:40',NULL,NULL),(795,'PHILUX 16 TABLE FAN PL-16TF','9555243702286',15,'0.00','5.00','0.00','105.00','SR','0.06','0.00','0.00',1,NULL,0,'2016-10-04 08:57:40',NULL,NULL),(796,'100 PLUS ORANGE 325ML','9556570105191',7,'0.00','5.00','0.00','1.80','SR','0.06','0.00','0.00',1,NULL,0,'2016-10-04 08:57:40',NULL,NULL),(797,'WHITEBOARD MARKER 550','9556452004987',1,'0.00','5.00','0.00','3.00','SR','0.06','0.00','0.00',1,NULL,0,'2016-10-04 08:57:40',NULL,NULL),(798,'PERMANENT MARKER A90','9556452004932',1,'0.00','5.00','0.00','3.00','SR','0.06','0.00','0.00',1,NULL,0,'2016-10-04 08:57:40',NULL,NULL),(799,'WHITEBOARD MARKER A500','9556452004949',1,'0.00','5.00','0.00','3.50','SR','0.06','0.00','0.00',1,NULL,0,'2016-10-04 08:57:40',NULL,NULL),(800,'BLACK JACK 21 PLAYING CARDS','9556030883331',1,'0.00','5.00','0.00','3.50','SR','0.06','0.00','0.00',1,NULL,0,'2016-10-04 08:57:40',NULL,NULL),(801,'3A PLASTIC COATED PLAYING CARDS','6902774002317',1,'0.00','5.00','0.00','4.50','SR','0.06','0.00','0.00',1,NULL,0,'2016-10-04 08:57:40',NULL,NULL),(802,'COBRA PLAYING CARDS','9556030003128',1,'0.00','5.00','0.00','3.00','SR','0.06','0.00','0.00',1,NULL,0,'2016-10-04 08:57:40',NULL,NULL),(803,'JAWS 1001 PLAYING CARDS','073854000922',1,'0.00','5.00','0.00','2.50','SR','0.06','0.00','0.00',1,NULL,0,'2016-10-04 08:57:40',NULL,NULL),(804,'DAIA AVOCADO MORNING MIST 1800ML','8998866802499',12,'0.00','5.00','0.00','6.50','SR','0.06','0.00','0.00',1,NULL,0,'2016-10-04 08:57:40',NULL,NULL),(805,'DAIA BLOOMING GARDEN MORNING MIST 1800ML','8998866802468',12,'0.00','5.00','0.00','6.50','SR','0.06','0.00','0.00',1,NULL,0,'2016-10-04 08:57:40',NULL,NULL),(806,'M\'NS STIMULATING DISHWASHING LIQUID 500ML','9556444701122',1,'0.00','5.00','0.00','4.99','SR','0.06','0.00','0.00',1,NULL,0,'2016-10-04 08:57:40',NULL,NULL),(807,'KUAT HARIMAU KUASA LIMAU 900ML','9556444700903',1,'0.00','5.00','0.00','4.50','SR','0.06','0.00','0.00',1,NULL,0,'2016-10-04 08:57:40',NULL,NULL),(808,'KUAT HARIMAU EPAL SEGAR 900ML','9556444700958',1,'0.00','5.00','0.00','4.50','SR','0.06','0.00','0.00',1,NULL,0,'2016-10-04 08:57:40',NULL,NULL),(809,'KUAT HARIMAU PEMBERSIH CUKA 900ML','9556444700910',1,'0.00','5.00','0.00','4.50','SR','0.06','0.00','0.00',1,NULL,0,'2016-10-04 08:57:40',NULL,NULL),(810,'BROOM 531','9555368105313',10,'0.00','5.00','0.00','8.50','SR','0.06','0.00','0.00',1,NULL,0,'2016-10-04 08:57:40',NULL,NULL),(811,'BROOM 801','888800255',10,'0.00','5.00','0.00','7.00','SR','0.06','0.00','0.00',1,NULL,0,'2016-10-04 08:57:40',NULL,NULL),(812,'BROOM 802','888800254',10,'0.00','5.00','0.00','7.50','SR','0.06','0.00','0.00',1,NULL,0,'2016-10-04 08:57:40',NULL,NULL),(813,'BROOM 4144','9555368105115',10,'0.00','5.00','0.00','7.50','SR','0.06','0.00','0.00',1,NULL,0,'2016-10-04 08:57:40',NULL,NULL),(814,'BROOM 1008','9555368105122',10,'0.00','5.00','0.00','7.50','SR','0.06','0.00','0.00',1,NULL,0,'2016-10-04 08:57:40',NULL,NULL),(815,'BROOM SHORT BLACK','888800691',10,'0.00','5.00','0.00','8.00','SR','0.06','0.00','0.00',1,NULL,0,'2016-10-04 08:57:40',NULL,NULL),(816,'BROOM 4145','9555368141458',10,'0.00','5.00','0.00','11.00','SR','0.06','0.00','0.00',1,NULL,0,'2016-10-04 08:57:40',NULL,NULL),(817,'TOILET BRUSH 821','888800135',10,'0.00','5.00','0.00','4.50','SR','0.06','0.00','0.00',1,NULL,0,'2016-10-04 08:57:40',NULL,NULL),(818,'WATER SQUEEGEE BM10','9555368107300',10,'0.00','5.00','0.00','11.99','SR','0.06','0.00','0.00',1,NULL,0,'2016-10-04 08:57:40',NULL,NULL),(819,'A-SERIES WHITE MOP 450','9555470400054',10,'0.00','5.00','0.00','12.50','SR','0.06','0.00','0.00',1,NULL,0,'2016-10-04 08:57:40',NULL,NULL),(820,'JIA BIN WHITE MOP 2002','6920172682238',10,'0.00','5.00','0.00','9.50','SR','0.06','0.00','0.00',1,NULL,0,'2016-10-04 08:57:40',NULL,NULL),(821,'A-SERIES WHITE MOP 350','9555470400030',10,'0.00','5.00','0.00','9.50','SR','0.06','0.00','0.00',1,NULL,0,'2016-10-04 08:57:40',NULL,NULL),(822,'GAS REGULATOR WITH WHITE HOSE+CLIPS \\6C','88880189',10,'0.00','5.00','0.00','19.50','SR','0.06','0.00','0.00',1,NULL,0,'2016-10-04 08:57:40',NULL,NULL),(823,'KWALI COVER 28CM','9557691708018',10,'0.00','5.00','0.00','14.00','SR','0.06','0.00','0.00',1,NULL,0,'2016-10-04 08:57:40',NULL,NULL),(824,'KWALI COVER 30CM','9557691708025',10,'0.00','5.00','0.00','15.99','SR','0.06','0.00','0.00',1,NULL,0,'2016-10-04 08:57:40',NULL,NULL),(825,'KWALI COVER 33CM','9557691708032',10,'0.00','5.00','0.00','18.50','SR','0.06','0.00','0.00',1,NULL,0,'2016-10-04 08:57:40',NULL,NULL),(826,'KWALI COVER 35CM','9557691708049',10,'0.00','5.00','0.00','20.50','SR','0.06','0.00','0.00',1,NULL,0,'2016-10-04 08:57:40',NULL,NULL),(827,'KWALI COVER 38CM','9557691708056',10,'0.00','5.00','0.00','21.50','SR','0.06','0.00','0.00',1,NULL,0,'2016-10-04 08:57:40',NULL,NULL),(828,'KWALI COVER 40CM','9557691708063',10,'0.00','5.00','0.00','24.50','SR','0.06','0.00','0.00',1,NULL,0,'2016-10-04 08:57:40',NULL,NULL),(829,'KWALI COVER 45CM','88880425',10,'0.00','5.00','0.00','32.00','SR','0.06','0.00','0.00',1,NULL,0,'2016-10-04 08:57:40',NULL,NULL),(830,'13 CAP EAGLE UNPOLISH KUALI','9557691401339',10,'0.00','5.00','0.00','23.00','SR','0.06','0.00','0.00',1,NULL,0,'2016-10-04 08:57:40',NULL,NULL),(831,'8 CAP EAGLE UNPOLISH KUALI','9557691400882',10,'0.00','5.00','0.00','14.00','SR','0.06','0.00','0.00',1,NULL,0,'2016-10-04 08:57:40',NULL,NULL),(832,'10 CAP EAGLE UNPOLISH KUALI','9557691401001',10,'0.00','5.00','0.00','15.99','SR','0.06','0.00','0.00',1,NULL,0,'2016-10-04 08:57:40',NULL,NULL),(833,'14 CAP EAGLE UNPOLISH KUALI','9557691401445',10,'0.00','5.00','0.00','25.50','SR','0.06','0.00','0.00',1,NULL,0,'2016-10-04 08:57:40',NULL,NULL),(834,'15 CAP EAGLE UNPOLISH KUALI','9557691401551',10,'0.00','5.00','0.00','33.00','SR','0.06','0.00','0.00',1,NULL,0,'2016-10-04 08:57:40',NULL,NULL),(835,'17 CAP EAGLE UNPOLISH KUALI','9557691401773',10,'0.00','5.00','0.00','34.50','SR','0.06','0.00','0.00',1,NULL,0,'2016-10-04 08:57:40',NULL,NULL),(836,'18 CAP EAGLE UNPOLISH KUALI','9557691401889',10,'0.00','5.00','0.00','36.50','SR','0.06','0.00','0.00',1,NULL,0,'2016-10-04 08:57:40',NULL,NULL),(837,'BOH GREEN TEA 50 TEABAGS','9556015010226',1,'0.00','5.00','0.00','10.50','SR','0.06','0.00','0.00',1,NULL,0,'2016-10-04 08:57:40',NULL,NULL),(838,'ALI SHAN MUSHROOMS 425G 180G','9556789867293',1,'0.00','5.00','0.00','2.99','SR','0.06','0.00','0.00',1,NULL,0,'2016-10-04 08:57:40',NULL,NULL),(839,'DUTCH LADY MILK FULL CREAM 1L','9556166058153',7,'0.00','5.00','0.00','6.99','SR','0.06','0.00','0.00',1,NULL,0,'2016-10-04 08:57:40',NULL,NULL),(840,'FAIR & HANDSOME 50G','5060068526930',1,'0.00','5.00','0.00','10.00','SR','0.06','0.00','0.00',1,NULL,0,'2016-10-04 08:57:40',NULL,NULL),(841,'9556135011509',NULL,1,'0.00','5.00','0.00','2.00','SR','0.06','0.00','0.00',1,NULL,0,'2016-10-04 08:57:40',NULL,NULL),(842,'9556570312209',NULL,1,'0.00','5.00','0.00','3.50','SR','0.06','0.00','0.00',1,NULL,0,'2016-10-04 08:57:40',NULL,NULL),(843,'SUSU TEPUNG PENUH KRIM 350G',NULL,1,'0.00','5.00','0.00','10.00','SR','0.06','0.00','0.00',1,NULL,0,'2016-10-04 08:57:40',NULL,NULL),(844,'NAVARATNA OIL 200ML','8901248104043',1,'0.00','5.00','0.00','12.00','SR','0.06','0.00','0.00',1,NULL,0,'2016-10-04 08:57:40',NULL,NULL),(845,'NAVARATNA OIL 300ML','8901248104050',1,'0.00','5.00','0.00','15.00','SR','0.06','0.00','0.00',1,NULL,0,'2016-10-04 08:57:40',NULL,NULL),(846,'PEPSODENT WHITENING 190G','8999999707781',1,'0.00','5.00','0.00','6.50','SR','0.06','0.00','0.00',1,NULL,0,'2016-10-04 08:57:40',NULL,NULL),(847,'CRICKET LIGHTER','9555143600019',1,'0.00','5.00','0.00','1.60','SR','0.06','0.00','0.00',1,NULL,0,'2016-10-04 08:57:40',NULL,NULL),(848,'ALLADDIN LIGHTER','9556991810544',1,'0.00','5.00','0.00','1.00','SR','0.06','0.00','0.00',1,NULL,0,'2016-10-04 08:57:40',NULL,NULL),(849,'PANADOL DEWASA','95505701',1,'0.00','5.00','0.00','4.00','SR','0.06','0.00','0.00',1,NULL,0,'2016-10-04 08:57:40',NULL,NULL),(850,'PEPSI LIGHT 325ML',NULL,1,'0.00','5.00','0.00','1.50','SR','0.06','0.00','0.00',1,NULL,0,'2016-10-04 08:57:40',NULL,NULL),(851,'NESCAFE MILD 3IN1 25+10 STICKS','9556001227034',1,'0.00','5.00','0.00','15.50','SR','0.06','0.00','0.00',1,NULL,0,'2016-10-04 08:57:40',NULL,NULL),(852,'NESCAFE RICH 3IN1 25+10 STICKS','9556001227058',1,'0.00','5.00','0.00','14.50','SR','0.06','0.00','0.00',1,NULL,0,'2016-10-04 08:57:40',NULL,NULL),(853,'NESCAFE ORIGINAL 3IN1 30+7 STICKS','9556001231543',1,'0.00','5.00','0.00','15.50','SR','0.06','0.00','0.00',1,NULL,0,'2016-10-04 08:57:40',NULL,NULL),(854,'NESCAFE LATTE CARAMEL 20 STICKS','9556001213297',1,'0.00','5.00','0.00','13.90','SR','0.06','0.00','0.00',1,NULL,0,'2016-10-04 08:57:40',NULL,NULL),(855,'NESCAFE LATTE CARAMEL 5 STICKS','9556001228239',1,'0.00','5.00','0.00','4.50','SR','0.06','0.00','0.00',1,NULL,0,'2016-10-04 08:57:40',NULL,NULL),(856,'MAGGI BIG KARI 5*111G','9556001207623',1,'0.00','5.00','0.00','6.00','SR','0.06','0.00','0.00',1,NULL,0,'2016-10-04 08:57:40',NULL,NULL),(857,'FAIR & LOVELY 50G','9556126647236',1,'0.00','5.00','0.00','8.50','SR','0.06','0.00','0.00',1,NULL,0,'2016-10-04 08:57:40',NULL,NULL),(858,'RIDSECT ADV 270ML','9555222607441',1,'0.00','5.00','0.00','7.50','SR','0.06','0.00','0.00',1,NULL,0,'2016-10-04 08:57:40',NULL,NULL),(859,'SUPER MAX SHAVING FOAM 400ML','752754008114',1,'0.00','5.00','0.00','12.50','SR','0.06','0.00','0.00',1,NULL,0,'2016-10-04 08:57:40',NULL,NULL),(860,'VI-JOHN SHAVING FOAM 400ML','8906010086329',1,'0.00','5.00','0.00','11.50','SR','0.06','0.00','0.00',1,NULL,0,'2016-10-04 08:57:40',NULL,NULL),(861,'V-SOY ORIGINAL 300ML','8851028000310',7,'0.00','5.00','0.00','2.20','SR','0.06','0.00','0.00',1,NULL,0,'2016-10-04 08:57:40',NULL,NULL),(862,'MOGHUL BERAS 1KG','9555035703828',1,'0.00','5.00','0.00','11.99','SR','0.06','0.00','0.00',1,NULL,0,'2016-10-04 08:57:40',NULL,NULL),(863,'MARLBORO MENTHOL & MINT','45163012',4,'0.00','5.00','0.00','17.00','SR','0.06','0.00','0.00',1,NULL,0,'2016-10-04 08:57:40',NULL,NULL),(864,'CHESTERFIELD RED','88823386',4,'0.00','5.00','0.00','12.00','SR','0.06','0.00','0.00',1,NULL,0,'2016-10-04 08:57:40',NULL,NULL),(865,'CHESTERFIELD BLUE','88823393',4,'0.00','5.00','0.00','12.00','SR','0.06','0.00','0.00',1,NULL,0,'2016-10-04 08:57:40',NULL,NULL),(866,'PETER STUYVESANT CLICK & RE-MIX','9556109106675',4,'0.00','5.00','0.00','15.50','SR','0.06','0.00','0.00',1,NULL,0,'2016-10-04 08:57:40',NULL,NULL),(867,'STAINLESS STEEL SCOUR PAD','9555058803420',1,'0.00','5.00','0.00','3.00','SR','0.06','0.00','0.00',1,NULL,0,'2016-10-04 08:57:40',NULL,NULL),(868,'TAJ MAHAL RICE 1 KG','9555035703705',22,'0.00','5.00','0.00','10.00','SR','0.06','0.00','0.00',1,NULL,0,'2016-10-04 08:57:40',NULL,NULL),(869,'KITKAT 35G','9556001670700',1,'0.00','5.00','0.00','2.60','SR','0.06','0.00','0.00',1,NULL,0,'2016-10-04 08:57:40',NULL,NULL),(870,'KITKAT GREEN TEA 35G','9556001227539',1,'0.00','5.00','0.00','4.00','SR','0.06','0.00','0.00',1,NULL,0,'2016-10-04 08:57:40',NULL,NULL),(871,'ROTI GARDENIA WHOLEMEAL 400G','9556231111134',20,'0.00','5.00','0.00','3.20','SR','0.06','0.00','0.00',1,NULL,0,'2016-10-04 08:57:40',NULL,NULL),(872,'GARDENIA DELICIA COKLAT 50G','9556641320027',5,'0.00','5.00','0.00','0.85','SR','0.06','0.00','0.00',1,NULL,0,'2016-10-04 08:57:40',NULL,NULL),(873,'TWIGGIES TIRAMISU 38G','9556231131187',5,'0.00','5.00','0.00','1.60','SR','0.06','0.00','0.00',1,NULL,0,'2016-10-04 08:57:40',NULL,NULL),(874,'TWIGGIES CREAM DREAM VANILA 38G','9556231131019',5,'0.00','5.00','0.00','1.60','SR','0.06','0.00','0.00',1,NULL,0,'2016-10-04 08:57:40',NULL,NULL),(875,'BAN KACANG MERAH 280G','9555110400123',5,'0.00','5.00','0.00','3.00','SR','0.06','0.00','0.00',1,NULL,0,'2016-10-04 08:57:40',NULL,NULL),(876,'BAN KELAPA 280G','9555110400116',5,'0.00','5.00','0.00','3.00','SR','0.06','0.00','0.00',1,NULL,0,'2016-10-04 08:57:40',NULL,NULL),(877,'ROTI POTATO 240G','9555110400222',5,'0.00','5.00','0.00','3.00','SR','0.06','0.00','0.00',1,NULL,0,'2016-10-04 08:57:40',NULL,NULL),(878,'WIN DISHWASHING LIQUID 5LITER','9556444701153',12,'0.00','5.00','0.00','17.50','SR','0.06','0.00','0.00',1,NULL,0,'2016-10-04 08:57:40',NULL,NULL),(879,'AIRV MINERAL DASANI 600ML','9556537002693',7,'0.00','5.00','0.00','1.20','SR','0.06','0.00','0.00',1,NULL,0,'2016-10-04 08:57:40',NULL,NULL),(880,'SABUN DETTOL 105G','9556111987873',10,'0.00','5.00','0.00','8.50','SR','0.06','0.00','0.00',1,NULL,0,'2016-10-04 08:57:40',NULL,NULL),(881,'SABUN MANDI LUX 85G','8999999039523',10,'0.00','5.00','0.00','3.80','SR','0.06','0.00','0.00',1,NULL,0,'2016-10-04 08:57:40',NULL,NULL),(882,'MI SEDAAP PERISA SOTO','8998866606196',2,'0.00','5.00','0.00','3.99','SR','0.06','0.00','0.00',1,NULL,0,'2016-10-04 08:57:40',NULL,NULL),(883,'K1000 SERBUK PENCUCI 5KG','9556444301643',12,'0.00','5.00','0.00','16.50','SR','0.06','0.00','0.00',1,NULL,0,'2016-10-04 08:57:40',NULL,NULL),(884,'WIN FABRICARE 2.5KG','9556444900488',12,'0.00','5.00','0.00','12.50','SR','0.06','0.00','0.00',1,NULL,0,'2016-10-04 08:57:40',NULL,NULL),(885,'KERTAS BUNGKUS MAKANAN',NULL,1,'0.00','5.00','0.00','0.00','SR','0.06','0.00','0.00',1,NULL,0,'2016-10-04 08:57:40',NULL,NULL),(886,'DAIA FLORAL FRESHNESS 2.5KG','8998866603430',12,'0.00','5.00','0.00','14.50','SR','0.06','0.00','0.00',1,NULL,0,'2016-10-04 08:57:40',NULL,NULL),(887,'VERY FRESH BREAD 500G','9555110400024',5,'0.00','5.00','0.00','2.80','SR','0.06','0.00','0.00',1,NULL,0,'2016-10-04 08:57:40',NULL,NULL),(888,'ROTI STRAWBERRY','9555110401212',5,'0.00','5.00','0.00','1.50','SR','0.06','0.00','0.00',1,NULL,0,'2016-10-04 08:57:40',NULL,NULL),(889,'DASANI MINERAL WATER 1.5L','9556537002686',1,'0.00','5.00','0.00','2.00','SR','0.06','0.00','0.00',1,NULL,0,'2016-10-04 08:57:40',NULL,NULL),(890,'TROPICANA TWISTER 250ML','9556404117703',7,'0.00','5.00','0.00','1.80','SR','0.06','0.00','0.00',1,NULL,0,'2016-10-04 08:57:40',NULL,NULL),(891,'CLEAR SOFT CARE 180ML','8851932265362',5,'0.00','5.00','0.00','8.50','SR','0.06','0.00','0.00',1,NULL,0,'2016-10-04 08:57:40',NULL,NULL),(892,'POWER ENERGY DRINK 250ML','846656015872',6,'0.00','5.00','0.00','2.00','SR','0.06','0.00','0.00',1,NULL,0,'2016-10-04 08:57:40',NULL,NULL),(893,'KUAT HARIMAU PELUNTUR 900ML','9556444301612',10,'0.00','5.00','0.00','5.50','SR','0.06','0.00','0.00',1,NULL,0,'2016-10-04 08:57:40',NULL,NULL),(894,'DIAA EXECELLENT WASHING 900G','8998866105828',12,'0.00','5.00','0.00','5.50','SR','0.06','0.00','0.00',1,NULL,0,'2016-10-04 08:57:40',NULL,NULL),(895,'PANASONIC EVOLTA AA4','8887549400056',10,'0.00','5.00','0.00','10.50','SR','0.06','0.00','0.00',1,NULL,0,'2016-10-04 08:57:40',NULL,NULL),(896,'CORNETTO ROYALE','8851932348256',1,'0.00','5.00','0.00','2.50','SR','0.06','0.00','0.00',1,NULL,0,'2016-10-04 08:57:40',NULL,NULL),(897,'MAGNUM 80ML','8999999052539',14,'0.00','5.00','0.00','4.50','SR','0.06','0.00','0.00',1,NULL,0,'2016-10-04 08:57:40',NULL,NULL),(898,'MINYAK MASAK VESAWIT 2KG','9556145117024',21,'0.00','5.00','0.00','7.50','SR','0.06','0.00','0.00',1,NULL,0,'2016-10-04 08:57:40',NULL,NULL),(899,'MINYAK MASAK CAP CENDAWAN 5KG','9555556500029',21,'0.00','5.00','0.00','16.50','SR','0.06','0.00','0.00',1,NULL,0,'2016-10-04 08:57:40',NULL,NULL),(900,'MINYAK MASAK SAJI 2KG','9557561100447',21,'0.00','5.00','0.00','7.50','SR','0.06','0.00','0.00',1,NULL,0,'2016-10-04 08:57:40',NULL,NULL),(901,'MOUNTAIN DEW BLUE SHOCK 500ML','9556404117512',6,'0.00','5.00','0.00','2.00','SR','0.06','0.00','0.00',1,NULL,0,'2016-10-04 08:57:40',NULL,NULL),(902,'NESTLE CERELEC DENGAN SUSU MULTI BIJIRIN & SAYUR SAYURAN 250G','9556001171443',23,'0.00','5.00','0.00','12.35','SR','0.06','0.00','0.00',1,NULL,0,'2016-10-04 08:57:40',NULL,NULL),(903,'NESTLE CERELEC DENGAN SUSU GANDUM,MADU & KURMA 250G','9556001211231',23,'0.00','5.00','0.00','12.35','SR','0.06','0.00','0.00',1,NULL,0,'2016-10-04 08:57:40',NULL,NULL),(904,'NESTLE CERELEC DENGAN SUSU BERAS&BUAH BUAHAN 250G','9556001129277',23,'0.00','5.00','0.00','12.35','SR','0.06','0.00','0.00',1,NULL,0,'2016-10-04 08:57:40',NULL,NULL),(905,'NESTLE CERELEC DENGAN SUSU BERAS & AYAM 250G','9556001129239',23,'0.00','5.00','0.00','12.35','SR','0.06','0.00','0.00',1,NULL,0,'2016-10-04 08:57:40',NULL,NULL),(906,'NESTLE CERELEC DENGAN SUSU OAT PRUM 250G','9556001172969',23,'0.00','5.00','0.00','12.35','SR','0.06','0.00','0.00',1,NULL,0,'2016-10-04 08:57:40',NULL,NULL),(907,'NESTLE LACTOGEN COMFORTIS RUMUSAN BAYI LANGKAH 1 350G','4800361382397',23,'0.00','5.00','0.00','12.90','SR','0.06','0.00','0.00',1,NULL,0,'2016-10-04 08:57:40',NULL,NULL),(908,'DOUBLE SIDES TAPE 18MM','9557109008624',10,'0.00','5.00','0.00','2.50','SR','0.06','0.00','0.00',1,NULL,0,'2016-10-04 08:57:40',NULL,NULL),(909,'SMALL UMBRELLA','9555299200446',10,'0.00','5.00','0.00','13.60','SR','0.06','0.00','0.00',1,NULL,0,'2016-10-04 08:57:40',NULL,NULL),(910,'ALUMINIUM FOIL','4000040727802',10,'0.00','5.00','0.00','8.20','SR','0.06','0.00','0.00',1,NULL,0,'2016-10-04 08:57:40',NULL,NULL),(911,'NESTLE LACTOKID 1-4 13VITAMIN & MINERAL GROWPLUS 900G','8850127065718',23,'0.00','5.00','0.00','29.05','SR','0.06','0.00','0.00',1,NULL,0,'2016-10-04 08:57:40',NULL,NULL),(912,'NESTLE LACTOKID 4-6 13VITAMIN & MINERAL GROWPLUS 900G',NULL,1,'0.00','5.00','0.00','0.00','SR','0.06','0.00','0.00',1,NULL,0,'2016-10-04 08:57:40',NULL,NULL),(913,'NESTLE LACTOKID 4-6 13VITAMIN & MINERAL GROWPLUS 900G','8850127065756',23,'0.00','5.00','0.00','29.05','SR','0.06','0.00','0.00',1,NULL,0,'2016-10-04 08:57:40',NULL,NULL),(914,'NESTLE NAN KID LANGKAH 4 700G','4800361388566',23,'0.00','5.00','0.00','54.60','SR','0.06','0.00','0.00',1,NULL,0,'2016-10-04 08:57:40',NULL,NULL),(915,'NESTLE NAN PRO RUMUSAN BAYI LANGKAH 1 350G','4800361388481',23,'0.00','5.00','0.00','41.50','SR','0.06','0.00','0.00',1,NULL,0,'2016-10-04 08:57:40',NULL,NULL),(916,'NESTLE LACTOKID COMFORTIS LANGKAH 3 650G','4800361394833',23,'0.00','5.00','0.00','24.20','SR','0.06','0.00','0.00',1,NULL,0,'2016-10-04 08:57:40',NULL,NULL),(917,'NESTLE NESPRAY CERGAS 550G','9556001202161',23,'0.00','5.00','0.00','18.05','SR','0.06','0.00','0.00',1,NULL,0,'2016-10-04 08:57:40',NULL,NULL),(918,'NESTLE OMEGA PLUS 660G','9556001206244',23,'0.00','5.00','0.00','31.95','SR','0.06','0.00','0.00',1,NULL,0,'2016-10-04 08:57:40',NULL,NULL),(919,'NESCAFE CLASSIC 50G','9556001140159',23,'0.00','5.00','0.00','7.99','SR','0.06','0.00','0.00',1,NULL,0,'2016-10-04 08:57:40',NULL,NULL),(920,'NESCAFE CLASSIC 100G','9556001140333',23,'0.00','5.00','0.00','14.00','SR','0.06','0.00','0.00',1,NULL,0,'2016-10-04 08:57:40',NULL,NULL),(921,'NESCAFE CLASSIC 200G','9556001140265',23,'0.00','5.00','0.00','25.99','SR','0.06','0.00','0.00',1,NULL,0,'2016-10-04 08:57:40',NULL,NULL),(922,'MOUNTAIN DEW LIVE WIRE 500ML','9556404116805',7,'0.00','5.00','0.00','2.00','SR','0.06','0.00','0.00',1,NULL,0,'2016-10-04 08:57:40',NULL,NULL),(923,'REJOICE MANAGEABLE BLACK SHAMPOO 320ML','4902430450386',24,'0.00','5.00','0.00','13.50','SR','0.06','0.00','0.00',1,NULL,0,'2016-10-04 08:57:40',NULL,NULL),(924,'SUNSILK ANTI-DANDRAF 320ML','8851932299800',24,'0.00','5.00','0.00','13.50','SR','0.06','0.00','0.00',1,NULL,0,'2016-10-04 08:57:40',NULL,NULL),(925,'REJOICE ANTI-DANDRUFF 320ML','4902430450409',24,'0.00','5.00','0.00','13.50','SR','0.06','0.00','0.00',1,NULL,0,'2016-10-04 08:57:40',NULL,NULL),(926,'SUNSILK LIVELY CLEAN 320ML','8851932299817',24,'0.00','5.00','0.00','13.50','SR','0.06','0.00','0.00',1,NULL,0,'2016-10-04 08:57:40',NULL,NULL),(927,'SUNSILK DAMAGE RECON 320ML','8851932289344',24,'0.00','5.00','0.00','13.50','SR','0.06','0.00','0.00',1,NULL,0,'2016-10-04 08:57:40',NULL,NULL),(928,'SUNSILK N & SMOOTH 320ML','8851932300407',24,'0.00','5.00','0.00','13.50','SR','0.06','0.00','0.00',1,NULL,0,'2016-10-04 08:57:40',NULL,NULL),(929,'REJOICE ANTI-HAIR FALL 320ML','4902430473231',24,'0.00','5.00','0.00','13.50','SR','0.06','0.00','0.00',1,NULL,0,'2016-10-04 08:57:40',NULL,NULL),(930,'REJOICE 3IN1 ANTI-DANDRUFF 170ML','4902430429375',24,'0.00','5.00','0.00','8.50','SR','0.06','0.00','0.00',1,NULL,0,'2016-10-04 08:57:40',NULL,NULL),(931,'SUNSILK SMOOTH&MANAGEABLE 160ML','8851932300421',24,'0.00','5.00','0.00','8.50','SR','0.06','0.00','0.00',1,NULL,0,'2016-10-04 08:57:40',NULL,NULL),(932,'REJOICE ANTI-HAIR FALL 170ML','4902430428415',24,'0.00','5.00','0.00','8.50','SR','0.06','0.00','0.00',1,NULL,0,'2016-10-04 08:57:40',NULL,NULL),(933,'REJOICE RICH 170ML','4902430428316',24,'0.00','5.00','0.00','8.50','SR','0.06','0.00','0.00',1,NULL,0,'2016-10-04 08:57:40',NULL,NULL),(934,'REJOICE FRUITY ANTI-DANDRUFF 170ML','4902430428439',24,'0.00','5.00','0.00','8.50','SR','0.06','0.00','0.00',1,NULL,0,'2016-10-04 08:57:40',NULL,NULL),(935,'SUNSILK STUNNING BLACK SHINE 70ML','8851932300469',24,'0.00','5.00','0.00','4.50','SR','0.06','0.00','0.00',1,NULL,0,'2016-10-04 08:57:40',NULL,NULL),(936,'SUNSILK SMOOTH&MANAGEABLE 70ML','8851932300452',24,'0.00','5.00','0.00','4.50','SR','0.06','0.00','0.00',1,NULL,0,'2016-10-04 08:57:40',NULL,NULL),(937,'SUNSILK LIVELY CLEAN 70ML','8851932299893',24,'0.00','5.00','0.00','4.50','SR','0.06','0.00','0.00',1,NULL,0,'2016-10-04 08:57:40',NULL,NULL),(938,'SUNSILK DAMAGE RECON 70ML','8851932289306',24,'0.00','5.00','0.00','4.50','SR','0.06','0.00','0.00',1,NULL,0,'2016-10-04 08:57:40',NULL,NULL),(939,'PANTENE TOTAL DAMAGE CARE10 70ML','4902430399333',24,'0.00','5.00','0.00','5.00','SR','0.06','0.00','0.00',1,NULL,0,'2016-10-04 08:57:40',NULL,NULL),(940,'PANTENE ANTI DANDRUFF 70ML','4902430401173',24,'0.00','5.00','0.00','5.00','SR','0.06','0.00','0.00',1,NULL,0,'2016-10-04 08:57:40',NULL,NULL),(941,'PANTENE SILKY SMOOTH CARE 70ML','4902430399531',24,'0.00','5.00','0.00','5.00','SR','0.06','0.00','0.00',1,NULL,0,'2016-10-04 08:57:40',NULL,NULL),(942,'PANTENE LONG BLACK 170ML','4902430418300',24,'0.00','5.00','0.00','10.50','SR','0.06','0.00','0.00',1,NULL,0,'2016-10-04 08:57:40',NULL,NULL),(943,'PANTENE HAIR FALL CONTROL 170ML','4902430400886',24,'0.00','5.00','0.00','10.50','SR','0.06','0.00','0.00',1,NULL,0,'2016-10-04 08:57:40',NULL,NULL),(944,'PANTENE SILKY SMOOTH CARE 170ML','4902430400879',24,'0.00','5.00','0.00','10.50','SR','0.06','0.00','0.00',1,NULL,0,'2016-10-04 08:57:40',NULL,NULL),(945,'PANTENE NOURISHED SHINE 70ML','4902430399364',24,'0.00','5.00','0.00','5.00','SR','0.06','0.00','0.00',1,NULL,0,'2016-10-04 08:57:40',NULL,NULL),(946,'PANTENE SILKY SMOOTH CARE 340ML','4902430399357',24,'0.00','5.00','0.00','18.00','SR','0.06','0.00','0.00',1,NULL,0,'2016-10-04 08:57:40',NULL,NULL),(947,'PANTENE LONG BLACK 340ML','4902430414937',24,'0.00','5.00','0.00','18.00','SR','0.06','0.00','0.00',1,NULL,0,'2016-10-04 08:57:40',NULL,NULL),(948,'PANTENE HAIR FALL CONTROL 340ML','4902430400992',24,'0.00','5.00','0.00','18.00','SR','0.06','0.00','0.00',1,NULL,0,'2016-10-04 08:57:40',NULL,NULL),(949,'HEAD&SHOUDERS CLEAN&BALANCED 70ML','4902430414289',24,'0.00','5.00','0.00','4.50','SR','0.06','0.00','0.00',1,NULL,0,'2016-10-04 08:57:40',NULL,NULL),(950,'HEAD&SHOUDERS ITCHY*SCALP CARE 70ML','4902430477161',24,'0.00','5.00','0.00','4.50','SR','0.06','0.00','0.00',1,NULL,0,'2016-10-04 08:57:40',NULL,NULL),(951,'HEAD&SHOUDERS ANTI-HIAR FALL 70ML','4902430433082',24,'0.00','5.00','0.00','4.50','SR','0.06','0.00','0.00',1,NULL,0,'2016-10-04 08:57:40',NULL,NULL),(952,'HEAD&SHOUDERS SMOOTH&SILKY 70ML','4902430433167',24,'0.00','5.00','0.00','4.50','SR','0.06','0.00','0.00',1,NULL,0,'2016-10-04 08:57:40',NULL,NULL),(953,'HEAD&SHOUDERS ANTI-HIAR FALL 330ML','4902430430715',24,'0.00','5.00','0.00','19.90','SR','0.06','0.00','0.00',1,NULL,0,'2016-10-04 08:57:40',NULL,NULL),(954,'PANTENE ANTI-DANDRUFF 340ML','4902430401012',24,'0.00','5.00','0.00','18.00','SR','0.06','0.00','0.00',1,NULL,0,'2016-10-04 08:57:40',NULL,NULL),(955,'HEAD&SHOUDERS COOL MENTHOL 330ML','4902430411776',24,'0.00','5.00','0.00','19.90','SR','0.06','0.00','0.00',1,NULL,0,'2016-10-04 08:57:40',NULL,NULL),(956,'HEAD&SHOUDERS LEMON FRESH 330ML','4902430553643',24,'0.00','5.00','0.00','19.90','SR','0.06','0.00','0.00',1,NULL,0,'2016-10-04 08:57:40',NULL,NULL),(957,'DOVE DANDRUFF CARE 375ML','8851932231374',24,'0.00','5.00','0.00','17.00','SR','0.06','0.00','0.00',1,NULL,0,'2016-10-04 08:57:40',NULL,NULL),(958,'DOVE NOURISHING OIL CARE 375ML','8851932275149',24,'0.00','5.00','0.00','17.00','SR','0.06','0.00','0.00',1,NULL,0,'2016-10-04 08:57:40',NULL,NULL),(959,'DOVE STRAIGHT&SILKY 375ML','8851932231091',24,'0.00','5.00','0.00','17.00','SR','0.06','0.00','0.00',1,NULL,0,'2016-10-04 08:57:40',NULL,NULL),(960,'CLEAR A-D DRY SCALP&ITCH CONTRAL 180ML','8851932265409',24,'0.00','5.00','0.00','8.50','SR','0.06','0.00','0.00',1,NULL,0,'2016-10-04 08:57:40',NULL,NULL),(961,'CLEAR A-D EXTRA STRENGTH 80ML','8851932265164',24,'0.00','5.00','0.00','4.99','SR','0.06','0.00','0.00',1,NULL,0,'2016-10-04 08:57:40',NULL,NULL),(962,'CLEAR A-D DRY SCALP&ITCH CONTRAL 80ML','8851932265249',24,'0.00','5.00','0.00','4.99','SR','0.06','0.00','0.00',1,NULL,0,'2016-10-04 08:57:40',NULL,NULL),(963,'CLEAR A-D HERBEL FUSION 80ML','8851932288224',24,'0.00','5.00','0.00','4.99','SR','0.06','0.00','0.00',1,NULL,0,'2016-10-04 08:57:40',NULL,NULL),(964,'CLEAR A-D ANTI-HAIR FALL 180ML','8851932265386',24,'0.00','5.00','0.00','8.50','SR','0.06','0.00','0.00',1,NULL,0,'2016-10-04 08:57:40',NULL,NULL),(965,'CLEAR A-D ICE COOL MENTHOL 180ML','8851932265348',24,'0.00','5.00','0.00','8.50','SR','0.06','0.00','0.00',1,NULL,0,'2016-10-04 08:57:40',NULL,NULL),(966,'CLEAR A-D DEEP CLEANSE 70ML','8851932293532',24,'0.00','5.00','0.00','6.00','SR','0.06','0.00','0.00',1,NULL,0,'2016-10-04 08:57:40',NULL,NULL),(967,'LIFEBUOY TOTAL 300ML','8999999030193',13,'0.00','5.00','0.00','6.90','SR','0.06','0.00','0.00',1,NULL,0,'2016-10-04 08:57:40',NULL,NULL),(968,'LIFEBUOY VITA PROTRCT 300ML','8999999007485',13,'0.00','5.00','0.00','6.90','SR','0.06','0.00','0.00',1,NULL,0,'2016-10-04 08:57:40',NULL,NULL),(969,'DREAM PAPAYA WHITENING FACIAL SOAP 100G','8992946522369',13,'0.00','5.00','0.00','3.70','SR','0.06','0.00','0.00',1,NULL,0,'2016-10-04 08:57:40',NULL,NULL),(970,'DETTOL RADIANCE 4X110G','9556111985091',13,'0.00','5.00','0.00','8.50','SR','0.06','0.00','0.00',1,NULL,0,'2016-10-04 08:57:40',NULL,NULL),(971,'DETTOL SKINCARE 4X110G','9556111985084',13,'0.00','5.00','0.00','8.50','SR','0.06','0.00','0.00',1,NULL,0,'2016-10-04 08:57:40',NULL,NULL),(972,'DETTOL COLL 4X110G','9556111987910',13,'0.00','5.00','0.00','8.50','SR','0.06','0.00','0.00',1,NULL,0,'2016-10-04 08:57:40',NULL,NULL),(973,'LIFEBUOY MILDCARE 3X80G','8999999021979',13,'0.00','5.00','0.00','4.90','SR','0.06','0.00','0.00',1,NULL,0,'2016-10-04 08:57:40',NULL,NULL),(974,'LIFEBUOY LEMON FRESH 3X80G','8999999045906',13,'0.00','5.00','0.00','4.90','SR','0.06','0.00','0.00',1,NULL,0,'2016-10-04 08:57:40',NULL,NULL),(975,'PROTEX CITY CLEAN 4X75G','8850006901632',13,'0.00','5.00','0.00','6.50','SR','0.06','0.00','0.00',1,NULL,0,'2016-10-04 08:57:40',NULL,NULL),(976,'LIFEBUOY NATURE PURE 3X75G','8999999045876',13,'0.00','5.00','0.00','4.50','SR','0.06','0.00','0.00',1,NULL,0,'2016-10-04 08:57:40',NULL,NULL),(977,'PALMOLIVE FRESH & MOISTURE','8850006490938',13,'0.00','5.00','0.00','4.50','SR','0.06','0.00','0.00',1,NULL,0,'2016-10-04 08:57:40',NULL,NULL),(978,'HEAD&SHOULDERS 330ML','4902430400671',24,'0.00','5.00','0.00','19.90','SR','0.06','0.00','0.00',1,NULL,0,'2016-10-04 08:57:40',NULL,NULL),(979,'SAFI KAYU SUGI 75G','9555052701920',13,'0.00','5.00','0.00','4.50','SR','0.06','0.00','0.00',1,NULL,0,'2016-10-04 08:57:40',NULL,NULL),(980,'SAFI GAMAT 75G','9555052701944',13,'0.00','5.00','0.00','4.50','SR','0.06','0.00','0.00',1,NULL,0,'2016-10-04 08:57:40',NULL,NULL),(981,'SAFI OREN HERBA 75G','9555052701968',13,'0.00','5.00','0.00','4.50','SR','0.06','0.00','0.00',1,NULL,0,'2016-10-04 08:57:40',NULL,NULL),(982,'SAFI GAMAT 175G','9555052701951',13,'0.00','5.00','0.00','7.00','SR','0.06','0.00','0.00',1,NULL,0,'2016-10-04 08:57:40',NULL,NULL),(983,'SAFI KAYU SUGI 175G','9555052701937',13,'0.00','5.00','0.00','7.00','SR','0.06','0.00','0.00',1,NULL,0,'2016-10-04 08:57:40',NULL,NULL),(984,'DARLIE DOUBLE ACTION 75G','4891338020800',13,'0.00','5.00','0.00','4.50','SR','0.06','0.00','0.00',1,NULL,0,'2016-10-04 08:57:40',NULL,NULL),(985,'CLOSEUP FIRE+FREEZE 160G','8999999008482',13,'0.00','5.00','0.00','6.00','SR','0.06','0.00','0.00',1,NULL,0,'2016-10-04 08:57:40',NULL,NULL),(986,'PEPSODENT 75G','8999999706081',13,'0.00','5.00','0.00','4.50','SR','0.06','0.00','0.00',1,NULL,0,'2016-10-04 08:57:40',NULL,NULL),(987,'PEPSODENT HERBAL 190G','8999999710866',13,'0.00','5.00','0.00','6.00','SR','0.06','0.00','0.00',1,NULL,0,'2016-10-04 08:57:40',NULL,NULL),(988,'COLGATE PUDINA EXTRA 175G','9556031159510',13,'0.00','5.00','0.00','9.00','SR','0.06','0.00','0.00',1,NULL,0,'2016-10-04 08:57:40',NULL,NULL),(989,'COLGATE PUDINA EXTRA 100G','9556031159497',13,'0.00','5.00','0.00','6.00','SR','0.06','0.00','0.00',1,NULL,0,'2016-10-04 08:57:40',NULL,NULL),(990,'COLGATE FREAT REGULAR FLAVOR 100G','9556031159480',13,'0.00','5.00','0.00','6.00','SR','0.06','0.00','0.00',1,NULL,0,'2016-10-04 08:57:40',NULL,NULL),(991,'DOWNY FUSION 370ML','4902430641821',12,'0.00','5.00','0.00','6.80','SR','0.06','0.00','0.00',1,NULL,0,'2016-10-04 08:57:40',NULL,NULL),(992,'DOWNY ROMANCE 370ML','4902430642088',12,'0.00','5.00','0.00','6.80','SR','0.06','0.00','0.00',1,NULL,0,'2016-10-04 08:57:40',NULL,NULL),(993,'KUAT HARIMAU REGULAR 900ML','9556444301599',12,'0.00','5.00','0.00','5.50','SR','0.06','0.00','0.00',1,NULL,0,'2016-10-04 08:57:40',NULL,NULL),(994,'KUAT HARIMAU LEMON 3500ML','9556444301797',12,'0.00','5.00','0.00','10.00','SR','0.06','0.00','0.00',1,NULL,0,'2016-10-04 08:57:40',NULL,NULL),(995,'KUAT HARIMAU PELUNTUR 3500ML','9556444301780',12,'0.00','5.00','0.00','10.00','SR','0.06','0.00','0.00',1,NULL,0,'2016-10-04 08:57:40',NULL,NULL),(996,'MAGGI LETUP CUP 59G','9556001227591',2,'0.00','5.00','0.00','2.50','SR','0.06','0.00','0.00',1,NULL,0,'2016-10-04 08:57:40',NULL,NULL),(997,'MAGGI TOM YAM CUP 72G','9556001000750',2,'0.00','5.00','0.00','2.60','SR','0.06','0.00','0.00',1,NULL,0,'2016-10-04 08:57:40',NULL,NULL),(998,'SUNSTAR PROCESSED PEAS 425G','9556463201146',20,'0.00','5.00','0.00','3.20','SR','0.06','0.00','0.00',1,NULL,0,'2016-10-04 08:57:40',NULL,NULL),(999,'NESCAFE CLASSIC 300G','9556001140173',23,'0.00','5.00','0.00','28.60','SR','0.06','0.00','0.00',1,NULL,0,'2016-10-04 08:57:40',NULL,NULL),(1000,'NESCAFE WHITE COFFEE ORIGINAL 15X36G','9556001233639',23,'0.00','5.00','0.00','14.00','SR','0.06','0.00','0.00',1,NULL,0,'2016-10-04 08:57:40',NULL,NULL),(1001,'NESTLE OMEGA PLUS 150G','9556001216878',23,'0.00','5.00','0.00','9.35','SR','0.06','0.00','0.00',1,NULL,0,'2016-10-04 08:57:40',NULL,NULL),(1002,'MILO 3IN1 PROTO MALT 21X33G','9556001217264',23,'0.00','5.00','0.00','17.00','SR','0.06','0.00','0.00',1,NULL,0,'2016-10-04 08:57:40',NULL,NULL),(1003,'IBUMIE MI GORENG ORIGINAL 5X80G','9555050305113',2,'0.00','5.00','0.00','4.50','SR','0.06','0.00','0.00',1,NULL,0,'2016-10-04 08:57:40',NULL,NULL),(1004,'DETTOL ANTISEPTIC GERMICIDE 100ML','88822181',13,'0.00','5.00','0.00','9.00','SR','0.06','0.00','0.00',1,NULL,0,'2016-10-04 08:57:40',NULL,NULL),(1005,'DETTOL ANTISEPTIC GERMICIDE 50ML','95506104',13,'0.00','5.00','0.00','5.00','SR','0.06','0.00','0.00',1,NULL,0,'2016-10-04 08:57:40',NULL,NULL),(1006,'REXONA POWDER DRY 40ML','4800888158932',13,'0.00','5.00','0.00','6.00','SR','0.06','0.00','0.00',1,NULL,0,'2016-10-04 08:57:40',NULL,NULL),(1007,'REXONA SHOWER CLEAN 40ML','4800888150639',13,'0.00','5.00','0.00','6.00','SR','0.06','0.00','0.00',1,NULL,0,'2016-10-04 08:57:40',NULL,NULL),(1008,'REXONA PASSION 40ML','4800888142894',13,'0.00','5.00','0.00','6.00','SR','0.06','0.00','0.00',1,NULL,0,'2016-10-04 08:57:40',NULL,NULL),(1009,'REXONA FREE SPIRIT 40ML','4800888142887',13,'0.00','5.00','0.00','6.00','SR','0.06','0.00','0.00',1,NULL,0,'2016-10-04 08:57:40',NULL,NULL),(1010,'REXONA MEN SPORT 40ML','8999999002688',13,'0.00','5.00','0.00','6.50','SR','0.06','0.00','0.00',1,NULL,0,'2016-10-04 08:57:40',NULL,NULL),(1011,'REXONA MEN LOTUS FI TEAM 40ML','8999999034290',13,'0.00','5.00','0.00','6.50','SR','0.06','0.00','0.00',1,NULL,0,'2016-10-04 08:57:40',NULL,NULL),(1012,'REXONA MEN DRY ICE COOL 40ML','8999999718770',13,'0.00','5.00','0.00','6.00','SR','0.06','0.00','0.00',1,NULL,0,'2016-10-04 08:57:40',NULL,NULL),(1013,'REXONA MEN DRY QUANTUM 40ML','8999999718787',13,'0.00','5.00','0.00','6.00','SR','0.06','0.00','0.00',1,NULL,0,'2016-10-04 08:57:40',NULL,NULL),(1014,'NIVEA MEN COOL KICK 50ML','8999777004484',13,'0.00','5.00','0.00','8.00','SR','0.06','0.00','0.00',1,NULL,0,'2016-10-04 08:57:40',NULL,NULL),(1015,'NIVEA MEN SILVER PROTECT 50ML','8999777004613',13,'0.00','5.00','0.00','8.00','SR','0.06','0.00','0.00',1,NULL,0,'2016-10-04 08:57:40',NULL,NULL),(1016,'NIVEA PEARL&BEAUTY 50ML','4005808837359',13,'0.00','5.00','0.00','8.00','SR','0.06','0.00','0.00',1,NULL,0,'2016-10-04 08:57:40',NULL,NULL),(1017,'NIVEA EXTRA WHITE&FIRM Q10 50ML','4005808230518',13,'0.00','5.00','0.00','8.00','SR','0.06','0.00','0.00',1,NULL,0,'2016-10-04 08:57:40',NULL,NULL),(1018,'NIVEA WHITENING 50ML','4005808816446',13,'0.00','5.00','0.00','8.00','SR','0.06','0.00','0.00',1,NULL,0,'2016-10-04 08:57:40',NULL,NULL),(1019,'NIVEA INVISIBLE 50ML','8999777004354',13,'0.00','5.00','0.00','8.00','SR','0.06','0.00','0.00',1,NULL,0,'2016-10-04 08:57:40',NULL,NULL),(1020,'CASABLANCA FEMME VERTE CLAIR 100ML','8992832604032',13,'0.00','5.00','0.00','6.50','SR','0.06','0.00','0.00',1,NULL,0,'2016-10-04 08:57:40',NULL,NULL),(1021,'CASABLANCA FEMME BLANC 100ML','8992832601451',13,'0.00','5.00','0.00','6.50','SR','0.06','0.00','0.00',1,NULL,0,'2016-10-04 08:57:40',NULL,NULL),(1022,'CASABLANCA HOMME ARGENT 100ML','8992832601482',13,'0.00','5.00','0.00','6.50','SR','0.06','0.00','0.00',1,NULL,0,'2016-10-04 08:57:40',NULL,NULL),(1023,'CASABLANCA FEMME ROSE 100ML','8992832601468',13,'0.00','5.00','0.00','6.50','SR','0.06','0.00','0.00',1,NULL,0,'2016-10-04 08:57:40',NULL,NULL),(1024,'IZZI BODY MIST SWEET LOVE 60ML','8992856891609',13,'0.00','5.00','0.00','5.20','SR','0.06','0.00','0.00',1,NULL,0,'2016-10-04 08:57:40',NULL,NULL),(1025,'IZZI BODY MIST ENTERNAL LOVE 60ML','8992856891616',13,'0.00','5.00','0.00','5.20','SR','0.06','0.00','0.00',1,NULL,0,'2016-10-04 08:57:40',NULL,NULL),(1026,'IZZI BODY MIST DAZZLING LOVE 60ML','8992856891593',13,'0.00','5.00','0.00','5.20','SR','0.06','0.00','0.00',1,NULL,0,'2016-10-04 08:57:40',NULL,NULL),(1027,'IZZI BODY MIST MAGICAL LOVE 60ML','8992856891623',13,'0.00','5.00','0.00','5.20','SR','0.06','0.00','0.00',1,NULL,0,'2016-10-04 08:57:40',NULL,NULL),(1028,'IZZI BODY MIST FOREVER LOVE 100ML','8992856890855',13,'0.00','5.00','0.00','6.50','SR','0.06','0.00','0.00',1,NULL,0,'2016-10-04 08:57:40',NULL,NULL),(1029,'IZZI BODY MIST MAGICAL LOVE 100ML','8992856890848',13,'0.00','5.00','0.00','6.50','SR','0.06','0.00','0.00',1,NULL,0,'2016-10-04 08:57:40',NULL,NULL),(1030,'IZZI BODY MIST TRUE LOVE 100ML','8992856891654',13,'0.00','5.00','0.00','6.50','SR','0.06','0.00','0.00',1,NULL,0,'2016-10-04 08:57:40',NULL,NULL),(1031,'IZZI BODY MIST DAZZLING LOVE 100ML','8992856890817',13,'0.00','5.00','0.00','6.50','SR','0.06','0.00','0.00',1,NULL,0,'2016-10-04 08:57:40',NULL,NULL),(1032,'IZZI BODY MIST SWEET LOVE 100ML','8992856890824',13,'0.00','5.00','0.00','6.50','SR','0.06','0.00','0.00',1,NULL,0,'2016-10-04 08:57:40',NULL,NULL),(1033,'GARNIER SAKURA WHITE FOAM 50ML','8992304047169',13,'0.00','5.00','0.00','7.00','SR','0.06','0.00','0.00',1,NULL,0,'2016-10-04 08:57:40',NULL,NULL),(1034,'FAIR&LOVELY ADVANCED MULTI VITAMIN 50G','9556126647182',13,'0.00','5.00','0.00','6.50','SR','0.06','0.00','0.00',1,NULL,0,'2016-10-04 08:57:40',NULL,NULL),(1035,'GARNIER MEN TURBO LIGHT ICY DUOFOAM 50ML','8992304047442',13,'0.00','5.00','0.00','7.50','SR','0.06','0.00','0.00',1,NULL,0,'2016-10-04 08:57:40',NULL,NULL),(1036,'GARNIER MEN POWER WHITE BRIGHTNING FOAM 50ML','8992304073458',13,'0.00','5.00','0.00','8.50','SR','0.06','0.00','0.00',1,NULL,0,'2016-10-04 08:57:40',NULL,NULL),(1037,'GARNIER MEN TURBO LIGHT CHARCOAL FOAM 50ML','8992304024788',13,'0.00','5.00','0.00','8.50','SR','0.06','0.00','0.00',1,NULL,0,'2016-10-04 08:57:40',NULL,NULL),(1038,'GARNIER MEN ACNO FIGHT SCRUB IN FOAM 50ML','8992304016967',13,'0.00','5.00','0.00','8.50','SR','0.06','0.00','0.00',1,NULL,0,'2016-10-04 08:57:40',NULL,NULL),(1039,'JOHNSON\'S BABY LOTION PINK 100ML','9556006060537',13,'0.00','5.00','0.00','6.90','SR','0.06','0.00','0.00',1,NULL,0,'2016-10-04 08:57:40',NULL,NULL),(1040,'JOHNSON\'S BABY BEDTIME LOTION 100ML','9556006060254',13,'0.00','5.00','0.00','7.50','SR','0.06','0.00','0.00',1,NULL,0,'2016-10-04 08:57:40',NULL,NULL),(1041,'JOHNSON\'S BABY BLUE LOTION 100ML','9556006060346',13,'0.00','5.00','0.00','7.50','SR','0.06','0.00','0.00',1,NULL,0,'2016-10-04 08:57:40',NULL,NULL),(1042,'JOHNSON\'S BABY GREEN LOTION 100ML','8850007030812',13,'0.00','5.00','0.00','6.90','SR','0.06','0.00','0.00',1,NULL,0,'2016-10-04 08:57:40',NULL,NULL),(1043,'GARNIER MEN TURBO LIGHT COOLING FOAM 50ML','8992304009143',13,'0.00','5.00','0.00','8.50','SR','0.06','0.00','0.00',1,NULL,0,'2016-10-04 08:57:40',NULL,NULL),(1044,'GARNIER MEN POWER WHITE WHITENING SCURB 50ML','8992304056772',13,'0.00','5.00','0.00','8.50','SR','0.06','0.00','0.00',1,NULL,0,'2016-10-04 08:57:40',NULL,NULL),(1045,'REVIVE SOFT GEL 150ML','9556714810431',13,'0.00','5.00','0.00','7.50','SR','0.06','0.00','0.00',1,NULL,0,'2016-10-04 08:57:40',NULL,NULL),(1046,'ELITE HAIR GEL WET DEFINING 100G','8888202028433',13,'0.00','5.00','0.00','6.50','SR','0.06','0.00','0.00',1,NULL,0,'2016-10-04 08:57:40',NULL,NULL),(1047,'ELITE HAIR GEL XXTRA CONTROL 100G','8888202028426',13,'0.00','5.00','0.00','6.50','SR','0.06','0.00','0.00',1,NULL,0,'2016-10-04 08:57:40',NULL,NULL),(1048,'REVIVE STRONG HOLD 150ML','9556714802436',13,'0.00','5.00','0.00','6.50','SR','0.06','0.00','0.00',1,NULL,0,'2016-10-04 08:57:40',NULL,NULL),(1049,'REVIVE WET LOOK 150ML','9556714801439',13,'0.00','5.00','0.00','6.50','SR','0.06','0.00','0.00',1,NULL,0,'2016-10-04 08:57:40',NULL,NULL),(1050,'JOHNSON\'S BABY OIL GREEN 50ML','4801010504207',13,'0.00','5.00','0.00','4.50','SR','0.06','0.00','0.00',1,NULL,0,'2016-10-04 08:57:40',NULL,NULL),(1051,'JOHNSON\'S BABY BEDTIME OIL 50ML','9556006060636',13,'0.00','5.00','0.00','4.50','SR','0.06','0.00','0.00',1,NULL,0,'2016-10-04 08:57:40',NULL,NULL),(1052,'JOHNSON\'S BABY OIL PINK 50ML','4801010501213',13,'0.00','5.00','0.00','4.30','SR','0.06','0.00','0.00',1,NULL,0,'2016-10-04 08:57:40',NULL,NULL),(1053,'LISTERINE COOL MINT 80ML','93443128',13,'0.00','5.00','0.00','5.20','SR','0.06','0.00','0.00',1,NULL,0,'2016-10-04 08:57:40',NULL,NULL),(1054,'LISTERINE ORIGINAL 80ML','93443098',13,'0.00','5.00','0.00','5.20','SR','0.06','0.00','0.00',1,NULL,0,'2016-10-04 08:57:40',NULL,NULL),(1055,'LISTERINE COOL MINT 250ML','9310059050071',13,'0.00','5.00','0.00','10.60','SR','0.06','0.00','0.00',1,NULL,0,'2016-10-04 08:57:40',NULL,NULL),(1056,'LISTERINE ORIGINAL 250ML','9310059050026',13,'0.00','5.00','0.00','10.60','SR','0.06','0.00','0.00',1,NULL,0,'2016-10-04 08:57:40',NULL,NULL),(1057,'JOHNSON\'S BABY POWDER 100G','8991111101415',13,'0.00','5.00','0.00','4.00','SR','0.06','0.00','0.00',1,NULL,0,'2016-10-04 08:57:40',NULL,NULL),(1058,'AGNESIA ANTISEPTIC DUSTING POWDER 100G','9556232101035',13,'0.00','5.00','0.00','5.50','SR','0.06','0.00','0.00',1,NULL,0,'2016-10-04 08:57:40',NULL,NULL),(1059,'SHINZU\'I SKIN LIGHTENING SOAP 90G','8992946512223',13,'0.00','5.00','0.00','2.50','SR','0.06','0.00','0.00',1,NULL,0,'2016-10-04 08:57:40',NULL,NULL),(1060,'FOLLOW ME PERFUMED TALC 160G','9556171203036',13,'0.00','5.00','0.00','6.50','SR','0.06','0.00','0.00',1,NULL,0,'2016-10-04 08:57:40',NULL,NULL),(1061,'NOD NOD COTTON BUDS','6936508800153',13,'0.00','5.00','0.00','2.00','SR','0.06','0.00','0.00',1,NULL,0,'2016-10-04 08:57:40',NULL,NULL),(1062,'VT COTTON BUD','9555258601307',13,'0.00','5.00','0.00','2.50','SR','0.06','0.00','0.00',1,NULL,0,'2016-10-04 08:57:40',NULL,NULL),(1063,'LF COTTON BUDS','6936508800108',13,'0.00','5.00','0.00','3.00','SR','0.06','0.00','0.00',1,NULL,0,'2016-10-04 08:57:40',NULL,NULL),(1064,'COTTON BUDS 200S','6934675100861',13,'0.00','5.00','0.00','3.80','SR','0.06','0.00','0.00',1,NULL,0,'2016-10-04 08:57:40',NULL,NULL),(1065,'SENSODYNE ULTRA SENSITIVE EXTRA SOFT','8901571005383',13,'0.00','5.00','0.00','5.50','SR','0.06','0.00','0.00',1,NULL,0,'2016-10-04 08:57:40',NULL,NULL),(1066,'COLGATE CLASSIC DEEP CLEAN','4808888241210',13,'0.00','5.00','0.00','3.00','SR','0.06','0.00','0.00',1,NULL,0,'2016-10-04 08:57:40',NULL,NULL),(1067,'JORDAN SMILE SOFT&MEDIUM','9555019000554',13,'0.00','5.00','0.00','3.50','SR','0.06','0.00','0.00',1,NULL,0,'2016-10-04 08:57:40',NULL,NULL),(1068,'DAIA COLOUR SHIELD 900G','8998866802352',12,'0.00','5.00','0.00','5.50','SR','0.06','0.00','0.00',1,NULL,0,'2016-10-04 08:57:40',NULL,NULL),(1069,'DAIA FLORAL FRESHNESS 900G','8998866105811',12,'0.00','5.00','0.00','5.50','SR','0.06','0.00','0.00',1,NULL,0,'2016-10-04 08:57:40',NULL,NULL),(1070,'DAIA WHITE ACTION 900G','8998866105835',12,'0.00','5.00','0.00','5.50','SR','0.06','0.00','0.00',1,NULL,0,'2016-10-04 08:57:40',NULL,NULL),(1071,'DAIA LEMON CITRUS 125G','8998866000185',12,'0.00','5.00','0.00','2.00','SR','0.06','0.00','0.00',1,NULL,0,'2016-10-04 08:57:40',NULL,NULL),(1072,'KUAT HARIMAU LEMON ZAP 900ML','9556444700897',13,'0.00','5.00','0.00','4.50','SR','0.06','0.00','0.00',1,NULL,0,'2016-10-04 08:57:40',NULL,NULL),(1073,'AROMATHERAPY RELAXING 500ML','9556444701115',13,'0.00','5.00','0.00','4.99','SR','0.06','0.00','0.00',1,NULL,0,'2016-10-04 08:57:40',NULL,NULL),(1074,'AROMATHERAPY STIMULATING 1000ML','9556444700415',13,'0.00','5.00','0.00','7.99','SR','0.06','0.00','0.00',1,NULL,0,'2016-10-04 08:57:40',NULL,NULL),(1075,'WIN TANGY LEMON 400G','9556444600272',13,'0.00','5.00','0.00','3.50','SR','0.06','0.00','0.00',1,NULL,0,'2016-10-04 08:57:40',NULL,NULL),(1076,'WIN COOL LIME 400G','9556444600265',13,'0.00','5.00','0.00','3.50','SR','0.06','0.00','0.00',1,NULL,0,'2016-10-04 08:57:40',NULL,NULL),(1077,'WIN TANGY LEMON 800G','9556444600296',13,'0.00','5.00','0.00','5.99','SR','0.06','0.00','0.00',1,NULL,0,'2016-10-04 08:57:40',NULL,NULL),(1078,'WIN COOL LIME 800G','9556444600289',13,'0.00','5.00','0.00','5.99','SR','0.06','0.00','0.00',1,NULL,0,'2016-10-04 08:57:40',NULL,NULL),(1079,'MISTI BASAH3PCS','9555575802555',20,'0.00','5.00','0.00','3.50','SR','0.06','0.00','0.00',1,NULL,0,'2016-10-04 08:57:40',NULL,NULL),(1080,'LASSI YOGURT(DOI)','9555575802548',20,'0.00','5.00','0.00','2.00','SR','0.06','0.00','0.00',1,NULL,0,'2016-10-04 08:57:40',NULL,NULL),(1081,'JACOBS ORIGINAL CREAM CRACKER','9556068023716',17,'0.00','5.00','0.00','3.50','SR','0.06','0.00','0.00',1,NULL,0,'2016-10-04 08:57:40',NULL,NULL),(1082,'KEROPOK UDANG ROTA','9556023228057',16,'0.00','5.00','0.00','1.70','SR','0.06','0.00','0.00',1,NULL,0,'2016-10-04 08:57:40',NULL,NULL),(1083,'KITKAT CHUNKY 3PACKS','9556001198853',18,'0.00','5.00','0.00','7.80','SR','0.06','0.00','0.00',1,NULL,0,'2016-10-04 08:57:40',NULL,NULL),(1084,'NESTLE KIT KAT 17G','9556001200051',18,'0.00','5.00','0.00','6.90','SR','0.06','0.00','0.00',1,NULL,0,'2016-10-04 08:57:40',NULL,NULL),(1085,'NESTLE CRUNCH WAFER CHOCOLATE FLAVOUR 100G','9556001207241',18,'0.00','5.00','0.00','7.90','SR','0.06','0.00','0.00',1,NULL,0,'2016-10-04 08:57:40',NULL,NULL),(1086,'CHIPSMORE BUTTER CRUNCH 140G','9556068015612',17,'0.00','5.00','0.00','4.00','SR','0.06','0.00','0.00',1,NULL,0,'2016-10-04 08:57:40',NULL,NULL),(1087,'CHIPSMORE ORIGINAL 180G','9556068594155',17,'0.00','5.00','0.00','4.00','SR','0.06','0.00','0.00',1,NULL,0,'2016-10-04 08:57:40',NULL,NULL),(1088,'CHIPSMORE DOUBLE CHOC 180G','9556068598115',17,'0.00','5.00','0.00','4.00','SR','0.06','0.00','0.00',1,NULL,0,'2016-10-04 08:57:40',NULL,NULL),(1089,'CHIPSMORE HAZELNUTS 180G','9556068594254',17,'0.00','5.00','0.00','4.00','SR','0.06','0.00','0.00',1,NULL,0,'2016-10-04 08:57:40',NULL,NULL),(1090,'TIGER MARIE 249.7G','7622210378705',17,'0.00','5.00','0.00','4.50','SR','0.06','0.00','0.00',1,NULL,0,'2016-10-04 08:57:40',NULL,NULL),(1091,'DOUBLE DELIGHT OREO 137G','8992760121090',17,'0.00','5.00','0.00','3.50','SR','0.06','0.00','0.00',1,NULL,0,'2016-10-04 08:57:40',NULL,NULL),(1092,'STRAWBERRY CREME OREO 137G','7622300136055',17,'0.00','5.00','0.00','3.50','SR','0.06','0.00','0.00',1,NULL,0,'2016-10-04 08:57:40',NULL,NULL),(1093,'CHOCOLATE CREME 137G','8992760223015',17,'0.00','5.00','0.00','3.50','SR','0.06','0.00','0.00',1,NULL,0,'2016-10-04 08:57:40',NULL,NULL),(1094,'CADBURY CHOCETTES DAIRY MILK 40G','9556182016304',18,'0.00','5.00','0.00','3.00','SR','0.06','0.00','0.00',1,NULL,0,'2016-10-04 08:57:40',NULL,NULL),(1095,'OREO C V CREAM 68.5G','6901668053121',17,'0.00','5.00','0.00','1.60','SR','0.06','0.00','0.00',1,NULL,0,'2016-10-04 08:57:40',NULL,NULL),(1096,'YEO\'S TEH AIS LIMAU 1L','9556156046665',7,'0.00','5.00','0.00','3.50','SR','0.06','0.00','0.00',1,NULL,0,'2016-10-04 08:57:40',NULL,NULL),(1097,'YEO\'S SOY 1L','9556156004351',7,'0.00','5.00','0.00','3.50','SR','0.06','0.00','0.00',1,NULL,0,'2016-10-04 08:57:40',NULL,NULL),(1098,'YEO\'S LYCHEE 1L','9556156006348',7,'0.00','5.00','0.00','3.50','SR','0.06','0.00','0.00',1,NULL,0,'2016-10-04 08:57:40',NULL,NULL),(1099,'NESTLE LOW FAT SOURCE OF CALCIUM 1L','9556001052902',23,'0.00','5.00','0.00','6.99','SR','0.06','0.00','0.00',1,NULL,0,'2016-10-04 08:57:40',NULL,NULL),(1100,'RIBENA BLACKCURRANT 200ML','8885012290395',7,'0.00','5.00','0.00','1.30','SR','0.06','0.00','0.00',1,NULL,0,'2016-10-04 08:57:40',NULL,NULL),(1101,'V-SOY MULTI-GRAIN 200ML','8851028002192',18,'0.00','5.00','0.00','1.30','SR','0.06','0.00','0.00',1,NULL,0,'2016-10-04 08:57:40',NULL,NULL),(1102,'DUTCH LADY 200ML','9556166058207',7,'0.00','5.00','0.00','1.80','SR','0.06','0.00','0.00',1,NULL,0,'2016-10-04 08:57:40',NULL,NULL),(1103,'TROPICANA TWISTER OREN 250ML','9556404117642',7,'0.00','5.00','0.00','1.80','SR','0.06','0.00','0.00',1,NULL,0,'2016-10-04 08:57:40',NULL,NULL),(1104,'DRINHO MANGGA 250ML','9556007001003',7,'0.00','5.00','0.00','1.30','SR','0.06','0.00','0.00',1,NULL,0,'2016-10-04 08:57:40',NULL,NULL),(1105,'MARIGOLD LYCHEE 250ML','9557305000460',7,'0.00','5.00','0.00','1.50','SR','0.06','0.00','0.00',1,NULL,0,'2016-10-04 08:57:40',NULL,NULL),(1106,'YEO\'S AIR TEBU 250ML','9556156001220',7,'0.00','5.00','0.00','1.80','SR','0.06','0.00','0.00',1,NULL,0,'2016-10-04 08:57:40',NULL,NULL),(1107,'YEO\'S TEH BUNGA 250ML','9556156001183',7,'0.00','5.00','0.00','1.20','SR','0.06','0.00','0.00',1,NULL,0,'2016-10-04 08:57:40',NULL,NULL),(1108,'DRINHO ORANGE 250ML','9556007000501',7,'0.00','5.00','0.00','1.30','SR','0.06','0.00','0.00',1,NULL,0,'2016-10-04 08:57:40',NULL,NULL),(1109,'DRINHO WINTER MELON 250ML','9556007001188',7,'0.00','5.00','0.00','1.50','SR','0.06','0.00','0.00',1,NULL,0,'2016-10-04 08:57:40',NULL,NULL),(1110,'TROPICANA TWISTER LYCHEE 250ML','9556404117673',7,'0.00','5.00','0.00','1.80','SR','0.06','0.00','0.00',1,NULL,0,'2016-10-04 08:57:40',NULL,NULL),(1111,'MIRINDA STRAWBERRY 325ML','9556404003037',7,'0.00','5.00','0.00','1.50','SR','0.06','0.00','0.00',1,NULL,0,'2016-10-04 08:57:40',NULL,NULL),(1112,'YEO\'S TEH KRISANTIMUM 300ML','9556156003354',7,'0.00','5.00','0.00','1.50','SR','0.06','0.00','0.00',1,NULL,0,'2016-10-04 08:57:40',NULL,NULL),(1113,'LIPTON LEMON ICE TEA 300ML','9556404049035',7,'0.00','5.00','0.00','1.50','SR','0.06','0.00','0.00',1,NULL,0,'2016-10-04 08:57:40',NULL,NULL),(1114,'YEO\'S AIR TEBU 300ML','9556156003361',7,'0.00','5.00','0.00','1.50','SR','0.06','0.00','0.00',1,NULL,0,'2016-10-04 08:57:40',NULL,NULL),(1115,'YEO\'S SOYA 300ML','9556156003347',7,'0.00','5.00','0.00','1.50','SR','0.06','0.00','0.00',1,NULL,0,'2016-10-04 08:57:40',NULL,NULL),(1116,'YEO\'S TEH AIS LIMAU 300ML','9556156001992',7,'0.00','5.00','0.00','1.50','SR','0.06','0.00','0.00',1,NULL,0,'2016-10-04 08:57:40',NULL,NULL),(1117,'MINUNMAN ASAM JAWA 300ML','9557297020644',7,'0.00','5.00','0.00','1.50','SR','0.06','0.00','0.00',1,NULL,0,'2016-10-04 08:57:40',NULL,NULL),(1118,'ROYAL TIGER 250ML','8941128007453',12,'0.00','5.00','0.00','2.50','SR','0.06','0.00','0.00',1,NULL,0,'2016-10-04 08:57:40',NULL,NULL),(1119,'LIVITA WITH HONEY 150ML','9556375150013',7,'0.00','5.00','0.00','2.20','SR','0.06','0.00','0.00',1,NULL,0,'2016-10-04 08:57:40',NULL,NULL),(1120,'HEAVEN AND EARTH LEMON ICE TEA 315ML','8888002115029',7,'0.00','5.00','0.00','1.50','SR','0.06','0.00','0.00',1,NULL,0,'2016-10-04 08:57:40',NULL,NULL),(1121,'CHILL TEH KRISANTIMUM 300ML','9556404020034',7,'0.00','5.00','0.00','1.60','SR','0.06','0.00','0.00',1,NULL,0,'2016-10-04 08:57:40',NULL,NULL),(1122,'CHILL MINUMAN CINCAU 300ML','9556404027033',7,'0.00','5.00','0.00','1.60','SR','0.06','0.00','0.00',1,NULL,0,'2016-10-04 08:57:40',NULL,NULL),(1123,'HEAVEN AND EARTH JASMIN GREEN TEA 315ML','8888002119034',7,'0.00','5.00','0.00','1.50','SR','0.06','0.00','0.00',1,NULL,0,'2016-10-04 08:57:40',NULL,NULL),(1124,'PEPSI LIGHT 325ML','9556404008032',7,'0.00','5.00','0.00','1.50','SR','0.06','0.00','0.00',1,NULL,0,'2016-10-04 08:57:40',NULL,NULL),(1125,'FRUIT TREE NENAS 325ML','9556570105825',7,'0.00','5.00','0.00','2.00','SR','0.06','0.00','0.00',1,NULL,0,'2016-10-04 08:57:40',NULL,NULL),(1126,'CHILL MINUMAN KACANG SOYA 300ML','9556404019038',7,'0.00','5.00','0.00','1.60','SR','0.06','0.00','0.00',1,NULL,0,'2016-10-04 08:57:40',NULL,NULL),(1127,'FANTA ANGGUR 330ML','8888002084004',7,'0.00','5.00','0.00','1.50','SR','0.06','0.00','0.00',1,NULL,0,'2016-10-04 08:57:40',NULL,NULL),(1128,'FANTA OREN 330ML','8888002086008',7,'0.00','5.00','0.00','1.50','SR','0.06','0.00','0.00',1,NULL,0,'2016-10-04 08:57:40',NULL,NULL),(1129,'FANTA STRAWBERRY 330ML','8888002085001',7,'0.00','5.00','0.00','1.50','SR','0.06','0.00','0.00',1,NULL,0,'2016-10-04 08:57:40',NULL,NULL),(1130,'COCACOLA LIGHT 330ML','9555589200514',7,'0.00','5.00','0.00','1.50','SR','0.06','0.00','0.00',1,NULL,0,'2016-10-04 08:57:40',NULL,NULL),(1131,'HEAVEN AND EARTH PASSIONFRUIT 500ML','8888002117474',7,'0.00','5.00','0.00','2.50','SR','0.06','0.00','0.00',1,NULL,0,'2016-10-04 08:57:40',NULL,NULL),(1132,'TINGE FRUIT FUSION 500ML','9556145026029',7,'0.00','5.00','0.00','1.30','SR','0.06','0.00','0.00',1,NULL,0,'2016-10-04 08:57:40',NULL,NULL),(1133,'TINGE LEMON 500ML','9556145026012',7,'0.00','5.00','0.00','1.30','SR','0.06','0.00','0.00',1,NULL,0,'2016-10-04 08:57:40',NULL,NULL),(1134,'TINGE GRAPE 500ML','9556135775005',7,'0.00','5.00','0.00','1.30','SR','0.06','0.00','0.00',1,NULL,0,'2016-10-04 08:57:40',NULL,NULL),(1135,'COCA-COLA VANILA 500ML','9555589200637',7,'0.00','5.00','0.00','2.20','SR','0.06','0.00','0.00',1,NULL,0,'2016-10-04 08:57:40',NULL,NULL),(1136,'TINGE MANGO TANGO 500ML','9556135500072',7,'0.00','5.00','0.00','1.30','SR','0.06','0.00','0.00',1,NULL,0,'2016-10-04 08:57:40',NULL,NULL),(1137,'MIRINDA STAWBERRY 500ML','9556404003051',7,'0.00','5.00','0.00','2.20','SR','0.06','0.00','0.00',1,NULL,0,'2016-10-04 08:57:40',NULL,NULL),(1138,'THREE LEGS COOLING WATER 200ML','8888353330089',6,'0.00','5.00','0.00','1.80','SR','0.06','0.00','0.00',1,NULL,0,'2016-10-04 08:57:40',NULL,NULL),(1139,'TROPICAN TWISTER LAICI 1.5ML','9556404116232',7,'0.00','5.00','0.00','6.50','SR','0.06','0.00','0.00',1,NULL,0,'2016-10-04 08:57:40',NULL,NULL),(1140,'REVIVE LEMON LIME FLAVOUR 1.5ML','9556404115846',7,'0.00','5.00','0.00','3.50','SR','0.06','0.00','0.00',1,NULL,0,'2016-10-04 08:57:40',NULL,NULL),(1141,'MIRINDA STRAWBERRY 1.5ML','9556404003150',7,'0.00','5.00','0.00','3.50','SR','0.06','0.00','0.00',1,NULL,0,'2016-10-04 08:57:40',NULL,NULL),(1142,'KICKAPOO ORI 1.5ML','9556404057153',7,'0.00','5.00','0.00','3.50','SR','0.06','0.00','0.00',1,NULL,0,'2016-10-04 08:57:40',NULL,NULL),(1143,'PEPSI 1.5ML','9556404001156',7,'0.00','5.00','0.00','3.50','SR','0.06','0.00','0.00',1,NULL,0,'2016-10-04 08:57:40',NULL,NULL),(1144,'MOUNTAIN DEW PICTH BLACK 1.5ML','9556404116843',7,'0.00','5.00','0.00','3.50','SR','0.06','0.00','0.00',1,NULL,0,'2016-10-04 08:57:40',NULL,NULL),(1145,'CHIPSTER FLAMING BBQ 20G','9556072110075',1,'0.00','5.00','0.00','3.00','SR','0.06','0.00','0.00',1,NULL,0,'2016-10-04 08:57:40',NULL,NULL),(1146,'CHIPSTER HOT & SPICY 20G','9556072030076',1,'0.00','5.00','0.00','3.00','SR','0.06','0.00','0.00',1,NULL,0,'2016-10-04 08:57:40',NULL,NULL),(1147,'CHIPSTER SOUR CREAM & ONION 20G','9556072020077',1,'0.00','5.00','0.00','3.00','SR','0.06','0.00','0.00',1,NULL,0,'2016-10-04 08:57:40',NULL,NULL),(1148,'CHIPSTER ORIGINAL 20G','9556072010078',1,'0.00','5.00','0.00','3.00','SR','0.06','0.00','0.00',1,NULL,0,'2016-10-04 08:57:40',NULL,NULL),(1149,'GUMMUILAHH ROS MALAI','9555575802579',20,'0.00','5.00','0.00','3.50','SR','0.06','0.00','0.00',1,NULL,0,'2016-10-04 08:57:40',NULL,NULL),(1150,'CHEESE CANDY','9555575806003',20,'0.00','5.00','0.00','3.50','SR','0.06','0.00','0.00',1,NULL,0,'2016-10-04 08:57:40',NULL,NULL),(1151,'HEAVEN AND EARTH LEMON ICE TEA 500ML','8888002115470',7,'0.00','5.00','0.00','2.50','SR','0.06','0.00','0.00',1,NULL,0,'2016-10-04 08:57:40',NULL,NULL),(1152,'MINUTE MAID PUPIL OREN 350ML','8888002188511',7,'0.00','5.00','0.00','2.50','SR','0.06','0.00','0.00',1,NULL,0,'2016-10-04 08:57:40',NULL,NULL),(1153,'PRAN MANGO PERMIUM 1000ML','846656004227',8,'0.00','5.00','0.00','4.50','SR','0.06','0.00','0.00',1,NULL,0,'2016-10-04 08:57:40',NULL,NULL),(1154,'WONDA KOPI TARIK 240ML','9556404118076',7,'0.00','5.00','0.00','2.30','SR','0.06','0.00','0.00',1,NULL,0,'2016-10-04 08:57:40',NULL,NULL),(1155,'BERAS JATI 10KG','9557483520026',1,'0.00','5.00','0.00','0.00','SR','0.06','0.00','0.00',1,NULL,0,'2016-10-04 08:57:40',NULL,NULL),(1156,'SPRITZER FIBRE 350ML','9556145026036',7,'0.00','5.00','0.00','2.50','SR','0.06','0.00','0.00',1,NULL,0,'2016-10-04 08:57:40',NULL,NULL),(1157,'BERAS CAP RAMBUTAN 10KG','9557433138882',1,'0.00','5.00','0.00','0.00','SR','0.06','0.00','0.00',1,NULL,0,'2016-10-04 08:57:40',NULL,NULL),(1158,'AIR MINERAL SPRITZER 600ML','9556145116058',7,'0.00','5.00','0.00','1.50','SR','0.06','0.00','0.00',1,NULL,0,'2016-10-04 08:57:40',NULL,NULL),(1159,'BERAS CAP MASJID S.A. 10KG','9556606300026',1,'0.00','5.00','0.00','0.00','SR','0.06','0.00','0.00',1,NULL,0,'2016-10-04 08:57:40',NULL,NULL),(1160,'BERAS JATI 5KG','9557483520019',1,'0.00','5.00','0.00','0.00','SR','0.06','0.00','0.00',1,NULL,0,'2016-10-04 08:57:40',NULL,NULL),(1161,'AIR MINERAL SEAMASTER 500ML','9557290611115',7,'0.00','5.00','0.00','0.80','SR','0.06','0.00','0.00',1,NULL,0,'2016-10-04 08:57:40',NULL,NULL),(1162,'BERAS NUSANTARA 10KG','9555352501039',1,'0.00','5.00','0.00','2.20','SR','0.06','0.00','0.00',1,NULL,0,'2016-10-04 08:57:40',NULL,NULL),(1163,'AIR MINERAL MOUNTAIN 500ML','9556537001191',7,'0.00','5.00','0.00','1.00','SR','0.06','0.00','0.00',1,NULL,0,'2016-10-04 08:57:40',NULL,NULL),(1164,'AIR MINERAL CACTUS 500ML','9556135015002',7,'0.00','5.00','0.00','1.20','SR','0.06','0.00','0.00',1,NULL,0,'2016-10-04 08:57:40',NULL,NULL),(1165,'BAWANG BESAR','1100097000385',20,'0.00','5.00','0.00','3.99','SR','0.06','0.00','0.00',1,NULL,0,'2016-10-04 08:57:40',NULL,NULL),(1166,'VI-JOHN SHAVING FOAM 800ML',NULL,1,'0.00','5.00','0.00','12.50','SR','0.06','0.00','0.00',1,NULL,0,'2016-10-04 08:57:40',NULL,NULL),(1167,'GOODDAY LOWFAT MILK 250ML','9557727930024',7,'0.00','5.00','0.00','7.00','SR','0.06','0.00','0.00',1,NULL,0,'2016-10-04 08:57:40',NULL,NULL),(1168,'GOODDAY FULL CREAM MILK 250ML','9557727930017',7,'0.00','5.00','0.00','7.00','SR','0.06','0.00','0.00',1,NULL,0,'2016-10-04 08:57:40',NULL,NULL),(1169,'PARACHUTE 100ML',NULL,1,'0.00','5.00','0.00','4.00','SR','0.06','0.00','0.00',1,NULL,0,'2016-10-04 08:57:40',NULL,NULL),(1170,'GITTEILE SHAVER',NULL,1,'0.00','5.00','0.00','6.00','SR','0.06','0.00','0.00',1,NULL,0,'2016-10-04 08:57:40',NULL,NULL),(1171,'GITTEILE SHAVER',NULL,1,'0.00','5.00','0.00','6.00','SR','0.06','0.00','0.00',1,NULL,0,'2016-10-04 08:57:40',NULL,NULL),(1172,'GITTEILE SHAVER',NULL,1,'0.00','5.00','0.00','6.00','SR','0.06','0.00','0.00',1,NULL,0,'2016-10-04 08:57:40',NULL,NULL),(1173,'PLUG TOP',NULL,15,'0.00','5.00','0.00','4.50','SR','0.06','0.00','0.00',1,NULL,0,'2016-10-04 08:57:40',NULL,NULL),(11761,'Ayam P','1100001',0,'0.00','5.00','0.00','7.99','SR','0.06','0.00','0.00',1,NULL,0,'2016-10-04 13:50:21',NULL,NULL),(11762,'Ayam Kg','1100002',0,'0.00','5.00','0.00','11.50','SR','0.06','0.00','0.00',1,NULL,0,'2016-10-04 13:50:21',NULL,NULL),(11763,'Ayam Tua','1100003',0,'0.00','5.00','0.00','8.00','SR','0.06','0.00','0.00',1,NULL,0,'2016-10-04 13:50:21',NULL,NULL),(11764,'Perut','1100004',0,'0.00','5.00','0.00','12.00','SR','0.06','0.00','0.00',1,NULL,0,'2016-10-04 13:50:21',NULL,NULL),(11765,'Paru','1100005',0,'0.00','5.00','0.00','22.00','SR','0.06','0.00','0.00',1,NULL,0,'2016-10-04 13:50:21',NULL,NULL),(11766,'Cincaru','1100006',0,'0.00','5.00','0.00','8.50','SR','0.06','0.00','0.00',1,NULL,0,'2016-10-04 13:50:21',NULL,NULL),(11767,'Jelawat','1100007',0,'0.00','5.00','0.00','13.00','SR','0.06','0.00','0.00',1,NULL,0,'2016-10-04 13:50:21',NULL,NULL),(11768,'Kbg Besar','1100008',0,'0.00','5.00','0.00','14.50','SR','0.06','0.00','0.00',1,NULL,0,'2016-10-04 13:50:21',NULL,NULL),(11769,'Duri','1100009',0,'0.00','5.00','0.00','6.80','SR','0.06','0.00','0.00',1,NULL,0,'2016-10-04 13:50:21',NULL,NULL),(11770,'Kerisi','1100010',0,'0.00','5.00','0.00','8.00','SR','0.06','0.00','0.00',1,NULL,0,'2016-10-04 13:50:21',NULL,NULL),(11771,'Keli','1100011',0,'0.00','5.00','0.00','6.50','SR','0.06','0.00','0.00',1,NULL,0,'2016-10-04 13:50:21',NULL,NULL),(11772,'Kerang','1100012',0,'0.00','5.00','0.00','3.50','SR','0.06','0.00','0.00',1,NULL,0,'2016-10-04 13:50:21',NULL,NULL),(11773,'Ruho','1100013',0,'0.00','5.00','0.00','8.90','SR','0.06','0.00','0.00',1,NULL,0,'2016-10-04 13:50:21',NULL,NULL),(11774,'Gelama','1100014',0,'0.00','5.00','0.00','9.00','SR','0.06','0.00','0.00',1,NULL,0,'2016-10-04 13:50:21',NULL,NULL),(11775,'T Merah','1100015',0,'0.00','5.00','0.00','12.99','SR','0.06','0.00','0.00',1,NULL,0,'2016-10-04 13:50:21',NULL,NULL),(11776,'T Hitam','1100016',0,'0.00','5.00','0.00','7.99','SR','0.06','0.00','0.00',1,NULL,0,'2016-10-04 13:50:21',NULL,NULL),(11777,'Pacu','1100017',0,'0.00','5.00','0.00','8.99','SR','0.06','0.00','0.00',1,NULL,0,'2016-10-04 13:50:21',NULL,NULL),(11778,'Selar Besar','1100018',0,'0.00','5.00','0.00','11.00','SR','0.06','0.00','0.00',1,NULL,0,'2016-10-04 13:50:21',NULL,NULL),(11779,'Ikan Susu','1100019',0,'0.00','5.00','0.00','12.00','SR','0.06','0.00','0.00',1,NULL,0,'2016-10-04 13:50:21',NULL,NULL),(11780,'Sardin','1100020',0,'0.00','5.00','0.00','10.50','SR','0.06','0.00','0.00',1,NULL,0,'2016-10-04 13:50:21',NULL,NULL),(11781,'Siakap','1100021',0,'0.00','5.00','0.00','14.50','SR','0.06','0.00','0.00',1,NULL,0,'2016-10-04 13:50:21',NULL,NULL),(11782,'Stg Besar','1100022',0,'0.00','5.00','0.00','20.00','SR','0.06','0.00','0.00',1,NULL,0,'2016-10-04 13:50:21',NULL,NULL),(11783,'Belada','1100023',0,'0.00','5.00','0.00','12.00','SR','0.06','0.00','0.00',1,NULL,0,'2016-10-04 13:50:21',NULL,NULL),(11784,'Tongsan','1100024',0,'0.00','5.00','0.00','8.99','SR','0.06','0.00','0.00',1,NULL,0,'2016-10-04 13:50:21',NULL,NULL),(11785,'Tkl Pth','1100025',0,'0.00','5.00','0.00','10.00','SR','0.06','0.00','0.00',1,NULL,0,'2016-10-04 13:50:21',NULL,NULL),(11786,'Ikan Poyo','1100026',0,'0.00','5.00','0.00','18.00','SR','0.06','0.00','0.00',1,NULL,0,'2016-10-04 13:50:21',NULL,NULL),(11787,'Bata','1100027',0,'0.00','5.00','0.00','9.50','SR','0.06','0.00','0.00',1,NULL,0,'2016-10-04 13:50:21',NULL,NULL),(11788,'Air Mas','1100028',0,'0.00','5.00','0.00','16.00','SR','0.06','0.00','0.00',1,NULL,0,'2016-10-04 13:50:21',NULL,NULL),(11789,'Udg Besar','1100029',0,'0.00','5.00','0.00','25.00','SR','0.06','0.00','0.00',1,NULL,0,'2016-10-04 13:50:21',NULL,NULL),(11790,'Udg Pth','1100030',0,'0.00','5.00','0.00','22.00','SR','0.06','0.00','0.00',1,NULL,0,'2016-10-04 13:50:21',NULL,NULL),(11791,'Daging Fress','1100031',0,'0.00','5.00','0.00','24.00','SR','0.06','0.00','0.00',1,NULL,0,'2016-10-04 13:50:21',NULL,NULL),(11792,'Leko','1100032',0,'0.00','5.00','0.00','13.00','SR','0.06','0.00','0.00',1,NULL,0,'2016-10-04 13:50:21',NULL,NULL),(11793,'Bayam','1100033',0,'0.00','5.00','0.00','3.50','SR','0.06','0.00','0.00',1,NULL,0,'2016-10-04 13:50:21',NULL,NULL),(11794,'Bayam Merah','1100034',0,'0.00','5.00','0.00','4.00','SR','0.06','0.00','0.00',1,NULL,0,'2016-10-04 13:50:21',NULL,NULL),(11795,'Bendi','1100035',0,'0.00','5.00','0.00','7.00','SR','0.06','0.00','0.00',1,NULL,0,'2016-10-04 13:50:21',NULL,NULL),(11796,'Btg Sup','1100036',0,'0.00','5.00','0.00','10.00','SR','0.06','0.00','0.00',1,NULL,0,'2016-10-04 13:50:21',NULL,NULL),(11797,'Buncis','1100037',0,'0.00','5.00','0.00','6.80','SR','0.06','0.00','0.00',1,NULL,0,'2016-10-04 13:50:21',NULL,NULL),(11798,'Carrot','1100038',0,'0.00','5.00','0.00','5.00','SR','0.06','0.00','0.00',1,NULL,0,'2016-10-04 13:50:21',NULL,NULL),(11799,'C Api Kpg','1100039',0,'0.00','5.00','0.00','15.50','SR','0.06','0.00','0.00',1,NULL,0,'2016-10-04 13:50:21',NULL,NULL),(11800,'C Akar','1100040',0,'0.00','5.00','0.00','9.00','SR','0.06','0.00','0.00',1,NULL,0,'2016-10-04 13:50:21',NULL,NULL),(11801,'C Merah','1100041',0,'0.00','5.00','0.00','11.00','SR','0.06','0.00','0.00',1,NULL,0,'2016-10-04 13:50:21',NULL,NULL),(11802,'C Hijau','1100042',0,'0.00','5.00','0.00','9.99','SR','0.06','0.00','0.00',1,NULL,0,'2016-10-04 13:50:21',NULL,NULL),(11803,'D. Salad','1100043',0,'0.00','5.00','0.00','10.00','SR','0.06','0.00','0.00',1,NULL,0,'2016-10-04 13:50:21',NULL,NULL),(11804,'Salad Bulat','1100044',0,'0.00','5.00','0.00','7.00','SR','0.06','0.00','0.00',1,NULL,0,'2016-10-04 13:50:21',NULL,NULL),(11805,'Sup/Bwg','1100045',0,'0.00','5.00','0.00','10.00','SR','0.06','0.00','0.00',1,NULL,0,'2016-10-04 13:50:21',NULL,NULL),(11806,'D.ketumbar','1100046',0,'0.00','5.00','0.00','35.00','SR','0.06','0.00','0.00',1,NULL,0,'2016-10-04 13:50:21',NULL,NULL),(11807,'Halia','1100047',0,'0.00','5.00','0.00','10.00','SR','0.06','0.00','0.00',1,NULL,0,'2016-10-04 13:50:21',NULL,NULL),(11808,'Kangkung','1100048',0,'0.00','5.00','0.00','3.50','SR','0.06','0.00','0.00',1,NULL,0,'2016-10-04 13:50:21',NULL,NULL),(11809,'Kailan','1100049',0,'0.00','5.00','0.00','6.50','SR','0.06','0.00','0.00',1,NULL,0,'2016-10-04 13:50:21',NULL,NULL),(11810,'Sim','1100050',0,'0.00','5.00','0.00','8.99','SR','0.06','0.00','0.00',1,NULL,0,'2016-10-04 13:50:21',NULL,NULL),(11811,'Potol','1100051',0,'0.00','5.00','0.00','8.00','SR','0.06','0.00','0.00',1,NULL,0,'2016-10-04 13:50:21',NULL,NULL),(11812,'Kobis Blt','1100052',0,'0.00','5.00','0.00','6.00','SR','0.06','0.00','0.00',1,NULL,0,'2016-10-04 13:50:21',NULL,NULL),(11813,'Kobis Bga','1100053',0,'0.00','5.00','0.00','9.00','SR','0.06','0.00','0.00',1,NULL,0,'2016-10-04 13:50:21',NULL,NULL),(11814,'Kakrol','1100054',0,'0.00','5.00','0.00','8.00','SR','0.06','0.00','0.00',1,NULL,0,'2016-10-04 13:50:21',NULL,NULL),(11815,'Kunyit','1100055',0,'0.00','5.00','0.00','6.50','SR','0.06','0.00','0.00',1,NULL,0,'2016-10-04 13:50:21',NULL,NULL),(11816,'Keledek','1100056',0,'0.00','5.00','0.00','6.00','SR','0.06','0.00','0.00',1,NULL,0,'2016-10-04 13:50:21',NULL,NULL),(11817,'Kcg. Pjg','1100057',0,'0.00','5.00','0.00','6.00','SR','0.06','0.00','0.00',1,NULL,0,'2016-10-04 13:50:21',NULL,NULL),(11818,'Labu Air','1100058',0,'0.00','5.00','0.00','4.50','SR','0.06','0.00','0.00',1,NULL,0,'2016-10-04 13:50:21',NULL,NULL),(11819,'Labu Manis','1100059',0,'0.00','5.00','0.00','3.00','SR','0.06','0.00','0.00',1,NULL,0,'2016-10-04 13:50:21',NULL,NULL),(11820,'Lgkuas','1100060',0,'0.00','5.00','0.00','4.00','SR','0.06','0.00','0.00',1,NULL,0,'2016-10-04 13:50:21',NULL,NULL),(11821,'L.kasturi','1100061',0,'0.00','5.00','0.00','12.00','SR','0.06','0.00','0.00',1,NULL,0,'2016-10-04 13:50:21',NULL,NULL),(11822,'L.nipis','1100062',0,'0.00','5.00','0.00','10.00','SR','0.06','0.00','0.00',1,NULL,0,'2016-10-04 13:50:21',NULL,NULL),(11823,'Peria B','1100063',0,'0.00','5.00','0.00','8.50','SR','0.06','0.00','0.00',1,NULL,0,'2016-10-04 13:50:21',NULL,NULL),(11824,'Peria Katak','1100064',0,'0.00','5.00','0.00','6.00','SR','0.06','0.00','0.00',1,NULL,0,'2016-10-04 13:50:21',NULL,NULL),(11825,'Petola','1100065',0,'0.00','5.00','0.00','7.00','SR','0.06','0.00','0.00',1,NULL,0,'2016-10-04 13:50:21',NULL,NULL),(11826,'Petola Ular','1100066',0,'0.00','5.00','0.00','5.00','SR','0.06','0.00','0.00',1,NULL,0,'2016-10-04 13:50:21',NULL,NULL),(11827,'Rebong','1100067',0,'0.00','5.00','0.00','4.50','SR','0.06','0.00','0.00',1,NULL,0,'2016-10-04 13:50:21',NULL,NULL),(11828,'Sawi','1100068',0,'0.00','5.00','0.00','4.50','SR','0.06','0.00','0.00',1,NULL,0,'2016-10-04 13:50:21',NULL,NULL),(11829,'Sawi Pth','1100069',0,'0.00','5.00','0.00','5.50','SR','0.06','0.00','0.00',1,NULL,0,'2016-10-04 13:50:21',NULL,NULL),(11830,'Dundol','1100070',0,'0.00','5.00','0.00','5.50','SR','0.06','0.00','0.00',1,NULL,0,'2016-10-04 13:50:21',NULL,NULL),(11831,'B Kladi','1100071',0,'0.00','5.00','0.00','7.00','SR','0.06','0.00','0.00',1,NULL,0,'2016-10-04 13:50:21',NULL,NULL),(11832,'Terung Pjg','1100072',0,'0.00','5.00','0.00','7.00','SR','0.06','0.00','0.00',1,NULL,0,'2016-10-04 13:50:21',NULL,NULL),(11833,'Terung Blt','1100073',0,'0.00','5.00','0.00','7.00','SR','0.06','0.00','0.00',1,NULL,0,'2016-10-04 13:50:21',NULL,NULL),(11834,'Timun','1100074',0,'0.00','5.00','0.00','4.00','SR','0.06','0.00','0.00',1,NULL,0,'2016-10-04 13:50:21',NULL,NULL),(11835,'U Kladi','1100075',0,'0.00','5.00','0.00','8.00','SR','0.06','0.00','0.00',1,NULL,0,'2016-10-04 13:50:21',NULL,NULL),(11836,'Tomato','1100076',0,'0.00','5.00','0.00','7.00','SR','0.06','0.00','0.00',1,NULL,0,'2016-10-04 13:50:21',NULL,NULL),(11837,'Trg Tunjuk','1100077',0,'0.00','5.00','0.00','4.60','SR','0.06','0.00','0.00',1,NULL,0,'2016-10-04 13:50:21',NULL,NULL),(11838,'Lobak Pth','1100078',0,'0.00','5.00','0.00','4.50','SR','0.06','0.00','0.00',1,NULL,0,'2016-10-04 13:50:21',NULL,NULL),(11839,'Jali','1100079',0,'0.00','5.00','0.00','4.00','SR','0.06','0.00','0.00',1,NULL,0,'2016-10-04 13:50:21',NULL,NULL),(11840,'Taugeh','1100080',0,'0.00','5.00','0.00','1.50','SR','0.06','0.00','0.00',1,NULL,0,'2016-10-04 13:50:21',NULL,NULL),(11841,'Cili Buah','1100081',0,'0.00','5.00','0.00','8.50','SR','0.06','0.00','0.00',1,NULL,0,'2016-10-04 13:50:21',NULL,NULL),(11842,'C Gemuk','1100082',0,'0.00','5.00','0.00','15.00','SR','0.06','0.00','0.00',1,NULL,0,'2016-10-04 13:50:21',NULL,NULL),(11843,'C Kering','1100083',0,'0.00','5.00','0.00','16.00','SR','0.06','0.00','0.00',1,NULL,0,'2016-10-04 13:50:21',NULL,NULL),(11844,'Peteh','1100084',0,'0.00','5.00','0.00','3.00','SR','0.06','0.00','0.00',1,NULL,0,'2016-10-04 13:50:21',NULL,NULL),(11845,'P Bayam','1100085',0,'0.00','5.00','0.00','4.00','SR','0.06','0.00','0.00',1,NULL,0,'2016-10-04 13:50:21',NULL,NULL),(11846,'Asam Kpg','1100086',0,'0.00','5.00','0.00','17.00','SR','0.06','0.00','0.00',1,NULL,0,'2016-10-04 13:50:21',NULL,NULL),(11847,'Stg Kering','1100087',0,'0.00','5.00','0.00','22.00','SR','0.06','0.00','0.00',1,NULL,0,'2016-10-04 13:50:21',NULL,NULL),(11848,'Stg Kbg','1100088',0,'0.00','5.00','0.00','13.00','SR','0.06','0.00','0.00',1,NULL,0,'2016-10-04 13:50:21',NULL,NULL),(11849,'Bls Kopek Hls','1100089',0,'0.00','5.00','0.00','26.00','SR','0.06','0.00','0.00',1,NULL,0,'2016-10-04 13:50:21',NULL,NULL),(11850,'Bls Kopek Ksr','1100090',0,'0.00','5.00','0.00','18.50','SR','0.06','0.00','0.00',1,NULL,0,'2016-10-04 13:50:21',NULL,NULL),(11851,'Kentang K','1100091',0,'0.00','5.00','0.00','7.50','SR','0.06','0.00','0.00',1,NULL,0,'2016-10-04 13:50:21',NULL,NULL),(11852,'Kentang','1100092',0,'0.00','5.00','0.00','2.50','SR','0.06','0.00','0.00',1,NULL,0,'2016-10-04 13:50:21',NULL,NULL),(11853,'Bwg Holland','1100093',0,'0.00','5.00','0.00','4.50','SR','0.06','0.00','0.00',1,NULL,0,'2016-10-04 13:50:21',NULL,NULL),(11854,'Bwg Pth','1100094',0,'0.00','5.00','0.00','6.00','SR','0.06','0.00','0.00',1,NULL,0,'2016-10-04 13:50:21',NULL,NULL),(11855,'Bwg Pth Guni','1100095',0,'0.00','5.00','0.00','15.00','SR','0.06','0.00','0.00',1,NULL,0,'2016-10-04 13:50:21',NULL,NULL),(11856,'Bwg Ros','1100096',0,'0.00','5.00','0.00','4.80','SR','0.06','0.00','0.00',1,NULL,0,'2016-10-04 13:50:21',NULL,NULL),(11857,'Bwg Besar','1100097',0,'0.00','5.00','0.00','2.50','SR','0.06','0.00','0.00',1,NULL,0,'2016-10-04 13:50:21',NULL,NULL),(11858,'Keropok','1100098',0,'0.00','5.00','0.00','11.00','SR','0.06','0.00','0.00',1,NULL,0,'2016-10-04 13:50:21',NULL,NULL),(11859,'Api Merah','1100099',0,'0.00','5.00','0.00','15.99','SR','0.06','0.00','0.00',1,NULL,0,'2016-10-04 13:50:21',NULL,NULL),(11860,'Brocoli','1100100',0,'0.00','5.00','0.00','13.00','SR','0.06','0.00','0.00',1,NULL,0,'2016-10-04 13:50:21',NULL,NULL),(11861,'Psg Kari','1100101',0,'0.00','5.00','0.00','7.00','SR','0.06','0.00','0.00',1,NULL,0,'2016-10-04 13:50:21',NULL,NULL),(11862,'Pisang Mas','1100102',0,'0.00','5.00','0.00','5.00','SR','0.06','0.00','0.00',1,NULL,0,'2016-10-04 13:50:21',NULL,NULL),(11863,'Honey Dew','1100103',0,'0.00','5.00','0.00','3.00','SR','0.06','0.00','0.00',1,NULL,0,'2016-10-04 13:50:21',NULL,NULL),(11864,'Tembikai','1100104',0,'0.00','5.00','0.00','2.60','SR','0.06','0.00','0.00',1,NULL,0,'2016-10-04 13:50:21',NULL,NULL),(11865,'Angur','1100105',0,'0.00','5.00','0.00','15.00','SR','0.06','0.00','0.00',1,NULL,0,'2016-10-04 13:50:21',NULL,NULL),(11866,'Mangga Masak','1100106',0,'0.00','5.00','0.00','5.00','SR','0.06','0.00','0.00',1,NULL,0,'2016-10-04 13:50:21',NULL,NULL),(11867,'Betik','1100107',0,'0.00','5.00','0.00','3.50','SR','0.06','0.00','0.00',1,NULL,0,'2016-10-04 13:50:21',NULL,NULL),(11868,'Apple M','1100108',0,'0.00','5.00','0.00','7.00','SR','0.06','0.00','0.00',1,NULL,0,'2016-10-04 13:50:21',NULL,NULL),(11869,'Mgga Muda','1100109',0,'0.00','5.00','0.00','5.50','SR','0.06','0.00','0.00',1,NULL,0,'2016-10-04 13:50:21',NULL,NULL),(11870,'Terubuk','1100110',0,'0.00','5.00','0.00','24.00','SR','0.06','0.00','0.00',1,NULL,0,'2016-10-04 13:50:21',NULL,NULL),(11871,'Patin','1100111',0,'0.00','5.00','0.00','6.00','SR','0.06','0.00','0.00',1,NULL,0,'2016-10-04 13:50:21',NULL,NULL),(11872,'Apple H','1100112',0,'0.00','5.00','0.00','7.00','SR','0.06','0.00','0.00',1,NULL,0,'2016-10-04 13:50:21',NULL,NULL),(11873,'Psg Montel','1100113',0,'0.00','5.00','0.00','5.00','SR','0.06','0.00','0.00',1,NULL,0,'2016-10-04 13:50:21',NULL,NULL),(11874,'Tggiri Ais','1100114',0,'0.00','5.00','0.00','17.00','SR','0.06','0.00','0.00',1,NULL,0,'2016-10-04 13:50:21',NULL,NULL),(11875,'Bawal Ais','1100115',0,'0.00','5.00','0.00','14.80','SR','0.06','0.00','0.00',1,NULL,0,'2016-10-04 13:50:21',NULL,NULL),(11876,'Tongsan Mati','1100116',0,'0.00','5.00','0.00','8.00','SR','0.06','0.00','0.00',1,NULL,0,'2016-10-04 13:50:21',NULL,NULL),(11877,'Sepat Masin','1100117',0,'0.00','5.00','0.00','19.00','SR','0.06','0.00','0.00',1,NULL,0,'2016-10-04 13:50:21',NULL,NULL),(11878,'Duri Masin','1100118',0,'0.00','5.00','0.00','13.00','SR','0.06','0.00','0.00',1,NULL,0,'2016-10-04 13:50:21',NULL,NULL),(11879,'Lampam Mati','1100119',0,'0.00','5.00','0.00','12.00','SR','0.06','0.00','0.00',1,NULL,0,'2016-10-04 13:50:21',NULL,NULL),(11880,'D Frozen','1100120',0,'0.00','5.00','0.00','16.50','SR','0.06','0.00','0.00',1,NULL,0,'2016-10-04 13:50:21',NULL,NULL),(11881,'Air Mas Mati','1100121',0,'0.00','5.00','0.00','15.00','SR','0.06','0.00','0.00',1,NULL,0,'2016-10-04 13:50:21',NULL,NULL),(11882,'Ketam','1100122',0,'0.00','5.00','0.00','22.00','SR','0.06','0.00','0.00',1,NULL,0,'2016-10-04 13:50:21',NULL,NULL),(11883,'Udg Galah','1100123',0,'0.00','5.00','0.00','30.00','SR','0.06','0.00','0.00',1,NULL,0,'2016-10-04 13:50:21',NULL,NULL),(11884,'K Frozen','1100124',0,'0.00','5.00','0.00','19.00','SR','0.06','0.00','0.00',1,NULL,0,'2016-10-04 13:50:21',NULL,NULL),(11885,'Pacu Mati','1100125',0,'0.00','5.00','0.00','8.00','SR','0.06','0.00','0.00',1,NULL,0,'2016-10-04 13:50:21',NULL,NULL),(11886,'Leko Mati','1100126',0,'0.00','5.00','0.00','12.00','SR','0.06','0.00','0.00',1,NULL,0,'2016-10-04 13:50:21',NULL,NULL),(11887,'Ruho Mati','1100127',0,'0.00','5.00','0.00','7.00','SR','0.06','0.00','0.00',1,NULL,0,'2016-10-04 13:50:21',NULL,NULL),(11888,'T Merah Mati','1100128',0,'0.00','5.00','0.00','12.00','SR','0.06','0.00','0.00',1,NULL,0,'2016-10-04 13:50:21',NULL,NULL),(11889,'T Hitam Mati','1100129',0,'0.00','5.00','0.00','7.00','SR','0.06','0.00','0.00',1,NULL,0,'2016-10-04 13:50:21',NULL,NULL),(11890,'NEW ITEM',NULL,0,'0.00','5.00','0.00','0.00','SR','0.06','0.00','0.00',1,NULL,1,'2016-10-04 15:59:12',NULL,NULL),(11891,'Some Item',NULL,0,'0.00','5.00','0.00','2.20','SR','0.06','0.00','0.00',1,NULL,1,'2016-10-04 16:06:46',NULL,NULL),(11896,'My Product 2','FM1000002',0,'2.00','5.00','0.00','2.00','SR','0.06','0.00','0.00',1,NULL,1,'2016-10-05 08:48:11',NULL,NULL),(11897,'My Product 3','FM1000003',0,'0.00','5.00','0.00','3.35','SR','0.06','0.00','0.00',1,NULL,1,'2016-10-05 08:49:25',NULL,NULL),(11898,'My Product 4','FM1000004',0,'0.00','5.00','0.00','4.55','SR','0.06','0.00','0.00',1,NULL,1,'2016-10-05 08:50:05',NULL,NULL),(11899,'Some Item 4','FM1000006',0,'0.00','5.00','0.00','4.45','SR','0.06','0.00','0.00',1,NULL,1,'2016-10-05 13:07:45',NULL,NULL),(11900,'Asus X453S','889349244968',0,'10.00','5.00','0.00','1099.00','SR','0.06','0.00','0.00',1,NULL,1,'2016-10-09 18:51:32',NULL,NULL);

UNLOCK TABLES;

/*Table structure for table `purchase_batch` */

DROP TABLE IF EXISTS `purchase_batch`;

CREATE TABLE `purchase_batch` (
  `id` int(10) unsigned NOT NULL AUTO_INCREMENT,
  `name` varchar(128) NOT NULL,
  `date` date DEFAULT NULL,
  `supplier` int(10) unsigned NOT NULL DEFAULT '0',
  `purchased_by` int(10) unsigned NOT NULL,
  `remarks` text,
  `entry_by` int(10) unsigned NOT NULL,
  `entry_time` datetime NOT NULL,
  `modify_by` int(10) unsigned DEFAULT NULL,
  `modify_time` datetime DEFAULT NULL,
  PRIMARY KEY (`id`),
  KEY `product_supplier` (`supplier`),
  KEY `purchaser` (`purchased_by`),
  CONSTRAINT `product_supplier` FOREIGN KEY (`supplier`) REFERENCES `supplier` (`id`),
  CONSTRAINT `purchaser` FOREIGN KEY (`purchased_by`) REFERENCES `sys_user` (`id`)
) ENGINE=InnoDB AUTO_INCREMENT=2 DEFAULT CHARSET=latin1;

/*Data for the table `purchase_batch` */

LOCK TABLES `purchase_batch` WRITE;

insert  into `purchase_batch`(`id`,`name`,`date`,`supplier`,`purchased_by`,`remarks`,`entry_by`,`entry_time`,`modify_by`,`modify_time`) values (1,'ghgh','2016-10-09',1,2,'hgh',1,'2016-10-09 18:59:32',NULL,NULL);

UNLOCK TABLES;

/*Table structure for table `purchase_batch_items` */

DROP TABLE IF EXISTS `purchase_batch_items`;

CREATE TABLE `purchase_batch_items` (
  `id` int(10) unsigned NOT NULL AUTO_INCREMENT,
  `batch_id` int(10) unsigned NOT NULL,
  `product_id` int(10) unsigned NOT NULL,
  `buying_price` decimal(10,2) unsigned NOT NULL,
  `selling_price` decimal(10,2) unsigned NOT NULL,
  `quantity` decimal(10,2) unsigned NOT NULL,
  `expiry_date` date DEFAULT NULL,
  `entry_by` int(10) unsigned NOT NULL,
  `entry_time` datetime NOT NULL,
  `modify_by` int(10) unsigned DEFAULT NULL,
  `modify_time` datetime DEFAULT NULL,
  PRIMARY KEY (`id`),
  KEY `purchase_batch_id` (`batch_id`),
  KEY `purchase_product_id` (`product_id`),
  CONSTRAINT `purchase_batch_id` FOREIGN KEY (`batch_id`) REFERENCES `purchase_batch` (`id`),
  CONSTRAINT `purchase_product_id` FOREIGN KEY (`product_id`) REFERENCES `products` (`id`)
) ENGINE=InnoDB DEFAULT CHARSET=latin1;

/*Data for the table `purchase_batch_items` */

LOCK TABLES `purchase_batch_items` WRITE;

UNLOCK TABLES;

/*Table structure for table `purchase_order` */

DROP TABLE IF EXISTS `purchase_order`;

CREATE TABLE `purchase_order` (
  `id` int(10) unsigned NOT NULL AUTO_INCREMENT,
  `name` varchar(128) NOT NULL,
  `date` date DEFAULT NULL,
  `supplier` int(10) unsigned NOT NULL DEFAULT '0',
  `ordered_by` int(10) unsigned NOT NULL,
  `remarks` text,
  `entry_by` int(10) unsigned NOT NULL,
  `entry_time` datetime NOT NULL,
  `modify_by` int(10) unsigned DEFAULT NULL,
  `modify_time` datetime DEFAULT NULL,
  PRIMARY KEY (`id`),
  KEY `product_supplier_order` (`supplier`),
  CONSTRAINT `product_supplier_order` FOREIGN KEY (`supplier`) REFERENCES `supplier` (`id`)
) ENGINE=InnoDB AUTO_INCREMENT=2 DEFAULT CHARSET=latin1;

/*Data for the table `purchase_order` */

LOCK TABLES `purchase_order` WRITE;

insert  into `purchase_order`(`id`,`name`,`date`,`supplier`,`ordered_by`,`remarks`,`entry_by`,`entry_time`,`modify_by`,`modify_time`) values (1,'2016-10-04','2016-10-04',0,1,'Entry from POS Terminal',1,'2016-10-04 16:47:03',NULL,NULL);

UNLOCK TABLES;

/*Table structure for table `purchase_order_items` */

DROP TABLE IF EXISTS `purchase_order_items`;

CREATE TABLE `purchase_order_items` (
  `id` int(10) unsigned NOT NULL AUTO_INCREMENT,
  `order_id` int(10) unsigned NOT NULL,
  `product_id` int(10) unsigned NOT NULL,
  `quantity` decimal(10,2) unsigned NOT NULL,
  `expiry_date` date DEFAULT NULL,
  `entry_by` int(10) unsigned NOT NULL,
  `entry_time` datetime NOT NULL,
  `modify_by` int(10) unsigned DEFAULT NULL,
  `modify_time` datetime DEFAULT NULL,
  PRIMARY KEY (`id`),
  KEY `purchase_order_id` (`order_id`),
  KEY `purchase_order_product_id` (`product_id`),
  CONSTRAINT `purchase_order_id` FOREIGN KEY (`order_id`) REFERENCES `purchase_order` (`id`),
  CONSTRAINT `purchase_order_product_id` FOREIGN KEY (`product_id`) REFERENCES `products` (`id`)
) ENGINE=InnoDB DEFAULT CHARSET=latin1;

/*Data for the table `purchase_order_items` */

LOCK TABLES `purchase_order_items` WRITE;

UNLOCK TABLES;

/*Table structure for table `purchase_return` */

DROP TABLE IF EXISTS `purchase_return`;

CREATE TABLE `purchase_return` (
  `id` int(10) unsigned NOT NULL AUTO_INCREMENT,
  `name` varchar(128) NOT NULL,
  `date` date DEFAULT NULL,
  `supplier` int(10) unsigned NOT NULL DEFAULT '0',
  `purchased_by` int(10) unsigned NOT NULL,
  `remarks` text,
  `entry_by` int(10) unsigned NOT NULL,
  `entry_time` datetime NOT NULL,
  `modify_by` int(10) unsigned DEFAULT NULL,
  `modify_time` datetime DEFAULT NULL,
  PRIMARY KEY (`id`)
) ENGINE=InnoDB DEFAULT CHARSET=latin1;

/*Data for the table `purchase_return` */

LOCK TABLES `purchase_return` WRITE;

UNLOCK TABLES;

/*Table structure for table `purchase_return_items` */

DROP TABLE IF EXISTS `purchase_return_items`;

CREATE TABLE `purchase_return_items` (
  `id` int(10) unsigned NOT NULL AUTO_INCREMENT,
  `return_id` int(10) unsigned NOT NULL,
  `product_id` int(10) unsigned NOT NULL,
  `buying_price` decimal(10,2) unsigned NOT NULL,
  `selling_price` decimal(10,2) unsigned NOT NULL,
  `quantity` decimal(10,2) unsigned NOT NULL,
  `expiry_date` date DEFAULT NULL,
  `entry_by` int(10) unsigned NOT NULL,
  `entry_time` datetime NOT NULL,
  `modify_by` int(10) unsigned DEFAULT NULL,
  `modify_time` datetime DEFAULT NULL,
  PRIMARY KEY (`id`)
) ENGINE=InnoDB DEFAULT CHARSET=latin1;

/*Data for the table `purchase_return_items` */

LOCK TABLES `purchase_return_items` WRITE;

UNLOCK TABLES;

/*Table structure for table `sales_counter` */

DROP TABLE IF EXISTS `sales_counter`;

CREATE TABLE `sales_counter` (
  `id` int(10) unsigned NOT NULL AUTO_INCREMENT,
  `name` varchar(128) NOT NULL,
  `location` text,
  PRIMARY KEY (`id`)
) ENGINE=InnoDB AUTO_INCREMENT=2 DEFAULT CHARSET=latin1;

/*Data for the table `sales_counter` */

LOCK TABLES `sales_counter` WRITE;

insert  into `sales_counter`(`id`,`name`,`location`) values (1,'Default Counter',NULL);

UNLOCK TABLES;

/*Table structure for table `sales_counter_balance` */

DROP TABLE IF EXISTS `sales_counter_balance`;

CREATE TABLE `sales_counter_balance` (
  `id` int(10) unsigned NOT NULL AUTO_INCREMENT,
  `counter` int(10) unsigned NOT NULL DEFAULT '1',
  `date` date NOT NULL,
  `opening_balance` decimal(10,2) unsigned DEFAULT NULL,
  `closing_balance` decimal(10,2) unsigned DEFAULT NULL,
  `entry_by` int(10) unsigned NOT NULL,
  `entry_time` datetime NOT NULL,
  `modify_by` int(10) unsigned DEFAULT NULL,
  `modify_time` datetime DEFAULT NULL,
  `status` enum('Open','Closed') NOT NULL DEFAULT 'Open',
  PRIMARY KEY (`id`),
  UNIQUE KEY `counter_date_operator` (`counter`,`entry_time`),
  CONSTRAINT `sales_counter` FOREIGN KEY (`counter`) REFERENCES `sales_counter` (`id`)
) ENGINE=InnoDB AUTO_INCREMENT=29 DEFAULT CHARSET=latin1;

/*Data for the table `sales_counter_balance` */

LOCK TABLES `sales_counter_balance` WRITE;

insert  into `sales_counter_balance`(`id`,`counter`,`date`,`opening_balance`,`closing_balance`,`entry_by`,`entry_time`,`modify_by`,`modify_time`,`status`) values (1,1,'2016-09-25','0.00',NULL,1,'2016-09-25 19:20:42',NULL,NULL,'Open'),(2,1,'2016-09-27','0.00',NULL,1,'2016-09-27 09:23:28',NULL,NULL,'Open'),(3,1,'2016-09-28','0.00',NULL,1,'2016-09-28 06:45:18',NULL,NULL,'Open'),(4,1,'2016-09-30','0.00','0.00',1,'2016-09-30 23:50:48',1,'2016-09-30 23:57:39','Closed'),(5,1,'2016-10-04','0.00',NULL,1,'2016-10-04 01:03:28',NULL,NULL,'Open'),(6,1,'2016-10-05','0.00',NULL,1,'2016-10-05 07:09:19',NULL,NULL,'Open'),(7,1,'2016-10-06','0.00',NULL,1,'2016-10-06 09:44:44',NULL,NULL,'Open'),(8,1,'2016-10-09','0.00','9.00',1,'2016-10-09 10:03:35',1,'2016-10-09 19:06:37','Closed'),(9,1,'2016-10-09','67.00',NULL,1,'2016-10-09 19:06:45',NULL,NULL,'Open'),(10,1,'2016-10-10','0.00',NULL,1,'2016-10-10 10:45:46',NULL,NULL,'Open'),(11,1,'2016-10-11','0.00',NULL,1,'2016-10-11 12:12:40',NULL,NULL,'Open'),(12,1,'2016-10-12','0.00',NULL,1,'2016-10-12 17:38:11',NULL,NULL,'Open'),(13,1,'2016-10-13','0.00',NULL,1,'2016-10-13 15:59:37',NULL,NULL,'Open'),(14,1,'2016-10-21','120.00',NULL,1,'2016-10-21 18:37:04',NULL,NULL,'Open'),(15,1,'2016-10-27','0.00',NULL,1,'2016-10-27 15:45:09',NULL,NULL,'Open'),(16,1,'2016-11-01','0.00',NULL,1,'2016-11-01 02:29:47',NULL,NULL,'Open'),(17,1,'2016-11-06','0.00','90.00',1,'2016-11-06 09:42:19',1,'2016-11-06 17:23:42','Closed'),(18,1,'2016-11-06','34.00',NULL,1,'2016-11-06 17:23:47',NULL,NULL,'Open'),(19,1,'2016-11-12','0.00',NULL,1,'2016-11-12 17:26:03',NULL,NULL,'Open'),(20,1,'2016-11-16','0.00',NULL,1,'2016-11-16 11:36:45',NULL,NULL,'Open'),(21,1,'2016-11-17','0.00',NULL,1,'2016-11-17 17:43:04',NULL,NULL,'Open'),(22,1,'2016-11-26','123.00',NULL,1,'2016-11-26 19:06:35',NULL,NULL,'Open'),(23,1,'2016-12-04','0.00',NULL,1,'2016-12-04 21:27:48',NULL,NULL,'Open'),(24,1,'2016-12-06','0.00',NULL,1,'2016-12-06 16:59:52',NULL,NULL,'Open'),(25,1,'2016-12-09','0.00',NULL,1,'2016-12-09 14:49:17',NULL,NULL,'Open'),(26,1,'2016-12-10','0.00',NULL,1,'2016-12-10 09:12:02',NULL,NULL,'Open'),(27,1,'2017-02-15','0.00',NULL,1,'2017-02-15 21:15:58',NULL,NULL,'Open'),(28,1,'2017-02-18','0.00',NULL,1,'2017-02-18 20:59:22',NULL,NULL,'Open');

UNLOCK TABLES;

/*Table structure for table `sales_invoice` */

DROP TABLE IF EXISTS `sales_invoice`;

CREATE TABLE `sales_invoice` (
  `id` int(10) unsigned NOT NULL AUTO_INCREMENT,
  `date` date NOT NULL,
  `entry_by` int(10) unsigned NOT NULL,
  `entry_time` datetime NOT NULL,
  `modify_by` int(10) unsigned DEFAULT NULL,
  `modify_time` datetime DEFAULT NULL,
  `customer` int(10) unsigned NOT NULL DEFAULT '0',
  `tax_inclusive` tinyint(1) unsigned NOT NULL DEFAULT '1',
  `sub_total` decimal(10,2) unsigned NOT NULL DEFAULT '0.00',
  `total_tax` decimal(10,2) unsigned NOT NULL DEFAULT '0.00',
  `discount` decimal(8,2) unsigned NOT NULL DEFAULT '0.00',
  `rounding` decimal(2,2) NOT NULL DEFAULT '0.00',
  `total_with_tax` decimal(10,2) unsigned NOT NULL DEFAULT '0.00',
  `cash` decimal(10,2) unsigned NOT NULL DEFAULT '0.00',
  `change` decimal(10,2) unsigned NOT NULL DEFAULT '0.00',
  `operator` varchar(128) NOT NULL,
  `due` decimal(10,2) unsigned NOT NULL DEFAULT '0.00',
  PRIMARY KEY (`id`),
  KEY `sales_invoice_customer` (`customer`),
  CONSTRAINT `sales_invoice_customer` FOREIGN KEY (`customer`) REFERENCES `customer` (`id`)
) ENGINE=InnoDB AUTO_INCREMENT=73 DEFAULT CHARSET=latin1;

/*Data for the table `sales_invoice` */

LOCK TABLES `sales_invoice` WRITE;

insert  into `sales_invoice`(`id`,`date`,`entry_by`,`entry_time`,`modify_by`,`modify_time`,`customer`,`tax_inclusive`,`sub_total`,`total_tax`,`discount`,`rounding`,`total_with_tax`,`cash`,`change`,`operator`,`due`) values (1,'2016-10-04',1,'2016-10-04 20:26:37',NULL,NULL,0,1,'2.20','0.12','0.00','0.00','2.20','2.20','0.00','Zafril','0.00'),(2,'2016-10-05',1,'2016-10-05 09:51:36',NULL,NULL,0,1,'6.00','0.34','0.00','0.00','6.00','6.00','0.00','Zafril','0.00'),(3,'2016-10-05',1,'2016-10-05 09:52:27',NULL,NULL,0,1,'6.00','0.34','0.00','0.00','6.00','6.00','0.00','Zafril','0.00'),(4,'2016-10-05',1,'2016-10-05 09:53:19',NULL,NULL,0,1,'3.80','0.22','0.00','0.00','3.80','3.80','0.00','Zafril','0.00'),(5,'2016-10-05',1,'2016-10-05 09:58:26',NULL,NULL,0,1,'2.00','0.11','0.00','0.00','2.00','2.00','0.00','Zafril','0.00'),(6,'2016-10-05',1,'2016-10-05 09:58:42',NULL,NULL,0,1,'5.50','0.31','0.00','0.00','5.50','5.50','0.00','Zafril','0.00'),(7,'2016-10-05',1,'2016-10-05 10:01:08',NULL,NULL,0,1,'12.50','0.71','0.00','0.00','12.50','12.50','0.00','Zafril','0.00'),(8,'2016-10-05',1,'2016-10-05 10:05:19',NULL,NULL,0,1,'4.50','0.25','0.00','0.00','4.50','4.50','0.00','Zafril','0.00'),(9,'2016-10-05',1,'2016-10-05 10:06:16',NULL,NULL,0,1,'13.00','0.74','0.00','0.00','13.00','13.00','0.00','Zafril','0.00'),(10,'2016-10-05',1,'2016-10-05 10:10:10',NULL,NULL,0,1,'13.00','0.74','0.00','0.00','13.00','13.00','0.00','Zafril','0.00'),(11,'2016-10-05',1,'2016-10-05 10:13:56',NULL,NULL,0,1,'13.00','0.74','0.00','0.00','13.00','13.00','0.00','Zafril','0.00'),(12,'2016-10-05',1,'2016-10-05 10:16:51',NULL,NULL,0,1,'13.00','0.74','0.00','0.00','13.00','13.00','0.00','Zafril','0.00'),(13,'2016-10-05',1,'2016-10-05 10:19:43',NULL,NULL,0,1,'13.00','0.74','0.00','0.00','13.00','13.00','0.00','Zafril','0.00'),(14,'2016-10-05',1,'2016-10-05 10:32:13',NULL,NULL,0,1,'4.50','0.25','0.00','0.00','4.50','4.50','0.00','Zafril','0.00'),(15,'2016-10-05',1,'2016-10-05 10:35:23',NULL,NULL,0,1,'13.00','0.74','0.00','0.00','13.00','13.00','0.00','Zafril','0.00'),(16,'2016-10-05',1,'2016-10-05 10:36:17',NULL,NULL,0,1,'13.00','0.74','0.00','0.00','13.00','13.00','0.00','Zafril','0.00'),(17,'2016-10-05',1,'2016-10-05 10:38:11',NULL,NULL,0,1,'13.00','0.74','0.00','0.00','13.00','13.00','0.00','Zafril','0.00'),(18,'2016-10-05',1,'2016-10-05 10:39:11',NULL,NULL,0,1,'13.00','0.74','0.00','0.00','13.00','13.00','0.00','Zafril','0.00'),(19,'2016-10-05',1,'2016-10-05 10:41:18',NULL,NULL,0,1,'13.00','0.74','0.00','0.00','13.00','13.00','0.00','Zafril','0.00'),(20,'2016-10-05',1,'2016-10-05 10:43:33',NULL,NULL,0,1,'13.00','0.74','0.00','0.00','13.00','13.00','0.00','Zafril','0.00'),(21,'2016-10-05',1,'2016-10-05 10:44:04',NULL,NULL,0,1,'13.00','0.74','0.00','0.00','13.00','13.00','0.00','Zafril','0.00'),(22,'2016-10-05',1,'2016-10-05 10:44:39',NULL,NULL,0,1,'13.00','0.74','0.00','0.00','13.00','13.00','0.00','Zafril','0.00'),(23,'2016-10-05',1,'2016-10-05 10:44:58',NULL,NULL,0,1,'13.00','0.74','0.00','0.00','13.00','13.00','0.00','Zafril','0.00'),(24,'2016-10-05',1,'2016-10-05 11:09:40',NULL,NULL,0,1,'13.00','0.74','0.00','0.00','13.00','13.00','0.00','Zafril','0.00'),(25,'2016-10-05',1,'2016-10-05 11:16:10',NULL,NULL,0,1,'13.00','0.74','0.00','0.00','13.00','13.00','0.00','Zafril','0.00'),(26,'2016-10-05',1,'2016-10-05 11:17:37',NULL,NULL,0,1,'13.00','0.74','0.00','0.00','13.00','13.00','0.00','Zafril','0.00'),(27,'2016-10-05',1,'2016-10-05 18:00:12',NULL,NULL,1,1,'14.00','0.79','0.00','0.00','14.00','0.00','0.00','Zafril','0.00'),(28,'2016-10-05',1,'2016-10-05 18:05:05',NULL,NULL,2,1,'8.50','0.48','0.00','0.00','8.50','0.00','0.00','Zafril','0.00'),(29,'2016-10-06',1,'2016-10-06 10:32:24',NULL,NULL,0,1,'88.90','5.03','0.00','0.00','88.90','88.90','0.00','Zafril','0.00'),(30,'2016-10-09',1,'2016-10-09 10:05:52',NULL,NULL,0,1,'9.00','0.51','0.00','0.00','9.00','9.00','0.00','System','0.00'),(31,'2016-10-09',1,'2016-10-09 10:06:47',NULL,NULL,0,1,'4.50','0.25','0.00','0.00','4.50','4.50','0.00','System','0.00'),(32,'2016-10-09',1,'2016-10-09 10:10:59',NULL,NULL,0,1,'7.00','0.40','0.00','0.00','7.00','7.00','0.00','System','0.00'),(33,'2016-10-09',1,'2016-10-09 10:11:45',NULL,NULL,0,1,'7.00','0.40','0.00','0.00','7.00','7.00','0.00','System','0.00'),(34,'2016-10-09',1,'2016-10-09 10:11:57',NULL,NULL,0,1,'7.00','0.40','0.00','0.00','7.00','7.00','0.00','System','0.00'),(35,'2016-10-09',1,'2016-10-09 10:12:40',NULL,NULL,0,1,'7.00','0.40','0.00','0.00','7.00','7.00','0.00','System','0.00'),(36,'2016-10-09',1,'2016-10-09 10:24:13',NULL,NULL,0,1,'3.50','0.20','0.00','0.00','3.50','0.00','0.00','System','3.50'),(37,'2016-10-09',1,'2016-10-09 11:16:12',NULL,NULL,2,1,'8.00','0.45','0.00','0.00','8.00','8.00','0.00','System','0.00'),(38,'2016-10-09',1,'2016-10-09 11:16:29',NULL,NULL,0,1,'14.50','0.82','0.00','0.00','14.50','0.00','0.00','System','3.50'),(39,'2016-10-09',1,'2016-10-09 18:51:49',NULL,NULL,0,1,'1099.00','62.21','0.00','0.00','1099.00','2000.00','901.00','System','0.00'),(40,'2016-10-09',1,'2016-10-09 19:04:57',NULL,NULL,0,1,'6606.00','125.09','0.00','0.00','6606.00','6606.00','0.00','System','0.00'),(41,'2016-10-09',1,'2016-10-09 19:07:55',NULL,NULL,0,1,'734.00','41.55','0.00','0.00','734.00','675676.00','674942.00','System','0.00'),(42,'2016-10-11',1,'2016-10-11 12:13:36',NULL,NULL,0,1,'3.00','0.17','0.00','0.00','3.00','3.00','0.00','System','0.00'),(43,'2016-10-12',1,'2016-10-12 17:38:57',NULL,NULL,0,1,'56.00','3.17','0.00','0.00','56.00','56.00','0.00','System','0.00'),(44,'2016-10-13',1,'2016-10-13 17:09:46',NULL,NULL,2,1,'41.80','2.37','0.00','0.00','41.80','41.80','0.00','System','0.00'),(45,'2016-10-13',1,'2016-10-13 17:10:13',NULL,NULL,2,1,'44.40','2.51','0.00','0.00','44.40','0.00','0.00','System','44.40'),(46,'2016-10-21',1,'2016-10-21 18:38:02',NULL,NULL,0,1,'34.00','1.92','0.00','0.00','34.00','50.00','16.00','System','0.00'),(47,'2016-10-21',1,'2016-10-21 18:38:51',NULL,NULL,2,1,'140.50','5.07','0.00','0.00','140.50','40.50','0.00','System','90.00'),(48,'2016-11-06',1,'2016-11-06 22:58:55',NULL,NULL,0,1,'12.50','0.71','0.00','0.00','12.50','12.50','0.00','System','0.00'),(49,'2016-11-06',1,'2016-11-06 23:05:52',NULL,NULL,0,1,'7.70','0.44','0.00','0.00','7.70','7.70','0.00','System','0.00'),(50,'2016-11-06',1,'2016-11-06 23:07:27',NULL,NULL,0,1,'6.50','0.37','0.00','0.00','6.50','6.50','0.00','System','0.00'),(51,'2016-11-12',1,'2016-11-12 17:27:44',NULL,NULL,0,1,'6.50','0.37','0.00','0.00','6.50','10.00','3.50','System','0.00'),(52,'2016-11-26',1,'2016-11-26 19:07:39',NULL,NULL,0,1,'72.20','2.11','0.00','0.00','72.20','200.00','127.80','System','0.00'),(53,'2016-11-26',1,'2016-11-26 19:08:35',NULL,NULL,0,1,'14.00','0.79','0.00','0.00','14.00','14.00','0.00','System','0.00'),(54,'2016-11-26',1,'2016-11-26 19:12:33',NULL,NULL,1,1,'18.00','1.02','0.00','0.00','18.00','8.00','0.00','System','10.00'),(55,'2016-12-09',1,'2016-12-09 14:50:57',NULL,NULL,0,1,'36.00','2.04','0.00','0.00','36.00','36.00','0.00','System','0.00'),(56,'2016-12-10',1,'2016-12-10 09:16:32',NULL,NULL,0,1,'4.80','0.27','0.00','0.00','4.80','4.80','0.00','System','0.00'),(57,'2016-12-10',1,'2016-12-10 09:23:53',NULL,NULL,0,1,'11.00','0.62','0.00','0.00','11.00','11.00','0.00','System','0.00'),(58,'2016-12-10',1,'2016-12-10 09:26:41',NULL,NULL,0,1,'3.50','0.20','0.00','0.00','3.50','3.50','0.00','System','0.00'),(59,'2016-12-10',1,'2016-12-10 09:27:43',NULL,NULL,0,1,'3.50','0.20','0.00','0.00','3.50','3.50','0.00','System','0.00'),(60,'2016-12-10',1,'2016-12-10 12:56:13',NULL,NULL,0,1,'27.70','1.57','0.00','0.00','27.70','27.70','0.00','System','0.00'),(61,'2016-12-10',1,'2016-12-10 17:12:30',NULL,NULL,0,1,'2.40','0.14','0.00','0.00','2.40','2.40','0.00','System','0.00'),(62,'2016-12-10',1,'2016-12-10 17:26:50',NULL,NULL,0,1,'3.50','0.20','0.00','0.00','3.50','3.50','0.00','System','0.00'),(63,'2017-02-15',1,'2017-02-15 21:16:06',NULL,NULL,0,1,'10.80','0.61','0.00','0.00','10.80','10.80','0.00','System','0.00'),(64,'2017-02-15',1,'2017-02-15 21:56:14',NULL,NULL,0,1,'17.00','0.96','0.00','0.00','17.00','17.00','0.00','System','0.00'),(65,'2017-02-15',1,'2017-02-15 21:57:14',NULL,NULL,0,1,'18.50','1.05','0.00','0.00','18.50','18.50','0.00','System','0.00'),(66,'2017-02-15',1,'2017-02-15 21:59:17',NULL,NULL,0,1,'17.50','0.99','0.00','0.00','17.50','17.50','0.00','System','0.00'),(67,'2017-02-15',1,'2017-02-15 21:59:44',NULL,NULL,0,1,'22.00','1.25','0.00','0.00','22.00','22.00','0.00','System','0.00'),(68,'2017-02-15',1,'2017-02-15 22:00:02',NULL,NULL,0,1,'10.00','0.57','0.00','0.00','10.00','10.00','0.00','System','0.00'),(69,'2017-02-18',1,'2017-02-18 08:42:24',NULL,NULL,0,1,'18.50','1.05','0.00','0.00','18.50','18.50','0.00','System','0.00'),(70,'2017-02-18',1,'2017-02-18 08:56:05',NULL,NULL,0,1,'21.00','1.19','0.00','0.00','21.00','21.00','0.00','System','0.00'),(71,'2017-02-18',1,'2017-02-18 08:57:02',NULL,NULL,0,1,'8.50','0.48','0.00','0.00','8.50','8.50','0.00','System','0.00'),(72,'2017-02-18',1,'2017-02-18 08:58:38',NULL,NULL,0,1,'20.40','1.15','0.00','0.00','20.40','20.40','0.00','System','0.00');

UNLOCK TABLES;

/*Table structure for table `sales_invoice_item` */

DROP TABLE IF EXISTS `sales_invoice_item`;

CREATE TABLE `sales_invoice_item` (
  `id` int(10) unsigned NOT NULL AUTO_INCREMENT,
  `invoice_id` int(10) unsigned NOT NULL,
  `product_id` int(10) unsigned NOT NULL DEFAULT '1',
  `name` varchar(128) NOT NULL,
  `code` varchar(128) NOT NULL,
  `buying_price` decimal(10,2) unsigned NOT NULL DEFAULT '0.00',
  `selling_price` decimal(10,2) unsigned NOT NULL,
  `quantity` decimal(10,2) unsigned NOT NULL DEFAULT '1.00',
  `total` decimal(10,2) unsigned NOT NULL,
  `tax_code` varchar(20) NOT NULL DEFAULT 'SR',
  `tax` decimal(5,2) unsigned NOT NULL,
  `total_with_tax` decimal(10,2) unsigned NOT NULL,
  `entry_by` int(10) unsigned NOT NULL,
  `entry_time` datetime NOT NULL,
  `modify_by` int(10) unsigned DEFAULT NULL,
  `modify_time` datetime DEFAULT NULL,
  PRIMARY KEY (`id`),
  KEY `sales_item_invoice` (`invoice_id`),
  CONSTRAINT `sales_item_invoice` FOREIGN KEY (`invoice_id`) REFERENCES `sales_invoice` (`id`)
) ENGINE=InnoDB AUTO_INCREMENT=115 DEFAULT CHARSET=latin1;

/*Data for the table `sales_invoice_item` */

LOCK TABLES `sales_invoice_item` WRITE;

insert  into `sales_invoice_item`(`id`,`invoice_id`,`product_id`,`name`,`code`,`buying_price`,`selling_price`,`quantity`,`total`,`tax_code`,`tax`,`total_with_tax`,`entry_by`,`entry_time`,`modify_by`,`modify_time`) values (1,1,1,'BERAS NUSANTARA 10KG','9555352501039','0.00','2.20','1.00','2.20','SR','0.12','2.20',1,'2016-10-04 20:26:38',NULL,NULL),(2,2,1,'MAGGI KARI 79G','9556001126528','0.00','6.00','1.00','6.00','SR','0.34','6.00',1,'2016-10-05 09:51:37',NULL,NULL),(3,3,1,'MAGGI KARI 79G','9556001126528','0.00','6.00','1.00','6.00','SR','0.34','6.00',1,'2016-10-05 09:52:27',NULL,NULL),(4,4,1,'MI SEDAAP MI GORENG','8998866606202','0.00','3.80','1.00','3.80','SR','0.22','3.80',1,'2016-10-05 09:53:19',NULL,NULL),(5,5,1,'J P CARD','9555076003536','0.00','2.00','1.00','2.00','SR','0.11','2.00',1,'2016-10-05 09:58:26',NULL,NULL),(6,6,1,'MAGGI ASAM LAKSA','9556001126450','0.00','5.50','1.00','5.50','SR','0.31','5.50',1,'2016-10-05 09:58:42',NULL,NULL),(7,7,1,'BAYGON COCKROACH CONTROL 380G','9555222602187','0.00','12.50','1.00','12.50','SR','0.71','12.50',1,'2016-10-05 10:01:08',NULL,NULL),(8,8,1,'MAGGI AYAM','9556001177278','0.00','4.50','1.00','4.50','SR','0.25','4.50',1,'2016-10-05 10:05:19',NULL,NULL),(9,9,1,'DETTOL MULTI ACTION CLEANER 4','9556111637549','0.00','13.00','1.00','13.00','SR','0.74','13.00',1,'2016-10-05 10:06:16',NULL,NULL),(10,10,1,'DETTOL MULTI ACTION CLEANER 4','9556111637549','0.00','13.00','1.00','13.00','SR','0.74','13.00',1,'2016-10-05 10:10:10',NULL,NULL),(11,11,1,'DETTOL MULTI ACTION CLEANER 4','9556111637549','0.00','13.00','1.00','13.00','SR','0.74','13.00',1,'2016-10-05 10:13:56',NULL,NULL),(12,12,1,'DETTOL MULTI ACTION CLEANER 4','9556111637549','0.00','13.00','1.00','13.00','SR','0.74','13.00',1,'2016-10-05 10:16:51',NULL,NULL),(13,13,1,'DETTOL MULTI ACTION CLEANER 4','9556111637549','0.00','13.00','1.00','13.00','SR','0.74','13.00',1,'2016-10-05 10:19:43',NULL,NULL),(14,14,1,'INDOMIE PERISA SOTO 78G X5','089686182033','0.00','4.50','1.00','4.50','SR','0.25','4.50',1,'2016-10-05 10:32:13',NULL,NULL),(15,15,1,'DETTOL MULTI ACTION CLEANER 4','9556111637549','0.00','13.00','1.00','13.00','SR','0.74','13.00',1,'2016-10-05 10:35:23',NULL,NULL),(16,16,1,'DETTOL MULTI ACTION CLEANER 4','9556111637549','0.00','13.00','1.00','13.00','SR','0.74','13.00',1,'2016-10-05 10:36:17',NULL,NULL),(17,17,1,'DETTOL MULTI ACTION CLEANER 4','9556111637549','0.00','13.00','1.00','13.00','SR','0.74','13.00',1,'2016-10-05 10:38:11',NULL,NULL),(18,18,1,'DETTOL MULTI ACTION CLEANER 4','9556111637549','0.00','13.00','1.00','13.00','SR','0.74','13.00',1,'2016-10-05 10:39:11',NULL,NULL),(19,19,1,'DETTOL MULTI ACTION CLEANER 4','9556111637549','0.00','13.00','1.00','13.00','SR','0.74','13.00',1,'2016-10-05 10:41:18',NULL,NULL),(20,20,1,'DETTOL MULTI ACTION CLEANER 4','9556111637549','0.00','13.00','1.00','13.00','SR','0.74','13.00',1,'2016-10-05 10:43:33',NULL,NULL),(21,21,1,'DETTOL MULTI ACTION CLEANER 4','9556111637549','0.00','13.00','1.00','13.00','SR','0.74','13.00',1,'2016-10-05 10:44:04',NULL,NULL),(22,22,1,'DETTOL MULTI ACTION CLEANER 4','9556111637549','0.00','13.00','1.00','13.00','SR','0.74','13.00',1,'2016-10-05 10:44:39',NULL,NULL),(23,23,1,'DETTOL MULTI ACTION CLEANER 4','9556111637549','0.00','13.00','1.00','13.00','SR','0.74','13.00',1,'2016-10-05 10:44:58',NULL,NULL),(24,24,1,'DETTOL MULTI ACTION CLEANER 4','9556111637549','0.00','13.00','1.00','13.00','SR','0.74','13.00',1,'2016-10-05 11:09:40',NULL,NULL),(25,25,1,'DETTOL MULTI ACTION CLEANER 4','9556111637549','0.00','13.00','1.00','13.00','SR','0.74','13.00',1,'2016-10-05 11:16:10',NULL,NULL),(26,26,1,'DETTOL MULTI ACTION CLEANER 4','9556111637549','0.00','13.00','1.00','13.00','SR','0.74','13.00',1,'2016-10-05 11:17:37',NULL,NULL),(27,27,1,'NESCAFE ORIGINAL 3IN1 30STICKS','9556001219756','0.00','14.00','1.00','14.00','SR','0.79','14.00',1,'2016-10-05 18:00:13',NULL,NULL),(28,28,1,'AMBI PUR BLUE OCEAN FRESHENER','9556076004356','0.00','8.50','1.00','8.50','SR','0.48','8.50',1,'2016-10-05 18:05:05',NULL,NULL),(29,29,1,'DETTOL ORANGE MULTI ACTION CLE','9556111637525','0.00','77.00','1.00','77.00','SR','4.36','77.00',1,'2016-10-06 10:32:24',NULL,NULL),(30,29,1,'LIPTON YELLOW LABEL TEA 50 BAG','8888086022008','0.00','11.90','1.00','11.90','SR','0.67','11.90',1,'2016-10-06 10:32:25',NULL,NULL),(31,30,1,'OPEN ITEM','','0.00','9.00','1.00','9.00','SR','0.51','9.00',1,'2016-10-09 10:05:52',NULL,NULL),(32,31,1,'INDOMIE MI GORENG SPECIAL','089686180640','0.00','4.50','1.00','4.50','SR','0.25','4.50',1,'2016-10-09 10:06:47',NULL,NULL),(33,32,1,'MAGGI KARI 79G','9556001126528','0.00','7.00','1.00','7.00','SR','0.40','7.00',1,'2016-10-09 10:10:59',NULL,NULL),(34,33,1,'MAGGI KARI 79G','9556001126528','0.00','7.00','1.00','7.00','SR','0.40','7.00',1,'2016-10-09 10:11:45',NULL,NULL),(35,34,1,'MAGGI KARI 79G','9556001126528','0.00','7.00','1.00','7.00','SR','0.40','7.00',1,'2016-10-09 10:11:57',NULL,NULL),(36,35,1,'MAGGI KARI 79G','9556001126528','0.00','7.00','1.00','7.00','SR','0.40','7.00',1,'2016-10-09 10:12:40',NULL,NULL),(37,36,1,'P MUSTARD OIL 200ML','8941131080023','0.00','3.50','1.00','3.50','SR','0.20','3.50',1,'2016-10-09 10:24:13',NULL,NULL),(38,37,1,'AJAX LIME FRESH 1L','9556031095009','0.00','8.00','1.00','8.00','SR','0.45','8.00',1,'2016-10-09 11:16:12',NULL,NULL),(39,38,1,'AJAX LIME FRESH 1L','9556031095009','0.00','8.00','1.00','8.00','SR','0.45','8.00',1,'2016-10-09 11:16:29',NULL,NULL),(40,38,1,'SHIELDTOX MOSQUITO SPRAY 270 M','9556111175232','0.00','6.50','1.00','6.50','SR','0.37','6.50',1,'2016-10-09 11:16:29',NULL,NULL),(41,39,1,'Asus X453S','889349244968','0.00','1099.00','1.00','1099.00','SR','62.21','1099.00',1,'2016-10-09 18:51:49',NULL,NULL),(42,40,1,'Asus X453S','889349244968','0.00','1099.00','1.00','1099.00','SR','62.21','1099.00',1,'2016-10-09 19:04:57',NULL,NULL),(43,40,1,'Pendrive 12g','','0.00','12.00','1.00','12.00','SR','0.68','12.00',1,'2016-10-09 19:04:57',NULL,NULL),(44,40,1,'Asus X453S','889349244968','0.00','1099.00','5.00','5495.00','SR','62.21','5495.00',1,'2016-10-09 19:04:57',NULL,NULL),(45,41,1,'OPEN ITEM','','0.00','56.00','1.00','56.00','SR','3.17','56.00',1,'2016-10-09 19:07:55',NULL,NULL),(46,41,1,'454','','0.00','678.00','1.00','678.00','SR','38.38','678.00',1,'2016-10-09 19:07:55',NULL,NULL),(47,42,1,'OPEN ITEM','','0.00','3.00','1.00','3.00','SR','0.17','3.00',1,'2016-10-11 12:13:36',NULL,NULL),(48,43,1,'OPEN ITEM','','0.00','56.00','1.00','56.00','SR','3.17','56.00',1,'2016-10-12 17:38:57',NULL,NULL),(49,44,1,'INDOMIE MI GORENG','089686180626','0.00','4.80','1.00','4.80','SR','0.27','4.80',1,'2016-10-13 17:09:46',NULL,NULL),(50,44,1,'AJI-NO-MOTO 1KG','9556045106104','0.00','12.50','1.00','12.50','SR','0.71','12.50',1,'2016-10-13 17:09:46',NULL,NULL),(51,44,1,'WHITEBOARD MARKER A500','9556452004949','0.00','3.50','1.00','3.50','SR','0.20','3.50',1,'2016-10-13 17:09:46',NULL,NULL),(52,44,1,'DETTOL OLIVE & ALMOND 4PICDETT','9556111987880','0.00','8.50','1.00','8.50','SR','0.48','8.50',1,'2016-10-13 17:09:46',NULL,NULL),(53,44,1,'BAYGON COCKROACH CONTROL 380G','9555222602187','0.00','12.50','1.00','12.50','SR','0.71','12.50',1,'2016-10-13 17:09:46',NULL,NULL),(54,45,1,'AMBI PUR FRESH&PURE FRESHENER','9556076011040','0.00','8.50','1.00','8.50','SR','0.48','8.50',1,'2016-10-13 17:10:13',NULL,NULL),(55,45,1,'LIPTON YELLOW LABEL TEA 50 BAG','8888086022008','0.00','11.90','1.00','11.90','SR','0.67','11.90',1,'2016-10-13 17:10:13',NULL,NULL),(56,45,1,'AJAX APPLE FRESH 1L','9556031076527','0.00','8.00','1.00','8.00','SR','0.45','8.00',1,'2016-10-13 17:10:13',NULL,NULL),(57,45,1,'AYAM PUTIH','','0.00','7.50','1.00','7.50','SR','0.42','7.50',1,'2016-10-13 17:10:13',NULL,NULL),(58,45,1,'DETTOL SKINCARE 4PIC','9556111987941','0.00','8.50','1.00','8.50','SR','0.48','8.50',1,'2016-10-13 17:10:13',NULL,NULL),(59,46,1,'OPEN ITEM','','0.00','23.00','1.00','23.00','SR','1.30','23.00',1,'2016-10-21 18:38:02',NULL,NULL),(60,46,1,'Cigerrate','','0.00','11.00','1.00','11.00','SR','0.62','11.00',1,'2016-10-21 18:38:03',NULL,NULL),(61,47,1,'INDOMIE CHICKEN CURRY 74G X5','089686182095','0.00','4.00','1.00','4.00','SR','0.23','4.00',1,'2016-10-21 18:38:51',NULL,NULL),(62,47,1,'DETTOL ORANGE MULTI ACTION CLE','9556111637525','0.00','77.00','1.00','77.00','SR','4.36','77.00',1,'2016-10-21 18:38:51',NULL,NULL),(63,47,1,'DETTOL FRESH 4PIC','9556111987903','0.00','8.50','7.00','59.50','SR','0.48','59.50',1,'2016-10-21 18:38:51',NULL,NULL),(64,48,1,'SHIELDTOX MOSQUITO SPRAY 800 M','9556111984094','0.00','12.50','1.00','12.50','SR','0.71','12.50',1,'2016-11-06 22:58:55',NULL,NULL),(65,49,1,'SHIELDTOX MOSQUITO SPRAY 270 M','9556111175232','0.00','6.50','1.00','6.50','SR','0.37','6.50',1,'2016-11-06 23:05:52',NULL,NULL),(66,49,1,'BLEU 600ML','9556404101603','0.00','1.20','1.00','1.20','SR','0.07','1.20',1,'2016-11-06 23:05:52',NULL,NULL),(67,50,1,'SHIELDTOX MOSQUITO SPRAY 270 M','9556111175232','0.00','6.50','1.00','6.50','SR','0.37','6.50',1,'2016-11-06 23:07:27',NULL,NULL),(68,51,1,'SHIELDTOX MOSQUITO SPRAY 270 M','9556111175232','0.00','6.50','1.00','6.50','SR','0.37','6.50',1,'2016-11-12 17:27:45',NULL,NULL),(69,52,1,'1 stick dunhill','','0.00','1.20','1.00','1.20','SR','0.07','1.20',1,'2016-11-26 19:07:39',NULL,NULL),(70,52,1,'OPEN ITEM','','0.00','12.00','1.00','12.00','SR','0.68','12.00',1,'2016-11-26 19:07:39',NULL,NULL),(71,52,1,'DETTOL MULTI ACTION CLEANER 4','9556111637549','0.00','13.00','1.00','13.00','SR','0.74','13.00',1,'2016-11-26 19:07:39',NULL,NULL),(72,52,1,'INDOMIE CHICKEN CURRY 74G X5','089686182095','0.00','4.00','1.00','4.00','SR','0.23','4.00',1,'2016-11-26 19:07:39',NULL,NULL),(73,52,1,'MAGGI KARI 79G','9556001126528','0.00','7.00','6.00','42.00','SR','0.40','42.00',1,'2016-11-26 19:07:39',NULL,NULL),(74,53,1,'NESCAFE ORIGINAL 3IN1 30STICKS','9556001219756','0.00','14.00','1.00','14.00','SR','0.79','14.00',1,'2016-11-26 19:08:35',NULL,NULL),(75,54,1,'MAGGI AYAM','9556001177278','0.00','4.50','1.00','4.50','SR','0.25','4.50',1,'2016-11-26 19:12:33',NULL,NULL),(76,54,1,'MAGGI AYAM','9556001177278','0.00','4.50','1.00','4.50','SR','0.25','4.50',1,'2016-11-26 19:12:33',NULL,NULL),(77,54,1,'MAGGI AYAM','9556001177278','0.00','4.50','1.00','4.50','SR','0.25','4.50',1,'2016-11-26 19:12:33',NULL,NULL),(78,54,1,'MAGGI AYAM','9556001177278','0.00','4.50','1.00','4.50','SR','0.25','4.50',1,'2016-11-26 19:12:33',NULL,NULL),(79,55,1,'SHIELDTOX MOSQUITO SPRAY 800 M','9556111984094','0.00','12.50','1.00','12.50','SR','0.71','12.50',1,'2016-12-09 14:50:57',NULL,NULL),(80,55,1,'BAYGON COCKROACH CONTROL 380G','9555222602187','0.00','12.50','1.00','12.50','SR','0.71','12.50',1,'2016-12-09 14:50:58',NULL,NULL),(81,55,1,'AYAM PUTIH','','0.00','7.50','1.00','7.50','SR','0.42','7.50',1,'2016-12-09 14:50:58',NULL,NULL),(82,55,1,'P MUSTARD OIL 200ML','8941131080023','0.00','3.50','1.00','3.50','SR','0.20','3.50',1,'2016-12-09 14:50:58',NULL,NULL),(83,56,1,'INDOMIE MI GORENG','089686180626','0.00','4.80','1.00','4.80','SR','0.27','4.80',1,'2016-12-10 09:16:32',NULL,NULL),(84,57,1,'MAGGI AYAM','9556001177278','0.00','4.50','1.00','4.50','SR','0.25','4.50',1,'2016-12-10 09:23:53',NULL,NULL),(85,57,1,'SHIELDTOX MOSQUITO SPRAY 270 M','9556111175232','0.00','6.50','1.00','6.50','SR','0.37','6.50',1,'2016-12-10 09:23:53',NULL,NULL),(86,58,1,'P MUSTARD OIL 200ML','8941131080023','0.00','3.50','1.00','3.50','SR','0.20','3.50',1,'2016-12-10 09:26:41',NULL,NULL),(87,59,1,'P MUSTARD OIL 200ML','8941131080023','0.00','3.50','1.00','3.50','SR','0.20','3.50',1,'2016-12-10 09:27:43',NULL,NULL),(88,60,1,'BLEU 600ML','9556404101603','0.00','1.20','1.00','1.20','SR','0.07','1.20',1,'2016-12-10 12:56:13',NULL,NULL),(89,60,1,'NESCAFE ORIGINAL 3IN1 30STICKS','9556001219756','0.00','14.00','1.00','14.00','SR','0.79','14.00',1,'2016-12-10 12:56:13',NULL,NULL),(90,60,1,'INDOMIE MI GORENG SPECIAL','089686180640','0.00','4.50','1.00','4.50','SR','0.25','4.50',1,'2016-12-10 12:56:13',NULL,NULL),(91,60,1,'AJAX LIME FRESH 1L','9556031095009','0.00','8.00','1.00','8.00','SR','0.45','8.00',1,'2016-12-10 12:56:13',NULL,NULL),(92,61,1,'BLEU 600ML','9556404101603','0.00','1.20','1.00','1.20','SR','0.07','1.20',1,'2016-12-10 17:12:30',NULL,NULL),(93,61,1,'BLEU 600ML','9556404101603','0.00','1.20','1.00','1.20','SR','0.07','1.20',1,'2016-12-10 17:12:30',NULL,NULL),(94,62,1,'P MUSTARD OIL 200ML','8941131080023','0.00','3.50','1.00','3.50','SR','0.20','3.50',1,'2016-12-10 17:26:50',NULL,NULL),(95,63,1,'MAGGI KARI 79G','9556001126528','0.00','7.00','1.00','7.00','SR','0.40','7.00',1,'2017-02-15 21:16:08',NULL,NULL),(96,63,1,'MI SEDAAP MI GORENG','8998866606202','0.00','3.80','1.00','3.80','SR','0.22','3.80',1,'2017-02-15 21:16:09',NULL,NULL),(97,64,1,'DETTOL ACTIVE 4PIC','9556111987934','0.00','8.50','1.00','8.50','SR','0.48','8.50',1,'2017-02-15 21:56:14',NULL,NULL),(98,64,1,'AMBI PUR FRESH&PURE FRESHENER','9556076011040','0.00','8.50','1.00','8.50','SR','0.48','8.50',1,'2017-02-15 21:56:15',NULL,NULL),(99,65,1,'NESCAFE ORIGINAL 3IN1 30STICKS','9556001219756','0.00','14.00','1.00','14.00','SR','0.79','14.00',1,'2017-02-15 21:57:14',NULL,NULL),(100,65,1,'MAGGI AYAM','9556001177278','0.00','4.50','1.00','4.50','SR','0.25','4.50',1,'2017-02-15 21:57:14',NULL,NULL),(101,66,1,'NESCAFE ORIGINAL 3IN1 30STICKS','9556001219756','0.00','14.00','1.00','14.00','SR','0.79','14.00',1,'2017-02-15 21:59:17',NULL,NULL),(102,66,1,'P MUSTARD OIL 200ML','8941131080023','0.00','3.50','1.00','3.50','SR','0.20','3.50',1,'2017-02-15 21:59:17',NULL,NULL),(103,67,1,'P MUSTARD OIL 200ML','8941131080023','0.00','3.50','1.00','3.50','SR','0.20','3.50',1,'2017-02-15 21:59:44',NULL,NULL),(104,67,1,'NESCAFE ORIGINAL 3IN1 30STICKS','9556001219756','0.00','14.00','1.00','14.00','SR','0.79','14.00',1,'2017-02-15 21:59:44',NULL,NULL),(105,67,1,'INDOMIE MI GORENG SPECIAL','089686180640','0.00','4.50','1.00','4.50','SR','0.25','4.50',1,'2017-02-15 21:59:44',NULL,NULL),(106,68,1,'MAGGI ASAM LAKSA','9556001126450','0.00','5.50','1.00','5.50','SR','0.31','5.50',1,'2017-02-15 22:00:02',NULL,NULL),(107,68,1,'IBUMIE ALWAYS MI GORENG ORIGIN','9555050305199','0.00','4.50','1.00','4.50','SR','0.25','4.50',1,'2017-02-15 22:00:02',NULL,NULL),(108,69,1,'NESCAFE ORIGINAL 3IN1 30STICKS','9556001219756','0.00','14.00','1.00','14.00','SR','0.79','14.00',1,'2017-02-18 08:42:24',NULL,NULL),(109,69,1,'MAGGI AYAM','9556001177278','0.00','4.50','1.00','4.50','SR','0.25','4.50',1,'2017-02-18 08:42:24',NULL,NULL),(110,70,1,'AJI-NO-MOTO 1KG','9556045106104','0.00','12.50','1.00','12.50','SR','0.71','12.50',1,'2017-02-18 08:56:05',NULL,NULL),(111,70,1,'DETTOL SKINCARE 4PIC','9556111987941','0.00','8.50','1.00','8.50','SR','0.48','8.50',1,'2017-02-18 08:56:05',NULL,NULL),(112,71,1,'DETTOL SKINCARE 4PIC','9556111987941','0.00','8.50','1.00','8.50','SR','0.48','8.50',1,'2017-02-18 08:57:02',NULL,NULL),(113,72,1,'AMBI PUR BLUE OCEAN FRESHENER','9556076004356','0.00','8.50','1.00','8.50','SR','0.48','8.50',1,'2017-02-18 08:58:38',NULL,NULL),(114,72,1,'LIPTON YELLOW LABEL TEA 50 BAG','8888086022008','0.00','11.90','1.00','11.90','SR','0.67','11.90',1,'2017-02-18 08:58:38',NULL,NULL);

UNLOCK TABLES;

/*Table structure for table `sales_return` */

DROP TABLE IF EXISTS `sales_return`;

CREATE TABLE `sales_return` (
  `id` int(10) unsigned NOT NULL AUTO_INCREMENT,
  `date` date NOT NULL,
  `entry_by` int(10) unsigned NOT NULL,
  `entry_time` datetime NOT NULL,
  `modify_by` int(10) unsigned DEFAULT NULL,
  `modify_time` datetime DEFAULT NULL,
  `customer` int(10) unsigned NOT NULL DEFAULT '0',
  `tax_inclusive` tinyint(1) unsigned NOT NULL DEFAULT '1',
  `total` decimal(10,2) unsigned NOT NULL DEFAULT '0.00',
  `total_tax` decimal(10,2) unsigned NOT NULL DEFAULT '0.00',
  `total_with_tax` decimal(10,2) unsigned NOT NULL DEFAULT '0.00',
  PRIMARY KEY (`id`),
  KEY `sales_return_customer` (`customer`),
  CONSTRAINT `sales_return_customer` FOREIGN KEY (`customer`) REFERENCES `customer` (`id`)
) ENGINE=InnoDB DEFAULT CHARSET=latin1;

/*Data for the table `sales_return` */

LOCK TABLES `sales_return` WRITE;

UNLOCK TABLES;

/*Table structure for table `sales_return_item` */

DROP TABLE IF EXISTS `sales_return_item`;

CREATE TABLE `sales_return_item` (
  `id` int(10) unsigned NOT NULL AUTO_INCREMENT,
  `return_id` int(10) unsigned NOT NULL,
  `name` varchar(128) NOT NULL,
  `code` varchar(128) NOT NULL,
  `buying_price` decimal(10,2) unsigned NOT NULL DEFAULT '0.00',
  `selling_price` decimal(10,2) unsigned NOT NULL,
  `quantity` decimal(10,2) unsigned NOT NULL DEFAULT '1.00',
  `total` decimal(10,2) unsigned NOT NULL,
  `tax_code` varchar(20) NOT NULL DEFAULT 'SR',
  `tax` decimal(5,2) unsigned NOT NULL,
  `total_with_tax` decimal(10,2) unsigned NOT NULL,
  `entry_by` int(10) unsigned NOT NULL,
  `entry_time` datetime NOT NULL,
  `modify_by` int(10) unsigned DEFAULT NULL,
  `modify_time` datetime DEFAULT NULL,
  PRIMARY KEY (`id`),
  KEY `sales_item_return` (`return_id`),
  CONSTRAINT `sales_item_return` FOREIGN KEY (`return_id`) REFERENCES `sales_return` (`id`)
) ENGINE=InnoDB DEFAULT CHARSET=latin1;

/*Data for the table `sales_return_item` */

LOCK TABLES `sales_return_item` WRITE;

UNLOCK TABLES;

/*Table structure for table `supplier` */

DROP TABLE IF EXISTS `supplier`;

CREATE TABLE `supplier` (
  `id` int(10) unsigned NOT NULL AUTO_INCREMENT,
  `name` varchar(128) NOT NULL,
  `registration` varchar(32) DEFAULT NULL,
  `address` text,
  `phone` varchar(20) DEFAULT NULL,
  `fax` varchar(20) DEFAULT NULL,
  `email` varchar(128) DEFAULT NULL,
  `contact_person` varchar(128) DEFAULT NULL,
  `contact_number` varchar(20) DEFAULT NULL,
  `bank` varchar(128) DEFAULT NULL,
  `account_number` varchar(20) DEFAULT NULL,
  `notes` text,
  PRIMARY KEY (`id`)
) ENGINE=InnoDB AUTO_INCREMENT=2 DEFAULT CHARSET=latin1;

/*Data for the table `supplier` */

LOCK TABLES `supplier` WRITE;

insert  into `supplier`(`id`,`name`,`registration`,`address`,`phone`,`fax`,`email`,`contact_person`,`contact_number`,`bank`,`account_number`,`notes`) values (0,'New Supplier',NULL,NULL,NULL,NULL,NULL,NULL,NULL,NULL,NULL,NULL),(1,'F&F','','','','','','','','','','');

UNLOCK TABLES;

/*Table structure for table `sys_acl` */

DROP TABLE IF EXISTS `sys_acl`;

CREATE TABLE `sys_acl` (
  `appliesto` int(4) NOT NULL,
  `utype` enum('u','r') NOT NULL,
  `privilege` int(3) NOT NULL,
  `access` tinyint(1) NOT NULL DEFAULT '0',
  `entrytime` datetime NOT NULL,
  `entryby` int(10) unsigned NOT NULL,
  PRIMARY KEY (`appliesto`,`utype`,`privilege`)
) ENGINE=MyISAM DEFAULT CHARSET=latin1;

/*Data for the table `sys_acl` */

LOCK TABLES `sys_acl` WRITE;

insert  into `sys_acl`(`appliesto`,`utype`,`privilege`,`access`,`entrytime`,`entryby`) values (2,'r',180,1,'0000-00-00 00:00:00',0),(2,'r',181,1,'0000-00-00 00:00:00',0),(2,'r',182,1,'0000-00-00 00:00:00',0),(2,'r',183,1,'0000-00-00 00:00:00',0),(2,'r',184,1,'0000-00-00 00:00:00',0),(2,'r',185,1,'0000-00-00 00:00:00',0),(2,'r',186,1,'0000-00-00 00:00:00',0),(2,'r',187,1,'0000-00-00 00:00:00',0),(2,'r',189,1,'0000-00-00 00:00:00',0),(2,'r',190,1,'0000-00-00 00:00:00',0),(2,'r',191,1,'0000-00-00 00:00:00',0),(2,'r',192,1,'0000-00-00 00:00:00',0),(2,'r',193,1,'0000-00-00 00:00:00',0),(2,'r',194,1,'0000-00-00 00:00:00',0),(2,'r',195,1,'0000-00-00 00:00:00',0),(2,'r',196,1,'0000-00-00 00:00:00',0),(2,'r',197,1,'0000-00-00 00:00:00',0),(2,'r',199,1,'0000-00-00 00:00:00',0),(2,'r',123,1,'0000-00-00 00:00:00',0),(2,'r',118,1,'0000-00-00 00:00:00',0),(2,'r',121,1,'0000-00-00 00:00:00',0),(2,'r',122,1,'0000-00-00 00:00:00',0),(2,'r',124,1,'0000-00-00 00:00:00',0),(2,'r',125,1,'0000-00-00 00:00:00',0),(2,'r',115,1,'0000-00-00 00:00:00',0),(2,'r',126,1,'0000-00-00 00:00:00',0),(2,'r',116,1,'0000-00-00 00:00:00',0),(2,'r',127,1,'0000-00-00 00:00:00',0),(2,'r',117,1,'0000-00-00 00:00:00',0),(2,'r',119,1,'0000-00-00 00:00:00',0),(2,'r',120,1,'0000-00-00 00:00:00',0),(2,'u',180,1,'0000-00-00 00:00:00',0),(2,'u',181,1,'0000-00-00 00:00:00',0),(2,'u',182,1,'0000-00-00 00:00:00',0),(2,'u',183,1,'0000-00-00 00:00:00',0),(2,'u',184,1,'0000-00-00 00:00:00',0),(2,'u',185,1,'0000-00-00 00:00:00',0),(2,'u',186,1,'0000-00-00 00:00:00',0),(2,'u',187,1,'0000-00-00 00:00:00',0),(2,'u',189,1,'0000-00-00 00:00:00',0),(2,'u',190,1,'0000-00-00 00:00:00',0),(2,'u',191,1,'0000-00-00 00:00:00',0),(2,'u',192,1,'0000-00-00 00:00:00',0),(2,'u',193,1,'0000-00-00 00:00:00',0),(2,'u',194,1,'0000-00-00 00:00:00',0),(2,'u',195,1,'0000-00-00 00:00:00',0),(2,'u',196,1,'0000-00-00 00:00:00',0),(2,'u',197,1,'0000-00-00 00:00:00',0),(2,'u',199,1,'0000-00-00 00:00:00',0),(2,'u',226,1,'0000-00-00 00:00:00',0),(2,'u',118,1,'0000-00-00 00:00:00',0),(2,'u',121,1,'0000-00-00 00:00:00',0),(2,'u',122,1,'0000-00-00 00:00:00',0),(2,'u',123,1,'0000-00-00 00:00:00',0),(2,'u',117,1,'0000-00-00 00:00:00',0),(2,'u',119,1,'0000-00-00 00:00:00',0),(2,'u',120,1,'0000-00-00 00:00:00',0),(2,'u',124,1,'0000-00-00 00:00:00',0),(2,'u',125,1,'0000-00-00 00:00:00',0),(2,'u',115,1,'0000-00-00 00:00:00',0),(2,'u',126,1,'0000-00-00 00:00:00',0),(2,'u',116,1,'0000-00-00 00:00:00',0),(2,'u',127,1,'0000-00-00 00:00:00',0),(2,'u',233,1,'0000-00-00 00:00:00',0),(2,'u',234,1,'0000-00-00 00:00:00',0),(2,'u',235,1,'0000-00-00 00:00:00',0),(2,'u',236,1,'0000-00-00 00:00:00',0),(2,'u',237,1,'0000-00-00 00:00:00',0),(2,'u',227,1,'0000-00-00 00:00:00',0),(2,'u',238,1,'0000-00-00 00:00:00',0),(2,'u',228,1,'0000-00-00 00:00:00',0),(2,'u',239,1,'0000-00-00 00:00:00',0),(2,'u',229,1,'0000-00-00 00:00:00',0),(2,'u',240,1,'0000-00-00 00:00:00',0),(2,'u',230,1,'0000-00-00 00:00:00',0),(2,'u',241,1,'0000-00-00 00:00:00',0),(2,'u',231,1,'0000-00-00 00:00:00',0),(2,'u',232,1,'0000-00-00 00:00:00',0),(2,'u',207,1,'0000-00-00 00:00:00',0),(2,'u',208,1,'0000-00-00 00:00:00',0),(2,'u',209,1,'0000-00-00 00:00:00',0),(2,'u',210,1,'0000-00-00 00:00:00',0),(2,'u',215,1,'0000-00-00 00:00:00',0),(2,'u',216,1,'0000-00-00 00:00:00',0),(2,'u',217,1,'0000-00-00 00:00:00',0),(2,'u',218,1,'0000-00-00 00:00:00',0),(2,'r',200,1,'0000-00-00 00:00:00',0),(2,'r',207,1,'0000-00-00 00:00:00',0),(2,'r',208,1,'0000-00-00 00:00:00',0),(2,'r',209,1,'0000-00-00 00:00:00',0),(2,'r',210,1,'0000-00-00 00:00:00',0),(2,'r',215,1,'0000-00-00 00:00:00',0),(2,'r',216,1,'0000-00-00 00:00:00',0),(2,'r',217,1,'0000-00-00 00:00:00',0),(2,'r',218,1,'0000-00-00 00:00:00',0),(2,'r',231,1,'0000-00-00 00:00:00',0),(2,'r',232,1,'0000-00-00 00:00:00',0),(2,'r',233,1,'0000-00-00 00:00:00',0),(2,'r',234,1,'0000-00-00 00:00:00',0),(2,'r',235,1,'0000-00-00 00:00:00',0),(2,'r',236,1,'0000-00-00 00:00:00',0),(2,'r',226,1,'0000-00-00 00:00:00',0),(2,'r',237,1,'0000-00-00 00:00:00',0),(2,'r',227,1,'0000-00-00 00:00:00',0),(2,'r',238,1,'0000-00-00 00:00:00',0),(2,'r',228,1,'0000-00-00 00:00:00',0),(2,'r',239,1,'0000-00-00 00:00:00',0),(2,'r',229,1,'0000-00-00 00:00:00',0),(2,'r',240,1,'0000-00-00 00:00:00',0),(2,'r',230,1,'0000-00-00 00:00:00',0),(2,'r',241,1,'0000-00-00 00:00:00',0);

UNLOCK TABLES;

/*Table structure for table `sys_change_log` */

DROP TABLE IF EXISTS `sys_change_log`;

CREATE TABLE `sys_change_log` (
  `id` int(10) unsigned NOT NULL AUTO_INCREMENT,
  `l_module` varchar(64) NOT NULL,
  `l_id` int(10) unsigned NOT NULL,
  `l_time` datetime NOT NULL,
  `l_user` int(11) DEFAULT NULL,
  `l_old_value` text NOT NULL,
  `l_new_value` text NOT NULL,
  `l_remarks` text,
  `l_status` tinyint(1) unsigned NOT NULL DEFAULT '0',
  PRIMARY KEY (`id`)
) ENGINE=InnoDB DEFAULT CHARSET=latin1;

/*Data for the table `sys_change_log` */

LOCK TABLES `sys_change_log` WRITE;

UNLOCK TABLES;

/*Table structure for table `sys_fraud_user` */

DROP TABLE IF EXISTS `sys_fraud_user`;

CREATE TABLE `sys_fraud_user` (
  `f_username` varchar(32) NOT NULL,
  `f_password` varchar(64) DEFAULT NULL,
  `f_ip` varchar(15) NOT NULL,
  `f_attempts` int(11) NOT NULL DEFAULT '1',
  `f_date` datetime NOT NULL,
  PRIMARY KEY (`f_username`,`f_ip`)
) ENGINE=InnoDB DEFAULT CHARSET=latin1;

/*Data for the table `sys_fraud_user` */

LOCK TABLES `sys_fraud_user` WRITE;

insert  into `sys_fraud_user`(`f_username`,`f_password`,`f_ip`,`f_attempts`,`f_date`) values ('','d41d8cd98f00b204e9800998ecf8427e','127.0.0.1',1,'2016-09-12 10:29:24'),('salim','ca6b147b8fbdd688d8ebcaa3b803c22a','::1',1,'2016-08-11 19:44:31'),('zafril','21232f297a57a5a743894a0e4a801fc3','::1',1,'2016-11-06 17:24:09');

UNLOCK TABLES;

/*Table structure for table `sys_guest_log` */

DROP TABLE IF EXISTS `sys_guest_log`;

CREATE TABLE `sys_guest_log` (
  `gl_time` datetime NOT NULL,
  `gl_ip` varchar(64) NOT NULL,
  `gl_url` varchar(256) NOT NULL
) ENGINE=MyISAM DEFAULT CHARSET=latin1;

/*Data for the table `sys_guest_log` */

LOCK TABLES `sys_guest_log` WRITE;

UNLOCK TABLES;

/*Table structure for table `sys_log` */

DROP TABLE IF EXISTS `sys_log`;

CREATE TABLE `sys_log` (
  `id` int(10) unsigned NOT NULL AUTO_INCREMENT,
  `l_logger` varchar(128) NOT NULL,
  `l_type` varchar(128) NOT NULL,
  `l_msg` text NOT NULL,
  `l_ref1` varchar(128) DEFAULT NULL,
  `l_ref2` varchar(128) DEFAULT NULL,
  `l_ref3` varchar(128) DEFAULT NULL,
  `l_time` timestamp NOT NULL DEFAULT CURRENT_TIMESTAMP,
  PRIMARY KEY (`id`)
) ENGINE=InnoDB DEFAULT CHARSET=latin1;

/*Data for the table `sys_log` */

LOCK TABLES `sys_log` WRITE;

UNLOCK TABLES;

/*Table structure for table `sys_privilege` */

DROP TABLE IF EXISTS `sys_privilege`;

CREATE TABLE `sys_privilege` (
  `id` int(3) unsigned NOT NULL AUTO_INCREMENT,
  `app` varchar(64) NOT NULL DEFAULT 'sys',
  `module` varchar(64) DEFAULT NULL,
  `link` varchar(64) DEFAULT NULL,
  `option` varchar(24) DEFAULT NULL,
  `name` varchar(32) NOT NULL,
  `title` varchar(32) DEFAULT NULL,
  `note` text,
  `root` int(2) DEFAULT NULL,
  `position` int(2) NOT NULL DEFAULT '0',
  `active` tinyint(1) NOT NULL DEFAULT '1',
  `glyphicon` varchar(64) NOT NULL,
  `icon` varchar(128) NOT NULL DEFAULT 'noicon.png',
  `show_in_frontpage` tinyint(1) NOT NULL DEFAULT '0',
  `hidden` tinyint(1) unsigned NOT NULL DEFAULT '0',
  `password_required` tinyint(1) NOT NULL DEFAULT '0',
  `controller` tinyint(1) unsigned NOT NULL DEFAULT '0',
  `target` enum('_blank','_self','_parent','_top') NOT NULL DEFAULT '_top',
  `sk1` enum('Ctrl','Alt','Shift') DEFAULT NULL,
  `sk2` enum('Ctrl','Alt','Shift') DEFAULT NULL,
  `sk3` enum('Ctrl','Alt','Shift') DEFAULT NULL,
  `sk4` varchar(12) DEFAULT NULL,
  PRIMARY KEY (`id`),
  UNIQUE KEY `link` (`link`,`option`,`root`),
  UNIQUE KEY `shortcut` (`sk1`,`sk2`,`sk3`,`sk4`)
) ENGINE=InnoDB AUTO_INCREMENT=266 DEFAULT CHARSET=latin1;

/*Data for the table `sys_privilege` */

LOCK TABLES `sys_privilege` WRITE;

insert  into `sys_privilege`(`id`,`app`,`module`,`link`,`option`,`name`,`title`,`note`,`root`,`position`,`active`,`glyphicon`,`icon`,`show_in_frontpage`,`hidden`,`password_required`,`controller`,`target`,`sk1`,`sk2`,`sk3`,`sk4`) values (0,'sys','sys',NULL,NULL,'Root','Root',NULL,NULL,0,1,'','noicon.png',0,0,0,0,'_top',NULL,NULL,NULL,NULL),(1,'sys','sys',NULL,NULL,'System','System',NULL,0,99,1,'fa fa-gears','system2.png',0,1,0,1,'_top',NULL,NULL,NULL,NULL),(2,'sys','sys',NULL,NULL,'UNALLOCATED','UNALLOCATED',NULL,0,2,1,'glyphicon glyphicon-file','add32.png',0,1,0,0,'_top',NULL,NULL,NULL,NULL),(3,'sys','sys',NULL,NULL,'NOTC','NOTC',NULL,0,0,1,'fa fa-adjust','',0,1,0,0,'_top',NULL,NULL,NULL,NULL),(5,'sys','user',NULL,NULL,'User Management','User Management',NULL,0,98,1,'fa fa-users','group.png',0,0,0,1,'_top',NULL,NULL,NULL,NULL),(98,'sys','menu','menu','remove','Remove Menu','Remove Menu',NULL,1,0,1,'glyphicon glyphicon-trash','noicon.png',0,1,0,0,'_top',NULL,NULL,NULL,NULL),(99,'sys','menu','menu','edit','Edit Menu','Edit Menu',NULL,1,0,1,'glyphicon glyphicon-edit','noicon.png',0,1,0,0,'_top',NULL,NULL,NULL,NULL),(100,'sys','menu','menu','hide','Hide Menu','Hide Menu',NULL,1,0,1,'glyphicon glyphicon-eye-close','noicon.png',0,1,0,0,'_top',NULL,NULL,NULL,NULL),(102,'sys','menu','menu','show','Show Menu','Show Menu',NULL,1,0,1,'glyphicon glyphicon-eye-open','noicon.png',0,1,0,0,'_top',NULL,NULL,NULL,NULL),(103,'sys','menu','menu','front','Add to Homepage','Add to Homepage',NULL,1,0,1,'glyphicon glyphicon-th-large','noicon.png',0,1,0,0,'_top',NULL,NULL,NULL,NULL),(104,'sys','menu','menu','remove_front','Remove from Homepage','Remove from Homepage',NULL,1,0,1,'glyphicon glyphicon-folder-close','noicon.png',0,1,0,0,'_top',NULL,NULL,NULL,NULL),(105,'sys','menu','menu','deactivate','Deactivate Menu','Deactivate Menu',NULL,1,0,1,'glyphicon glyphicon-eye-close','noicon.png',0,1,0,0,'_top',NULL,NULL,NULL,NULL),(106,'sys','menu','menu','activate','Activate Menu','Activate Menu',NULL,1,0,1,'glyphicon glyphicon-eye-open','noicon.png',0,1,0,0,'_top',NULL,NULL,NULL,NULL),(107,'sys','menu','menu','set_controller','Activate Controller','Activate Controller',NULL,1,0,1,'glyphicon glyphicon-volume-down','noicon.png',0,1,0,0,'_top',NULL,NULL,NULL,NULL),(108,'sys','menu','menu','not_controller','Deactivate Controller','Deactivate Controller',NULL,1,0,1,'glyphicon glyphicon-volume-off','noicon.png',0,1,0,0,'_top',NULL,NULL,NULL,NULL),(109,'sys','menu','menu','view','View Menu','View Menu',NULL,1,0,1,'glyphicon glyphicon-list','noicon.png',0,0,0,0,'_top',NULL,NULL,NULL,NULL),(110,'sys','menu','menu','add','Add Menu','Add Menu',NULL,1,0,1,'glyphicon glyphicon-plus-sign','noicon.png',0,1,0,0,'_top',NULL,NULL,NULL,NULL),(115,'sys','user','user','add','Add User','Add User',NULL,5,0,1,'glyphicon glyphicon-file','add.png',0,0,0,0,'_top',NULL,NULL,NULL,NULL),(116,'sys','user','user','view','List of Users','List of Users','User Management',5,0,1,'glyphicon glyphicon-user','group.png',0,0,0,0,'_top',NULL,NULL,NULL,NULL),(117,'sys','user','user','permission','User Privilege','User Privilege',NULL,5,0,1,'fa fa-list-ul','control.png',0,0,0,0,'_top',NULL,NULL,NULL,NULL),(118,'sys','user','role','view','List of Roles','List of Roles',NULL,5,0,1,'fa fa-group','group.png',0,0,0,0,'_top',NULL,NULL,NULL,NULL),(119,'sys','user','user','edit','Edit User','Edit User',NULL,5,0,1,'glyphicon glyphicon-edit','edit.png',0,1,0,0,'_top',NULL,NULL,NULL,NULL),(120,'sys','user','user','remove','Remove User','Remove User',NULL,5,0,1,'glyphicon glyphicon-trash','delete.png',0,1,0,0,'_top',NULL,NULL,NULL,NULL),(121,'sys','user','role','add','New Role','New Role',NULL,5,0,1,'glyphicon glyphicon-file','add32.png',0,1,0,0,'_top',NULL,NULL,NULL,NULL),(122,'sys','user','role','edit','Edit Role','Edit Role',NULL,5,0,1,'glyphicon glyphicon-edit','edit.png',0,1,0,0,'_top',NULL,NULL,NULL,NULL),(123,'sys','user','role','remove','Remove Role','Remove Role',NULL,5,0,1,'glyphicon glyphicon-trash','delete.png',0,1,0,0,'_top',NULL,NULL,NULL,NULL),(124,'sys','user','user','reset_password','Reset Password','Reset Password',NULL,5,0,1,'fa fa-eraser','noicon.png',0,1,0,0,'_top',NULL,NULL,NULL,NULL),(125,'sys','user','user','reset_own_password','Reset Own Password','Reset Own Password',NULL,5,0,1,'fa fa-arrows-h','noicon.png',0,1,0,0,'_top',NULL,NULL,NULL,NULL),(126,'sys','user','user','profile','View User Profile','View User Profile',NULL,5,0,1,'glyphicon glyphicon-user','noicon.png',0,1,0,0,'_top',NULL,NULL,NULL,NULL),(127,'sys','user','user','profile_own','View Own Profile','View Own Profile',NULL,5,0,1,'glyphicon glyphicon-user','noicon.png',0,1,0,0,'_top',NULL,NULL,NULL,NULL),(179,'sys',NULL,NULL,NULL,'File','File',NULL,0,-19,1,'fa fa-files-o','noicon.png',0,0,0,0,'_top',NULL,NULL,NULL,NULL),(180,'sys',NULL,'products','view','Products','Products',NULL,179,0,1,'glyphicon glyphicon-list','noicon.png',0,0,0,0,'_top',NULL,NULL,NULL,NULL),(181,'sys',NULL,'products','add','Add Products','Add Products',NULL,179,1,1,'glyphicon glyphicon-file','noicon.png',0,1,0,1,'_top',NULL,NULL,NULL,NULL),(182,'sys',NULL,'products','edit','Edit Products','Edit Products',NULL,179,2,1,'glyphicon glyphicon-edit','noicon.png',0,1,0,1,'_top',NULL,NULL,NULL,NULL),(183,'sys',NULL,'products','erase','Erase Products','Erase Products',NULL,179,3,1,'glyphicon glyphicon-remove','noicon.png',0,1,0,1,'_top',NULL,NULL,NULL,NULL),(184,'sys',NULL,'supplier','view','Supplier','Supplier',NULL,179,0,1,'glyphicon glyphicon-list','noicon.png',0,0,0,0,'_top',NULL,NULL,NULL,NULL),(185,'sys',NULL,'supplier','add','Add Supplier','Add Supplier',NULL,179,1,1,'glyphicon glyphicon-file','noicon.png',0,1,0,1,'_top',NULL,NULL,NULL,NULL),(186,'sys',NULL,'supplier','edit','Edit Supplier','Edit Supplier',NULL,179,2,1,'glyphicon glyphicon-edit','noicon.png',0,1,0,1,'_top',NULL,NULL,NULL,NULL),(187,'sys',NULL,'supplier','erase','Erase Supplier','Erase Supplier',NULL,179,3,1,'glyphicon glyphicon-remove','noicon.png',0,1,0,1,'_top',NULL,NULL,NULL,NULL),(188,'sys',NULL,NULL,NULL,'Expense','Expense',NULL,0,-15,1,'fa fa-credit-card','noicon.png',0,0,0,0,'_top',NULL,NULL,NULL,NULL),(189,'sys',NULL,'expense','view','Expense','Expense',NULL,188,0,1,'glyphicon glyphicon-list','noicon.png',0,0,0,0,'_top',NULL,NULL,NULL,NULL),(190,'sys',NULL,'expense','add','Add Expense','Add Expense',NULL,188,1,1,'glyphicon glyphicon-file','noicon.png',0,1,0,1,'_top',NULL,NULL,NULL,NULL),(191,'sys',NULL,'expense','edit','Edit Expense','Edit Expense',NULL,188,2,1,'glyphicon glyphicon-edit','noicon.png',0,1,0,1,'_top',NULL,NULL,NULL,NULL),(192,'sys',NULL,'expense','remove','Remove Expense','Remove Expense',NULL,188,3,1,'glyphicon glyphicon-trash','noicon.png',0,1,0,1,'_top',NULL,NULL,NULL,NULL),(193,'sys',NULL,'expense','erase','Erase Expense','Erase Expense',NULL,188,4,1,'glyphicon glyphicon-remove','noicon.png',0,1,0,1,'_top',NULL,NULL,NULL,NULL),(194,'sys',NULL,'expense_category','view','Expense Category','Expense Category',NULL,188,0,1,'glyphicon glyphicon-list','noicon.png',0,0,0,0,'_top',NULL,NULL,NULL,NULL),(195,'sys',NULL,'expense_category','add','Add Expense Category','Add Expense Category',NULL,188,1,1,'glyphicon glyphicon-file','noicon.png',0,1,0,1,'_top',NULL,NULL,NULL,NULL),(196,'sys',NULL,'expense_category','edit','Edit Expense Category','Edit Expense Category',NULL,188,2,1,'glyphicon glyphicon-edit','noicon.png',0,1,0,1,'_top',NULL,NULL,NULL,NULL),(197,'sys',NULL,'expense_category','erase','Erase Expense Category','Erase Expense Category',NULL,188,3,1,'glyphicon glyphicon-remove','noicon.png',0,1,0,1,'_top',NULL,NULL,NULL,NULL),(198,'sys',NULL,NULL,NULL,'Report','Report',NULL,0,-13,1,'fa fa-adjust','noicon.png',0,0,0,0,'_top',NULL,NULL,NULL,NULL),(199,'sys',NULL,'sales_invoice','view','Sales Report','Sales Report',NULL,198,0,1,'fa fa-book','noicon.png',0,0,0,0,'_top',NULL,NULL,NULL,NULL),(200,'sys',NULL,'products','import','Import Products from CSV','Import Products from CSV',NULL,179,0,1,'fa fa-file-excel-o','noicon.png',0,1,0,1,'_top',NULL,NULL,NULL,NULL),(201,'sys',NULL,'sys_tasks','view','Sys Tasks','Sys Tasks',NULL,1,0,1,'glyphicon glyphicon-list','noicon.png',0,0,0,0,'_top',NULL,NULL,NULL,NULL),(202,'sys',NULL,'sys_tasks','add','Add Sys Tasks','Add Sys Tasks',NULL,1,1,1,'glyphicon glyphicon-file','noicon.png',0,1,0,1,'_top',NULL,NULL,NULL,NULL),(203,'sys',NULL,'sys_tasks','edit','Edit Sys Tasks','Edit Sys Tasks',NULL,1,2,1,'glyphicon glyphicon-edit','noicon.png',0,1,0,1,'_top',NULL,NULL,NULL,NULL),(204,'sys',NULL,'sys_tasks','erase','Erase Sys Tasks','Erase Sys Tasks',NULL,1,3,1,'glyphicon glyphicon-remove','noicon.png',0,1,0,1,'_top',NULL,NULL,NULL,NULL),(205,'sys',NULL,NULL,NULL,'Purchase','Purchase',NULL,0,-18,1,'fa fa-arrow-up','noicon.png',0,0,0,0,'_top',NULL,NULL,NULL,NULL),(206,'sys',NULL,NULL,NULL,'Sales','Sales',NULL,0,-17,0,'fa fa-arrow-down','noicon.png',0,0,0,0,'_top',NULL,NULL,NULL,NULL),(207,'sys',NULL,'purchase_batch','view','Purchase Batch','Purchase Batch',NULL,205,0,1,'glyphicon glyphicon-list','noicon.png',0,0,0,0,'_top',NULL,NULL,NULL,NULL),(208,'sys',NULL,'purchase_batch','add','Add Purchase Batch','Add Purchase Batch',NULL,205,1,1,'glyphicon glyphicon-file','noicon.png',0,1,0,1,'_top',NULL,NULL,NULL,NULL),(209,'sys',NULL,'purchase_batch','edit','Edit Purchase Batch','Edit Purchase Batch',NULL,205,2,1,'glyphicon glyphicon-edit','noicon.png',0,1,0,1,'_top',NULL,NULL,NULL,NULL),(210,'sys',NULL,'purchase_batch','erase','Erase Purchase Batch','Erase Purchase Batch',NULL,205,3,1,'glyphicon glyphicon-remove','noicon.png',0,1,0,1,'_top',NULL,NULL,NULL,NULL),(211,'sys',NULL,'sales_invoice','view','Sales Invoice','Sales Invoice',NULL,206,0,1,'glyphicon glyphicon-list','noicon.png',0,0,0,0,'_top',NULL,NULL,NULL,NULL),(212,'sys',NULL,'sales_invoice','add','Add Sales Invoice','Add Sales Invoice',NULL,206,1,1,'glyphicon glyphicon-file','noicon.png',0,1,0,1,'_top',NULL,NULL,NULL,NULL),(213,'sys',NULL,'sales_invoice','edit','Edit Sales Invoice','Edit Sales Invoice',NULL,206,2,1,'glyphicon glyphicon-edit','noicon.png',0,1,0,1,'_top',NULL,NULL,NULL,NULL),(214,'sys',NULL,'sales_invoice','erase','Erase Sales Invoice','Erase Sales Invoice',NULL,206,3,1,'glyphicon glyphicon-remove','noicon.png',0,1,0,1,'_top',NULL,NULL,NULL,NULL),(215,'sys',NULL,'purchase_batch_items','view','Purchase Batch Items','Purchase Batch Items',NULL,205,0,1,'glyphicon glyphicon-list','noicon.png',0,1,0,0,'_top',NULL,NULL,NULL,NULL),(216,'sys',NULL,'purchase_batch_items','add','Add Purchase Batch Items','Add Purchase Batch Items',NULL,205,1,1,'glyphicon glyphicon-file','noicon.png',0,1,0,1,'_top',NULL,NULL,NULL,NULL),(217,'sys',NULL,'purchase_batch_items','edit','Edit Purchase Batch Items','Edit Purchase Batch Items',NULL,205,2,1,'glyphicon glyphicon-edit','noicon.png',0,1,0,1,'_top',NULL,NULL,NULL,NULL),(218,'sys',NULL,'purchase_batch_items','erase','Erase Purchase Batch Items','Erase Purchase Batch Items',NULL,205,3,1,'glyphicon glyphicon-remove','noicon.png',0,1,0,1,'_top',NULL,NULL,NULL,NULL),(219,'sys',NULL,'sales_invoice_item','view','Sales Invoice Item','Sales Invoice Item',NULL,206,0,1,'glyphicon glyphicon-list','noicon.png',0,0,0,0,'_top',NULL,NULL,NULL,NULL),(220,'sys',NULL,'sales_invoice_item','add','Add Sales Invoice Item','Add Sales Invoice Item',NULL,206,1,1,'glyphicon glyphicon-file','noicon.png',0,1,0,1,'_top',NULL,NULL,NULL,NULL),(221,'sys',NULL,'sales_invoice_item','edit','Edit Sales Invoice Item','Edit Sales Invoice Item',NULL,206,2,1,'glyphicon glyphicon-edit','noicon.png',0,1,0,1,'_top',NULL,NULL,NULL,NULL),(222,'sys',NULL,'sales_invoice_item','erase','Erase Sales Invoice Item','Erase Sales Invoice Item',NULL,206,3,1,'glyphicon glyphicon-remove','noicon.png',0,1,0,1,'_top',NULL,NULL,NULL,NULL),(223,'sys',NULL,NULL,NULL,'Special','Special',NULL,0,-1,0,'fa fa-android','noicon.png',0,0,0,0,'_top',NULL,NULL,NULL,NULL),(224,'sys',NULL,'products','update_quantity','Update Product Quantity','Update Product Quantity',NULL,223,0,1,'fa fa-angle-double-up','noicon.png',0,0,0,0,'_top',NULL,NULL,NULL,NULL),(225,'sys',NULL,NULL,NULL,'POS Permission','POS Permission',NULL,0,0,1,'fa fa-check-square-o','noicon.png',0,1,0,0,'_top',NULL,NULL,NULL,NULL),(226,'sys',NULL,'pos_dashboard','add_customer','Add Customer','Add Customer',NULL,225,0,1,'fa fa-adjust','noicon.png',0,0,0,0,'_top',NULL,NULL,NULL,NULL),(227,'sys',NULL,'pos_dashboard','product_entry','Product Entry','Product Entry',NULL,225,0,1,'fa fa-adjust','noicon.png',0,0,0,0,'_top',NULL,NULL,NULL,NULL),(228,'sys',NULL,'pos_dashboard','purchase_entry','Purchase Entry','Purchase Entry',NULL,225,0,1,'fa fa-adjust','noicon.png',0,0,0,0,'_top',NULL,NULL,NULL,NULL),(229,'sys',NULL,'pos_dashboard','expense_entry','Expense Entry','Expense Entry',NULL,225,0,1,'fa fa-adjust','noicon.png',0,0,0,0,'_top',NULL,NULL,NULL,NULL),(230,'sys',NULL,'pos_dashboard','purchase_order','Purchase Order','Purchase Order',NULL,225,0,1,'fa fa-adjust','noicon.png',0,0,0,0,'_top',NULL,NULL,NULL,NULL),(231,'sys',NULL,'pos_dashboard','reprint_invoice','Re-Print Invoice','Re-Print Invoice',NULL,225,0,1,'fa fa-adjust','noicon.png',0,0,0,0,'_top',NULL,NULL,NULL,NULL),(232,'sys',NULL,'pos_dashboard','sales_return','Sales Return','Sales Return',NULL,225,0,1,'fa fa-adjust','noicon.png',0,0,0,0,'_top',NULL,NULL,NULL,NULL),(233,'sys',NULL,'pos_dashboard','daily_report','Daily Report','Daily Report',NULL,225,0,1,'fa fa-adjust','noicon.png',0,0,0,0,'_top',NULL,NULL,NULL,NULL),(234,'sys',NULL,'pos_dashboard','order_print','Purchase Order Print','Purchase Order Print',NULL,225,0,1,'fa fa-adjust','noicon.png',0,0,0,0,'_top',NULL,NULL,NULL,NULL),(235,'sys',NULL,'pos_dashboard','customer_report','Customer Report','Customer Report',NULL,225,0,1,'fa fa-adjust','noicon.png',0,0,0,0,'_top',NULL,NULL,NULL,NULL),(236,'sys',NULL,'pos_dashboard','counter_report','Counter Report','Counter Report',NULL,225,0,1,'fa fa-adjust','noicon.png',0,0,0,0,'_top',NULL,NULL,NULL,NULL),(237,'sys',NULL,'pos_dashboard','stock_report','Stock Report','Stock Report',NULL,225,0,1,'fa fa-adjust','noicon.png',0,0,0,0,'_top',NULL,NULL,NULL,NULL),(238,'sys',NULL,'pos_dashboard','low_stock_report','Stock Report - Low Quantity','Stock Report - Low Quantity',NULL,225,0,1,'fa fa-adjust','noicon.png',0,0,0,0,'_top',NULL,NULL,NULL,NULL),(239,'sys',NULL,'pos_dashboard','top_sales_report','Top Sales Report','Top Sales Report',NULL,225,0,1,'fa fa-adjust','noicon.png',0,0,0,0,'_top',NULL,NULL,NULL,NULL),(240,'sys',NULL,'pos_dashboard','salesman_report','Salesman Sales Report','Salesman Sales Report',NULL,225,0,1,'fa fa-adjust','noicon.png',0,0,0,0,'_top',NULL,NULL,NULL,NULL),(241,'sys',NULL,'pos_dashboard','sales_report_by_hour','Sales Report by hour','Sales Report by hour',NULL,225,0,1,'fa fa-adjust','noicon.png',0,0,0,0,'_top',NULL,NULL,NULL,NULL),(242,'sys',NULL,'purchase_return','view','Purchase Return','Purchase Return',NULL,205,0,1,'glyphicon glyphicon-list','noicon.png',0,0,0,0,'_top',NULL,NULL,NULL,NULL),(243,'sys',NULL,'purchase_return','add','Add Purchase Return','Add Purchase Return',NULL,205,1,1,'glyphicon glyphicon-file','noicon.png',0,1,0,1,'_top',NULL,NULL,NULL,NULL),(244,'sys',NULL,'purchase_return','edit','Edit Purchase Return','Edit Purchase Return',NULL,205,2,1,'glyphicon glyphicon-edit','noicon.png',0,1,0,1,'_top',NULL,NULL,NULL,NULL),(245,'sys',NULL,'purchase_return','erase','Erase Purchase Return','Erase Purchase Return',NULL,205,3,1,'glyphicon glyphicon-remove','noicon.png',0,1,0,1,'_top',NULL,NULL,NULL,NULL),(246,'sys',NULL,'report','purchase','Purchase Report','Purchase Report',NULL,198,0,1,'fa fa-adjust','noicon.png',0,0,0,0,'_top',NULL,NULL,NULL,NULL),(247,'sys',NULL,'report','expense','Expense Report','Expense Report',NULL,198,0,1,'fa fa-adjust','noicon.png',0,0,0,0,'_top',NULL,NULL,NULL,NULL),(248,'sys',NULL,'report','sales_return','Sales Return Report','Sales Return Report',NULL,198,0,1,'fa fa-adjust','noicon.png',0,0,0,0,'_top',NULL,NULL,NULL,NULL),(249,'sys',NULL,'report','purchase_return','Purchase Return Report','Purchase Return Report',NULL,198,0,1,'fa fa-adjust','noicon.png',0,0,0,0,'_top',NULL,NULL,NULL,NULL),(250,'sys',NULL,'report','damaged','Damaged Product Report','Damaged Product Report',NULL,198,0,1,'fa fa-adjust','noicon.png',0,0,0,0,'_top',NULL,NULL,NULL,NULL),(251,'sys',NULL,'report','stock','Stock Report','Stock Report',NULL,198,0,1,'fa fa-adjust','noicon.png',0,0,0,0,'_top',NULL,NULL,NULL,NULL),(252,'sys',NULL,'report','stock_flow','Stock Flow Report','Stock Flow Report',NULL,198,0,1,'fa fa-adjust','noicon.png',0,0,0,0,'_top',NULL,NULL,NULL,NULL),(253,'sys',NULL,'report','counter','Counter Report','Counter Report',NULL,198,0,1,'fa fa-adjust','noicon.png',0,0,0,0,'_top',NULL,NULL,NULL,NULL),(254,'sys',NULL,'report','operator','Operator Report','Operator Report',NULL,198,0,1,'fa fa-adjust','noicon.png',0,0,0,0,'_top',NULL,NULL,NULL,NULL),(255,'sys',NULL,'report','low_stock','Low Stock Report','Low Stock Report',NULL,198,0,1,'fa fa-adjust','noicon.png',0,0,0,0,'_top',NULL,NULL,NULL,NULL),(256,'sys',NULL,'report','reorder','Re-Order Report','Re-Order Report',NULL,198,0,1,'fa fa-adjust','noicon.png',0,0,0,0,'_top',NULL,NULL,NULL,NULL),(257,'sys',NULL,'report','cashflow','Cash Flow','Cash Flow',NULL,198,0,1,'fa fa-adjust','noicon.png',0,0,0,0,'_top',NULL,NULL,NULL,NULL),(259,'sys',NULL,'report','balance_sheet','Balance Sheet','Balance Sheet',NULL,198,0,1,'fa fa-adjust','noicon.png',0,0,0,0,'_top',NULL,NULL,NULL,NULL),(260,'sys',NULL,'report','income_statement','Income Statement','Income Statement',NULL,198,0,1,'fa fa-adjust','noicon.png',0,0,0,0,'_top',NULL,NULL,NULL,NULL),(261,'sys',NULL,'report','pnl','PnL Report','PnL Report',NULL,198,0,1,'fa fa-adjust','noicon.png',0,0,0,0,'_top',NULL,NULL,NULL,NULL),(262,'sys',NULL,'report','due','Customer Due Report','Customer Due Report',NULL,198,0,1,'fa fa-adjust','noicon.png',0,0,0,0,'_top',NULL,NULL,NULL,NULL),(263,'sys',NULL,'products','update_price','Update Product Price','Update Product Price',NULL,223,0,1,'fa fa-adjust','noicon.png',0,0,0,0,'_top',NULL,NULL,NULL,NULL),(264,'sys',NULL,'products','update_price_quantity','Update Product P/Q','Update Product P/Q',NULL,223,0,1,'fa fa-adjust','noicon.png',0,0,0,0,'_top',NULL,NULL,NULL,NULL),(265,'sys',NULL,'pos_dashboard','stock_update','Update Product P/Q','Update Product P/Q',NULL,225,0,1,'fa fa-adjust','noicon.png',0,0,0,0,'_top',NULL,NULL,NULL,NULL);

UNLOCK TABLES;

/*Table structure for table `sys_privilege_shortcut` */

DROP TABLE IF EXISTS `sys_privilege_shortcut`;

CREATE TABLE `sys_privilege_shortcut` (
  `id` int(10) unsigned NOT NULL AUTO_INCREMENT,
  `ps_privilege` int(10) unsigned NOT NULL,
  `ps_sk1` enum('Ctrl','Alt','Shift') DEFAULT NULL,
  `ps_sk2` enum('Ctrl','Alt','Shift') DEFAULT NULL,
  `ps_sk3` enum('Ctrl','Alt','Shift') DEFAULT NULL,
  `ps_sk4` varchar(12) DEFAULT NULL,
  `ps_user` int(10) unsigned NOT NULL,
  `ps_time` datetime NOT NULL,
  PRIMARY KEY (`id`),
  KEY `ps_privilege` (`ps_privilege`),
  CONSTRAINT `ps_privilege` FOREIGN KEY (`ps_privilege`) REFERENCES `sys_privilege` (`id`)
) ENGINE=InnoDB DEFAULT CHARSET=latin1;

/*Data for the table `sys_privilege_shortcut` */

LOCK TABLES `sys_privilege_shortcut` WRITE;

UNLOCK TABLES;

/*Table structure for table `sys_registration` */

DROP TABLE IF EXISTS `sys_registration`;

CREATE TABLE `sys_registration` (
  `id` int(10) unsigned NOT NULL AUTO_INCREMENT,
  `r_username` varchar(256) NOT NULL,
  `r_password` varchar(64) NOT NULL,
  `r_ip` varchar(64) NOT NULL,
  `r_geo` text,
  `r_time` datetime NOT NULL,
  `r_verification` varchar(64) NOT NULL,
  `r_status` enum('Pending','Approved','Rejected') NOT NULL DEFAULT 'Pending',
  PRIMARY KEY (`id`)
) ENGINE=InnoDB DEFAULT CHARSET=latin1;

/*Data for the table `sys_registration` */

LOCK TABLES `sys_registration` WRITE;

UNLOCK TABLES;

/*Table structure for table `sys_role` */

DROP TABLE IF EXISTS `sys_role`;

CREATE TABLE `sys_role` (
  `id` int(2) unsigned NOT NULL AUTO_INCREMENT,
  `r_name` varchar(32) NOT NULL,
  `r_active` tinyint(1) NOT NULL DEFAULT '1',
  `r_date_created` date DEFAULT NULL,
  `r_owner` int(10) unsigned NOT NULL DEFAULT '0',
  `r_scope` enum('Global','Local') NOT NULL,
  `r_created_by` int(10) unsigned NOT NULL,
  PRIMARY KEY (`id`)
) ENGINE=InnoDB AUTO_INCREMENT=5 DEFAULT CHARSET=latin1;

/*Data for the table `sys_role` */

LOCK TABLES `sys_role` WRITE;

insert  into `sys_role`(`id`,`r_name`,`r_active`,`r_date_created`,`r_owner`,`r_scope`,`r_created_by`) values (0,'Guest',1,'2015-02-17',0,'Global',0),(1,'System',1,'2011-01-03',0,'Global',0),(2,'Administrator',1,'2013-08-22',1,'Global',1),(3,'Salesman',1,'2016-09-05',2,'Global',2),(4,'Store Manager',1,'2016-09-05',2,'Global',2);

UNLOCK TABLES;

/*Table structure for table `sys_search_options` */

DROP TABLE IF EXISTS `sys_search_options`;

CREATE TABLE `sys_search_options` (
  `schema` varchar(128) DEFAULT NULL,
  `object` varchar(128) DEFAULT NULL,
  `display` varchar(128) DEFAULT NULL,
  `functions` varchar(128) DEFAULT NULL,
  `keys` varchar(128) DEFAULT NULL,
  `note` varchar(128) DEFAULT NULL
) ENGINE=MyISAM DEFAULT CHARSET=latin1;

/*Data for the table `sys_search_options` */

LOCK TABLES `sys_search_options` WRITE;

insert  into `sys_search_options`(`schema`,`object`,`display`,`functions`,`keys`,`note`) values ('os_company','company','c_name','statement','c_name, c_reg_no, c_phone','Company'),('os_agent','agent','a_name','statement','a_name, a_phone','Agent'),('bill_invoice','invoice','id','print','id','Invoice'),('bill_invoice_payment','bill_invoice_payment','id','print','id','Receipt'),('os_worker','worker','p_name','statement','p_pp','Invidual Worker');

UNLOCK TABLES;

/*Table structure for table `sys_sessions` */

DROP TABLE IF EXISTS `sys_sessions`;

CREATE TABLE `sys_sessions` (
  `id` varchar(32) NOT NULL,
  `access` int(10) unsigned DEFAULT NULL,
  `data` text,
  PRIMARY KEY (`id`)
) ENGINE=InnoDB DEFAULT CHARSET=latin1;

/*Data for the table `sys_sessions` */

LOCK TABLES `sys_sessions` WRITE;

UNLOCK TABLES;

/*Table structure for table `sys_site` */

DROP TABLE IF EXISTS `sys_site`;

CREATE TABLE `sys_site` (
  `id` int(10) unsigned NOT NULL AUTO_INCREMENT,
  `s_name` varbinary(128) NOT NULL,
  `s_description` text,
  PRIMARY KEY (`id`)
) ENGINE=InnoDB AUTO_INCREMENT=2 DEFAULT CHARSET=latin1;

/*Data for the table `sys_site` */

LOCK TABLES `sys_site` WRITE;

insert  into `sys_site`(`id`,`s_name`,`s_description`) values (1,'Default',NULL);

UNLOCK TABLES;

/*Table structure for table `sys_site_privilege` */

DROP TABLE IF EXISTS `sys_site_privilege`;

CREATE TABLE `sys_site_privilege` (
  `id` int(10) unsigned NOT NULL AUTO_INCREMENT,
  `sp_site` int(10) unsigned NOT NULL,
  `sp_privilege` int(10) unsigned NOT NULL,
  PRIMARY KEY (`id`),
  UNIQUE KEY `site_privilege` (`sp_site`,`sp_privilege`),
  KEY `sp_privilege` (`sp_privilege`),
  CONSTRAINT `sp_privilege` FOREIGN KEY (`sp_privilege`) REFERENCES `sys_privilege` (`id`) ON DELETE CASCADE,
  CONSTRAINT `sp_site` FOREIGN KEY (`sp_site`) REFERENCES `sys_site` (`id`) ON DELETE CASCADE
) ENGINE=InnoDB AUTO_INCREMENT=2 DEFAULT CHARSET=latin1;

/*Data for the table `sys_site_privilege` */

LOCK TABLES `sys_site_privilege` WRITE;

insert  into `sys_site_privilege`(`id`,`sp_site`,`sp_privilege`) values (1,1,124);

UNLOCK TABLES;

/*Table structure for table `sys_tasks` */

DROP TABLE IF EXISTS `sys_tasks`;

CREATE TABLE `sys_tasks` (
  `id` int(10) unsigned NOT NULL AUTO_INCREMENT,
  `t_name` varchar(128) NOT NULL,
  `t_description` text,
  `t_status` enum('Pending','Done') NOT NULL DEFAULT 'Pending',
  PRIMARY KEY (`id`)
) ENGINE=InnoDB AUTO_INCREMENT=2 DEFAULT CHARSET=latin1;

/*Data for the table `sys_tasks` */

LOCK TABLES `sys_tasks` WRITE;

insert  into `sys_tasks`(`id`,`t_name`,`t_description`,`t_status`) values (1,'Supplier','Add Supplier, \r\nPurchase Order, \r\nPayment','Pending');

UNLOCK TABLES;

/*Table structure for table `sys_user` */

DROP TABLE IF EXISTS `sys_user`;

CREATE TABLE `sys_user` (
  `id` int(10) unsigned NOT NULL AUTO_INCREMENT,
  `u_fullname` varchar(128) NOT NULL,
  `u_username` varchar(64) NOT NULL,
  `u_password` varchar(64) CHARACTER SET latin1 COLLATE latin1_bin NOT NULL,
  `u_pin` varchar(64) DEFAULT NULL,
  `u_date_created` datetime NOT NULL,
  `u_loggedin` tinyint(1) unsigned NOT NULL DEFAULT '0',
  `u_last_login_time` datetime DEFAULT NULL,
  `u_last_ip` varchar(42) DEFAULT NULL,
  `u_remarks` text,
  `u_email` varchar(128) DEFAULT NULL,
  `u_created_by` int(10) unsigned NOT NULL,
  `u_last_modified_by` int(10) unsigned NOT NULL,
  `u_failed_attempt` tinyint(1) unsigned NOT NULL DEFAULT '0',
  `u_status` tinyint(1) unsigned NOT NULL DEFAULT '1',
  PRIMARY KEY (`id`),
  UNIQUE KEY `username` (`u_username`)
) ENGINE=InnoDB AUTO_INCREMENT=3 DEFAULT CHARSET=latin1;

/*Data for the table `sys_user` */

LOCK TABLES `sys_user` WRITE;

insert  into `sys_user`(`id`,`u_fullname`,`u_username`,`u_password`,`u_pin`,`u_date_created`,`u_loggedin`,`u_last_login_time`,`u_last_ip`,`u_remarks`,`u_email`,`u_created_by`,`u_last_modified_by`,`u_failed_attempt`,`u_status`) values (0,'Guest User','guest','',NULL,'0000-00-00 00:00:00',0,NULL,NULL,NULL,NULL,0,0,0,1),(1,'System','system','21232f297a57a5a743894a0e4a801fc3',NULL,'2014-12-15 23:40:24',1,'2017-02-15 21:15:46','::1',NULL,NULL,0,0,0,1),(2,'Administrator','admin','21232f297a57a5a743894a0e4a801fc3',NULL,'2015-02-17 11:36:55',1,'2016-09-17 02:26:05','::1','','buyer@gmail.com',1,1,1,1);

UNLOCK TABLES;

/*Table structure for table `sys_user_role` */

DROP TABLE IF EXISTS `sys_user_role`;

CREATE TABLE `sys_user_role` (
  `id` int(10) unsigned NOT NULL AUTO_INCREMENT,
  `ur_user_id` int(10) unsigned NOT NULL DEFAULT '0',
  `ur_role_id` int(10) unsigned NOT NULL DEFAULT '0',
  PRIMARY KEY (`ur_user_id`,`ur_role_id`),
  KEY `role` (`ur_role_id`),
  KEY `id` (`id`),
  CONSTRAINT `ur_role_id` FOREIGN KEY (`ur_role_id`) REFERENCES `sys_role` (`id`) ON DELETE CASCADE ON UPDATE CASCADE,
  CONSTRAINT `ur_user_id` FOREIGN KEY (`ur_user_id`) REFERENCES `sys_user` (`id`) ON DELETE CASCADE ON UPDATE CASCADE
) ENGINE=InnoDB AUTO_INCREMENT=3 DEFAULT CHARSET=latin1;

/*Data for the table `sys_user_role` */

LOCK TABLES `sys_user_role` WRITE;

insert  into `sys_user_role`(`id`,`ur_user_id`,`ur_role_id`) values (0,0,0),(1,1,1),(2,2,2);

UNLOCK TABLES;

/*Table structure for table `tax_codes` */

DROP TABLE IF EXISTS `tax_codes`;

CREATE TABLE `tax_codes` (
  `id` int(10) unsigned NOT NULL AUTO_INCREMENT,
  `code` varchar(8) NOT NULL,
  `rate` decimal(3,2) unsigned NOT NULL,
  `type` varchar(12) NOT NULL,
  `description` text,
  `explanation` text,
  PRIMARY KEY (`id`)
) ENGINE=InnoDB AUTO_INCREMENT=24 DEFAULT CHARSET=latin1;

/*Data for the table `tax_codes` */

LOCK TABLES `tax_codes` WRITE;

insert  into `tax_codes`(`id`,`code`,`rate`,`type`,`description`,`explanation`) values (1,'SR','6.00','S','Standard-rated supplies with GST charged.','A GST registered supplier must charge and account GST at 6% for all sales of goods and services made in Malaysia unless the supply qualifies for zero-rating, exemption or falls outside the scope of the proposed GST model. The GST collected from customer is called output tax. The value of sale and corresponding output tax must be reported in the GST returns.'),(2,'ZRL','0.00','S','Local supply of goods or services which are subject to zero rated supplies.','A GST registered supplier can zero-rate (i.e. charging GST at 0%) certain local supply of goods and services if such goods or services are included in the Goods and Services Tax (Zero Rate Supplies) Order 2014. Examples includes sale of fish, cooking oil.'),(3,'ZRE','0.00','S','Exportation of goods or services which are subject to zero rated supplies.','A GST registered supplier can zero-rate (i.e. charging GST at 0%) the supply of goods and services if they export the goods out of Malaysia or the services fall within the description of international services. Examples includes sale of air-tickets and international freight charges.'),(4,'DS','6.00','S','Deemed supplies (e.g. transfer or disposal of business assets without consideration).','GST is chargeable on supplies of goods and services. For GST to be applicable there must be goods or services provided and a consideration paid in return. However, there are situations where a supply has taken place even though no goods or services are provided or no consideration is paid. These are known as deemed supplies. Examples include free gifts (more than RM500) and disposal of business assets without consideration.'),(5,'OS','0.00','S','Out-of-scope supplies.','This refers to supplies (commonly known as out-of-scope supply) which are outside the scope and GST is therefore not chargeable. In general, they are transfer of business as a going concern, private transactions, third country sales (i.e. sale of goods from a place outside Malaysia to another place outside Malaysia).'),(6,'ES','0.00','S','Exempt supplies under GST.','This refers to supplies which are exempt under GST. These supply include residential property, public transportation etc.'),(7,'ES43','0.00','S','Incidental Exempt Supplies','This is only applicable to GST registered trader that makes both taxable and exempt supplies (or commonly known as partially exempt trader). This refers to exempt supplies made under incidental exempt supplies. Incidental Exempt Supplies include interest income from deposits placed with a financial institution in Malaysia, realized foreign exchange gains or losses, first issue of bonds, first issue of shares through an Initial Public Offering and interest received from loans provided to employees also include factoring receivables, money received from unit holders for units received by a unit trust etc.'),(8,'RS','0.00','S','Relief supply under GST.','This refers to supplies which are supply given relief from GST.'),(9,'GS','0.00','S','Disregarded supplies.','This refers to supplies which are disregarded under GST. These supplies include supply within GST group registration, sales made within Warehouse Scheme etc.'),(10,'AJS','6.00','S','Any adjustment made to Output Tax e.g. : Longer period adjustment, Bad Debt recover, outstanding invoice > 6 months & other output tax adjustments.','Any adjustment made to Output Tax, Example such as longer period adjustment, bad debt recovered, outstanding invoices more than 6 months & other output tax adjustments'),(11,'TX','6.00','P','Purchases with GST incurred at 6% and directly attributable to taxable supplies.','This refers to goods and/or services purchased from GST registered suppliers. The prevailing GST rate is 6% w.e.f 1/4/2015. As it is a tax on final consumption, a GST registered trader will be able to claim credits for GST paid on goods or services supplied to them. The recoverable credits are called input tax. Examples include goods or services purchased for business purposes from GST registered traders.'),(12,'IM','6.00','P','Import of goods with GST incurred.','All goods imported into Malaysia are subjected to duties and/or GST. GST is calculated on the value which includes cost, insurance and freight plus the customs duty payable (if any), unless the imported goods are for storage in a licensed warehouse or Free Trade Zone, or imported under Warehouse Scheme, or under the Approved Trader Scheme. If you are a GST registered trader and have paid GST to Malaysia Customs on your imports, you can claim input tax deduction in your GST returns submitted to the Director General of Custom.'),(13,'IS','0.00','P','Imports under special scheme with no GST incurred (e.g. Approved Trader Scheme, ATMS Scheme).','This refers to goods imported under the Approved Trader Scheme (ATS) and Approved Toll Manufacturer Scheme (ATMS), where GST is suspended when the trader imports the non-dutiable goods into Malaysia. These two schemes are designed to ease the cash flow of Trader Scheme (ATS) and Approved Toll Manufacturer Scheme (ATMS), who has significant imports.'),(14,'BL','6.00','P','Purchases with GST incurred but not claimable (Disallowance of Input Tax) (e.g. medical expenses for staff).','This refers to GST incurred by a business but GST registered trader is not allowed to claim input tax incurred. The expenses are as following:\r\n\r\nThe supply to or importation of a passenger car;\r\n\r\nThe hiring of passenger car;\r\n\r\nClub subscription fees (including transfer fee) charged by sporting and recreational clubs;\r\n\r\nMedical and personal accident insurance premiums by your staff\r\n\r\nExplanation (cont.) :\r\n\r\nMedical expenses incurred by your staff. Excluding those covered under the provision of the employee’s Social Security Act 1969, Workmen’s Compensation Act 1952 or under any collective agreement under the Industrial Relations Act 1967;\r\nBenefits provided to the family members or relatives of your staff;\r\nEntertainment expenses to a person other than employee and existing customer except entertainment expenses incurred by a person who is in the business of providing entertainment.'),(15,'NR','0.00','P','Purchases from non GST-registered supplier with no GST incurred.','This refers to goods and services purchased from non-GST registered supplier/ trader. A supplier / trader who is not registered for GST is not allowed to charge and collect GST. Under the GST model, any unauthorized collection of GST is an offence.'),(16,'ZP','0.00','P','Purchases from GST-registered supplier with no GST incurred. (e.g. supplier provides transportation of goods that qualify as international services).','This refers to goods and services purchased from GST registered suppliers where GST is charged at 0%. This is also commonly known as zero-rated purchases. The list as in the Appendix A1 to Budget 2014 Speech.'),(17,'EP','0.00','P','Purchases exempted from GST. E.g. purchase of residential property or financial services.','This refers to purchases in relation to residential properties or certain financial services where there no GST was charged (i.e. exempt from GST). Consequently, there is no input tax would be incurred on these supplies. Examples as in Appendix A2 Budget 2014 Speech.'),(18,'OP','0.00','P','Purchase transactions which is out of the scope of GST legislation (e.g. purchase of goods overseas).','This refers to purchase of goods outside the scope of GST. An example is purchase of goods overseas and the goods did not come into Malaysia, the purchase of a business transferred as a going concern. For purchase of goods overseas, there may be instances where tax is imposed by a foreign jurisdiction that is similar to GST (e.g. VAT). Nonetheless, the GST registered trader is not allowed to claim input tax for GST/ VAT incurred for such purchases. This is because the input tax is paid to a party outside Malaysia.'),(19,'X-E43','6.00','P','Purchases with GST incurred directly attributable to incidental exempt supplies.\r\n\r\n','This is only applicable to GST registered trader (group and ATS only) that makes both taxable and exempt supplies (or commonly known as partially exempt trader). TX-E43 should be used for transactions involving the payment of input tax that is directly attributable to the making Incidental Exempt Supplies. Incidental Exempt Supplies include interest income from deposits placed with a financial institution in Malaysia, realized foreign exchange gains or losses, first issue of bonds, first issue of shares through an Initial Public Offering and interest received from loans provided to employees, factoring receivables, money received from unit holders for units received by a unit trust etc.'),(20,'X-N43','6.00','P','Purchases with GST incurred directly attributable to non-incidental exempt supplies.','This is only applicable to GST registered trader that makes both taxable and exempt supplies (or commonly known as partially exempt trader). TX-N43 should be used for transactions involving the payment of input tax that is directly attributable to the making Non-Incidental Exempt Supplies. Example for this tax code are your company bought wall paper for your residential apartment rented to others and purchase costs are already included 6% GST, but you are not eligible to claim the amount of input tax as it would be applied directly to make exempt supply (rental of resident apartment).'),(21,'X-RE','6.00','P','Purchases with GST incurred that is not directly attributable to taxable or exempt supplies.','This is only applicable to GST registered trader that makes both taxable and exempt supplies (or commonly known as partially exempt trader). This refers to GST incurred that is not directly attributable to the making of taxable or exempt supplies (or commonly known as residual input tax). Example includes operation over-head for a development of mixed property (properties comprise of residential & commercial).'),(22,'GP','0.00','P','Purchase transactions which disregarded under GST legislation (e.g. purchase within GST Group registration).','Purchase within GST group registration, purchase made within a Warehouse Scheme etc.'),(23,'AJP','6.00','P','Any adjustment made to Input Tax e.g.: Bad Debt Relief & other input tax adjustment.','Any adjustment made to Input Tax such as bad debt relief & other input tax adjustments.');

UNLOCK TABLES;

/*Table structure for table `tax_zero_rated` */

DROP TABLE IF EXISTS `tax_zero_rated`;

CREATE TABLE `tax_zero_rated` (
  `id` int(10) unsigned NOT NULL AUTO_INCREMENT,
  `description` text NOT NULL,
  PRIMARY KEY (`id`)
) ENGINE=InnoDB AUTO_INCREMENT=31 DEFAULT CHARSET=latin1;

/*Data for the table `tax_zero_rated` */

LOCK TABLES `tax_zero_rated` WRITE;

insert  into `tax_zero_rated`(`id`,`description`) values (1,'Livestock which includes cattle, buffalo, selembu, seladang, swine, sheep and goat'),(2,'Fresh and frozen meat, including offal, of livestock'),(3,'Live poultry and ducks'),(4,'Fresh and frozen meat, including offal, of poultry and ducks'),(5,'Chicken and duck eggs, fresh or salted'),(6,'All kinds of live, fresh, chilled and frozen fish (except for fish for ornamental use)'),(7,'Other kinds of water creatures, live, fresh, chilled and frozen such as crustaceans (crabs, prawns, shrimps), molluscs (oysters, mussels, cuttlefish, snails) and others such as sea cucumbers and jellyfish'),(8,'Fish, dried, salted or in brine, including anchovies (except smoked fish)'),(9,'Vegetables such as tomatoes, onions, cabbages, radishes, cucumber, leguminous vegetables, asparagus, mushrooms, pumpkins, potatoes, fresh, chilled or in brine'),(10,'Fresh fruits, local or imported'),(11,'Spices and herbs such as tamarind, dried chillies, black pepper, cinnamon, cloves, nutmeg and ginger'),(12,'Coconut including grated coconut'),(13,'Paddy and rice including glutinous rice, basmathi and brown rice'),(14,'Wheat flour, attar flour, rice flour, sago flour'),(15,'Lentils'),(16,'Granulated sugar including castor sugar, course and fine'),(17,'Salt'),(18,'Cooking oil from oil palm, coconut and groundnuts.'),(19,'Shrimp sauce, fish sauce and shrimp paste'),(20,'Coffee, tea and cocoa powder'),(21,'Rice vermicelli, rice noodles, yellow noodles, flat rice noodles'),(22,'White and wholemeal bread'),(23,'Baby formula age 0 to 36 months'),(24,'All types of reading materials and newspapers including student workbooks, encyclopedia, story books, novel, recipe books, reference book in all fields, books related to religion, religious texts and newspapers (except magazines and books that are not reading materials such as diaries, notebooks, log book and accounting books such as journals and ledgers)'),(25,'Expanded to include 4,215 medicine brands'),(26,'Goods supplied from mainland Malaysia to Langkawi, Labuan and Tioman'),(27,'Goods, supplies and spare parts for sea voyages and flights'),(28,'Treated water for domestic use'),(29,'Electrical supply for the first 300 units of domestic use'),(30,'Supply of raw materials and components under the Approved Manufacturers Toll Scheme');

UNLOCK TABLES;

/*!40101 SET SQL_MODE=@OLD_SQL_MODE */;
/*!40014 SET FOREIGN_KEY_CHECKS=@OLD_FOREIGN_KEY_CHECKS */;
/*!40014 SET UNIQUE_CHECKS=@OLD_UNIQUE_CHECKS */;
/*!40111 SET SQL_NOTES=@OLD_SQL_NOTES */;
